"author","title","journal","year","doi_link","article.type"
"Allen L R","Changes in Suicidality among Transgender Adolescents Following Hormone Therapy: An Extended Study","The Journal of Pediatrics",2026,"linkinghub.elsevier.com/retrieve/pii/S002234762500424X","Data Analysis"
"KulatungaMoruzi C","The Cass Review and Gender-Related Care for Young People in Canada: A Commentary on the Canadian Paediatric Society Position Statement on Transgender and Gender-Diverse Youth","Archives of Sexual Behavior",2025,"doi.org/10.1007/s10508-025-03335-8","Editorial"
"Cohn J","Censorship of Essential Debate in Gender Medicine Research","Journal of Controversial Ideas",2025,"journalofcontroversialideas.org/article/5/2/298","Editorial"
"Gohil A","Observations of the effect of gonadotropin-releasing hormone analog treatment on psychosocial well-being in transgender youth and their caregivers – a pilot study","Journal of Pediatric Endocrinology and Metabolism",2025,"www.degruyterbrill.com/document/doi/10.1515/jpem-2025-0108/html","Data Analysis"
"Kozlowska K","Obstacles to progress in paediatric gender medicine","European Journal of Developmental Psychology",2025,"www.tandfonline.com/doi/full/10.1080/17405629.2025.2546574","Editorial"
"van der Meulen I S","Sexual satisfaction and dysfunction in transgender adults following puberty suppression treatment during adolescence","The Journal of Sexual Medicine",2025,"doi.org/10.1093/jsxmed/qdaf095","Data Analysis"
"Rackliff K","“Providers had no idea what to do with me”: A mixed-methods analysis of detransition/retransition support, care, and information needs among sexual and gender minority individuals","International Journal of Transgender Health",2025,"www.tandfonline.com/doi/full/10.1080/26895269.2025.2538744","Data Analysis"
"Hutchinson A","Cass informed psychotherapy for gender distressed youth","European Journal of Developmental Psychology",2025,"www.tandfonline.com/doi/abs/10.1080/17405629.2025.2540809","Editorial"
"Anllo L","Challenges of Sexual Life after Detransition: Trauma, Disenfranchized Grief, and Unmet Needs","Journal of Sex & Marital Therapy",2025,"www.tandfonline.com/doi/full/10.1080/0092623X.2025.2531167","Editorial"
"Kaltiala R","Medical gender reassignment in minors – why are we cautious in Finland?","European Journal of Developmental Psychology",2025,"doi.org/10.1080/17405629.2025.2533168","Editorial"
"OlsonKennedy J","Mental and Emotional Health of Youth after 24 months of Gender-Affirming Medical Care Initiated with Pubertal Suppression","medRxiv",2025,"www.medrxiv.org/content/10.1101/2025.05.14.25327614v1","Preprint"
"McDeavitt K","Pediatric gender affirming care is not evidence-based","Current Sexual Health Reports",2025,"link.springer.com/10.1007/s11930-025-00404-w","Review"
"Laidlaw M K","Fertility preservation: is there a model for gender-dysphoric youth?","Frontiers in Endocrinology",2025,"www.frontiersin.org/articles/10.3389/fendo.2025.1386716/full","Review"
"Van Breukelen G J","How to improve research methodology in gender care: a non-binary choice","European Journal of Developmental Psychology",2025,"www.tandfonline.com/doi/full/10.1080/17405629.2025.2485221","Review"
"Smeehuijzen L","A Legal Assessment of the Dutch Protocol for Transgender Care to Children: Evidence, Ethics and Procedure","Family & Law",2025,"www.boomportaal.nl/doi/10.5553/FenR/.000069","Review"
"Oosthoek E D","Gender-affirming medical treatment for adolescents: A critical reflection on “effective” treatment outcomes","BMC Medical Ethics",2024,"bmcmedethics.biomedcentral.com/articles/10.1186/s12910-024-01143-8","Review"
"Miroshnychenko A","Mastectomy for individuals with gender dysphoria below 26 years of age: A systematic review and meta-analysis","Plastic and Reconstructive Surgery",2024,"journals.lww.com/10.1097/PRS.0000000000011734","Data Analysis"
"Khosravi M","Gender-affirming hormone therapy and suicide-related outcomes in transgender and gender-diverse populations: a systematic review and meta-analysis","Mental Wellness",2026,"www.mental-wellness-journal.net/mw/article/view/42","Data Analysis"
"Heathcote C","Psychosocial support interventions for children and adolescents experiencing gender dysphoria or incongruence: a systematic review","Archives of Disease in Childhood",2024,"adc.bmj.com/content/early/2024/04/09/archdischild-2023-326347","Data Analysis"
"Hall R","Impact of social transition in relation to gender for children and adolescents: a systematic review","Archives of Disease in Childhood",2024,"adc.bmj.com/content/early/2024/04/09/archdischild-2023-326112","Data Analysis"
"Miroshnychenko A","Puberty blockers for gender dysphoria in youth: A systematic review and meta-analysis","Archives of Disease in Childhood",2025,"adc.bmj.com/content/early/2025/01/29/archdischild-2024-327909","Data Analysis"
"Zepf F D","Beyond NICE: Updated systematic review on the current evidence for using puberty blockers and cross-sex hormones in minors with gender dysphoria: Electronic supplementary online materials I: adapted abbreviated English version","Zeitschrift für Kinder- und Jugendpsychiatrie und Psychotherapie",2024,"econtent.hogrefe.com/doi/suppl/10.1024/1422-4917/a000972/suppl_file/1422-4917_a000972_esm1.pdf","Data Analysis"
"Taylor J","Interventions to suppress puberty in adolescents experiencing gender dysphoria or incongruence: a systematic review","Archives of Disease in Childhood",2024,"adc.bmj.com/content/early/2024/04/09/archdischild-2023-326669","Data Analysis"
"Thompson L","A PRISMA systematic review of adolescent gender dysphoria literature: 3) treatment","PLOS Global Public Health",2023,"dx.plos.org/10.1371/journal.pgph.0001478","Data Analysis"
"Ludvigsson J F","A systematic review of hormone treatment for children with gender dysphoria and recommendations for research","Acta Paediatrica",2023,"onlinelibrary.wiley.com/doi/abs/10.1111/apa.16791","Data Analysis"
"Miroshnychenko A","Gender affirming hormone therapy for individuals with gender dysphoria aged <26 years: a systematic review and meta-analysis","Archives of Disease in Childhood",2025,"adc.bmj.com/content/early/2025/02/06/archdischild-2024-327921","Data Analysis"
"Taylor J","Masculinising and feminising hormone interventions for adolescents experiencing gender dysphoria or incongruence: a systematic review","Archives of Disease in Childhood",2024,"adc.bmj.com/content/early/2024/04/09/archdischild-2023-326670","Data Analysis"
"Moreira Allgayer R M","The Effect of Gender-Affirming Hormone Therapy on the Risk of Subclinical Atherosclerosis in the Transgender Population: A Systematic Review","Endocrine Practice",2023,"linkinghub.elsevier.com/retrieve/pii/S1530891X22009090","Data Analysis"
"Baker K E","Hormone Therapy, Mental Health, and Quality of Life Among Transgender People: A Systematic Review","Journal of the Endocrine Society",2021,"academic.oup.com/jes/article/doi/10.1210/jendso/bvab011/6126016","Data Analysis"
"DelgadoRuiz R","Systematic Review of the Long-Term Effects of Transgender Hormone Therapy on Bone Markers and Bone Mineral Density and Their Potential Effects in Implant Therapy","Journal of Clinical Medicine",2019,"www.mdpi.com/2077-0383/8/6/784","Data Analysis"
"Chew D","Hormonal Treatment in Young People With Gender Dysphoria: A Systematic Review","Pediatrics",2018,"www.academia.edu/57779740/Hormonal_Treatment_in_Young_People_With_Gender_Dysphoria_A_Systematic_Review","Data Analysis"
"Zhang Y","Quality of the World Professional Association for Transgender Health Guideline Standards of Care 8: An Appraisal Using the AGREE II Instrument","Archives of Sexual Behavior",2026,"link.springer.com/10.1007/s10508-025-03399-6","Data Analysis"
"Cihan H","Endocrine care of transgender and gender-diverse adults: Swiss recommendations","Swiss Medical Weekly",2026,"smw.ch/index.php/smw/article/view/5059","Review"
"Hannema S E","Endocrine Management of Transgender and Gender-Diverse Adolescents: Expert Opinion of the ESPE Working Group on Gender Incongruence and the Endo-ERN Main Thematic Group on Sexual Development and Maturation","Hormone Research in Paediatrics",2024,"doi.org/10.1159/000542904","Review"
"Coleman E","Standards of care for the health of transgender and gender diverse people, version 8","International Journal of Transgender Health",2022,"www.tandfonline.com/doi/full/10.1080/26895269.2022.2100644","Review"
"Cass H","Review of gender identity services for children and young people","BMJ",2022,"www.bmj.com/lookup/doi/10.1136/bmj.o629","Editorial"
"Hembree W C","Endocrine Treatment of Gender-Dysphoric/Gender-Incongruent Persons: An Endocrine Society Clinical Practice Guideline","Endocrine Practice",2017,"academic.oup.com/jcem/article/102/11/3869/4157558","Review"
"American Psychological Association","Guidelines for psychological practice with transgender and gender nonconforming people","American Psychologist",2015,"http://doi.apa.org/getdoi.cfm?doi=10.1037/a0039906","Review"
"Mason J W","The Influence of Politics on Psychological Interventions for Pediatric Gender Dysphoria","Current Opinion in Psychology",2026,"www.sciencedirect.com/science/article/pii/S2352250X26000503","Review"
"Smids J","The moral case for non-medical interventions in adolescents with gender dysphoria","European Journal of Developmental Psychology",2026,"www.tandfonline.com/doi/full/10.1080/17405629.2026.2650279","Editorial"
"Doran T","Debate: Standing up for science – how to combat misinformation in child mental health? Evidence and ideology in gender dysphoria research","Child and Adolescent Mental Health",2026,"onlinelibrary.wiley.com/doi/abs/10.1111/camh.70054","Editorial"
"McDeavitt K","Grandfather Clauses and Medical Transition—Proposed CMS Rules Should Consider Exceptions","JAMA Pediatrics",2026,"jamanetwork.com/journals/jamapediatrics/article-abstract/2849306","Editorial"
"Insalaco M E","“I’m just providing evidence-based medical care”: experiences of distress in queer and queer-adjacent clinicians providing gender-affirming care","International Journal of Transgender Health",2025,"www.tandfonline.com/doi/full/10.1080/26895269.2025.2559310","Data Analysis"
"Bayraktar Z","Iatrogenic Gender Dysphoria and Harm Cycle in Gender Affirming Care","Journal of Sex & Marital Therapy",2025,"doi.org/10.1080/0092623X.2025.2480648","Editorial"
"McDeavitt K","Paediatric gender medicine: Longitudinal studies have not consistently shown improvement in depression or suicidality","Acta Paediatrica",2024,"onlinelibrary.wiley.com/doi/10.1111/apa.17309","Review"
"Halasz G","Gender dysphoria: Reconsidering ethical and iatrogenic factors in clinical practice","Australasian Psychiatry",2023,"http://journals.sagepub.com/doi/10.1177/10398562231211130","Review"
"Byrne A","More on “Gender Identity”","Archives of Sexual Behavior",2023,"link.springer.com/10.1007/s10508-023-02695-3","Editorial"
"Byrne A","The Origin of “Gender Identity”","Archives of Sexual Behavior",2023,"link.springer.com/10.1007/s10508-023-02628-0","Editorial"
"Block J","US paediatric leaders back gender affirming approach while also ordering evidence review","BMJ News",2023,"www.bmj.com/lookup/doi/10.1136/bmj.p1877","News"
"Armitage R","Misrepresentations of evidence in “gender-affirming care is preventative care”","The Lancet Regional Health - Americas",2023,"linkinghub.elsevier.com/retrieve/pii/S2667193X23001412","Editorial"
"Restar A J","Gender-affirming care is preventative care","The Lancet Regional Health - Americas",2023,"www.thelancet.com/journals/lanam/article/PIIS2667-193X(23)00118-7/fulltext","Editorial"
"Hruz P W","A clarion call for high‐quality research on gender dysphoric youth","Acta Paediatrica",2023,"onlinelibrary.wiley.com/doi/10.1111/apa.16895","Editorial"
"Cohn J","Politics Aside, Healthcare Considerations Motivate More Caution before Medical Intervention for Trans-Identifying Youth","Journal of Controversial Ideas",2023,"journalofcontroversialideas.org/article/3/1/235","Editorial"
"Levine S B","Current Concerns About Gender-Affirming Therapy in Adolescents","Current Sexual Health Reports",2023,"link.springer.com/10.1007/s11930-023-00358-x","Review"
"Block J","Norway’s guidance on paediatric gender treatment is unsafe, says review","BMJ News",2023,"www.bmj.com/lookup/doi/10.1136/bmj.p697","News"
"Abbasi K","Caring for young people with gender dysphoria","BMJ",2023,"www.bmj.com/lookup/doi/10.1136/bmj.p553","Editorial"
"Block J","Gender dysphoria in young people is rising—and so is professional disagreement","BMJ News",2023,"www.bmj.com/content/380/bmj.p382","News"
"Gorin M","Letters to the Editor","Journal of Law, Medicine & Ethics",2023,"www.cambridge.org/core/product/identifier/S1073110523001444/type/journal_article","Editorial"
"Ruuska S M","Hormonal and surgical treatment for gender dysphoria in young people – beneﬁcial or not? [Sukupuoliahdistuksen hormonaalinen ja kirurginen hoito nuoruusiässä – hyötyä vai ei?]","Suom Lääkäril [Finnish Medical Journal]",2023,"www.laakarilehti.fi/site/assets/files/654775/article_pdf_73878.pdf","Review"
"Cohn J","Some Limitations of “Challenges in the Care of Transgender and Gender-Diverse Youth: An Endocrinologist’s View”","Journal of Sex & Marital Therapy",2022,"www.tandfonline.com/doi/full/10.1080/0092623X.2022.2160396","Review"
"Helyar S","Gender dysphoria in young people: The Interim Cass Review and its implications for nursing","Journal of Clinical Nursing",2022,"onlinelibrary.wiley.com/doi/10.1111/jocn.16553","Editorial"
"Clayton A","Gender-Affirming Treatment of Gender Dysphoria in Youth: A Perfect Storm Environment for the Placebo Effect—The Implications for Research and Clinical Practice","Archives of Sexual Behavior",2022,"link.springer.com/article/10.1007/s10508-022-02472-8","Editorial"
"Kohls G","Editorial Perspective: Medical body modification in youth with gender dysphoria or body dysmorphic disorder – is current practice coherent and evidence‐based?","Journal of Child Psychology and Psychiatry",2022,"onlinelibrary.wiley.com/doi/10.1111/jcpp.13717","Editorial"
"Block J","US transgender health guidelines leave age of treatment initiation open to clinical judgment","BMJ News",2022,"www.bmj.com/content/378/bmj.o2303","News"
"Biggs M","The Dutch Protocol for Juvenile Transsexuals: Origins and Evidence","Journal of Sex & Marital Therapy",2022,"www.tandfonline.com/doi/full/10.1080/0092623X.2022.2121238","Review"
"McIntosh B","The interim report of the Cass review into the NHS gender identity development service: a discussion","British Journal of Healthcare Management",2022,"http://www.magonlinelibrary.com/doi/10.12968/bjhc.2022.0089","Editorial"
"Balon R","Commentary on Levine et al: Festina Lente (Rush Slowly)","Journal of Sex & Marital Therapy",2022,"www.tandfonline.com/doi/full/10.1080/0092623X.2022.2055686","Editorial"
"Sinai J","Rapid onset gender dysphoria as a distinct clinical phenomenon","The Journal of Pediatrics",2022,"linkinghub.elsevier.com/retrieve/pii/S0022347622001858","Editorial"
"Clayton A","The Gender Affirmative Treatment Model for Youth with Gender Dysphoria: A Medical Advance or Dangerous Medicine?","Archives of Sexual Behavior",2022,"link.springer.com/10.1007/s10508-021-02232-0","Editorial"
"Hunter P K","Political Issues Surrounding Gender-Affirming Care for Transgender Youth","JAMA Pediatrics",2021,"jamanetwork.com/journals/jamapediatrics/fullarticle/2787009","Editorial"
"Helyar S","Gender Dysphoria in children and young people: The implications for clinical staff of the Bell V’s Tavistock Judicial Review and Appeal Ruling","Journal of Clinical Nursing",2021,"onlinelibrary.wiley.com/doi/10.1111/jocn.16164","Editorial"
"Moschella M","Trapped in the Wrong Body? Transgender Identity Claims, Body-Self Dualism, and the False Promise of Gender Reassignment Therapy","The Journal of Medicine and Philosophy: A Forum for Bioethics and Philosophy of Medicine",2021,"academic.oup.com/jmp/article/46/6/782/6448326","Review"
"Levine S B","Reflections on the Clinician’s Role with Individuals Who Self-identify as Transgender","Archives of Sexual Behavior",2021,"link.springer.com/10.1007/s10508-021-02142-1","Review"
"Lemma A","To be, or not to be? The role of the unconscious in transgender transitioning: identity, autonomy and well-being","Journal of Medical Ethics",2021,"jme.bmj.com/lookup/doi/10.1136/medethics-2021-107397","Review"
"Armitage R","The communication of evidence to inform trans youth health care","The Lancet Child & Adolescent Health",2021,"www.thelancet.com/journals/lanchi/article/PIIS2352-4642(21)00192-9/abstract","Editorial"
"OMalley S","The communication of evidence to inform trans youth health care","The Lancet Child & Adolescent Health",2021,"www.thelancet.com/journals/lanchi/article/PIIS2352-4642(21)00197-8/abstract","Editorial"
"Health T L C amp A","A flawed agenda for trans youth","The Lancet Child & Adolescent Health",2021,"www.thelancet.com/journals/lanchi/article/PIIS2352-4642(21)00139-5/fulltext","Editorial"
"Malone W J","Letter to the Editor from William J. Malone et al: “Proper Care of Transgender and Gender-diverse Persons in the Setting of Proposed Discrimination: A Policy Perspective”","The Journal of Clinical Endocrinology & Metabolism",2021,"academic.oup.com/jcem/advance-article/doi/10.1210/clinem/dgab205/6190133","Editorial"
"Walch A","Proper Care of Transgender and Gender Diverse Persons in the Setting of Proposed Discrimination: A Policy Perspective*","The Journal of Clinical Endocrinology & Metabolism",2021,"academic.oup.com/jcem/article/106/2/305/6031005","Editorial"
"Giovanardi G","Gender Diverse Children and Adolescents in Italy: A Qualitative Study on Specialized Centers’ Model of Care and Network","International Journal of Environmental Research and Public Health",2020,"www.mdpi.com/1660-4601/17/24/9536","Data Analysis"
"Claahsenvan de Grinten H L","Gender incongruence and gender dysphoria in childhood and adolescence—current insights in diagnostics, management, and follow-up","European Journal of Pediatrics",2020,"http://link.springer.com/10.1007/s00431-020-03906-y","Review"
"Bell D","First do no harm","The International Journal of Psychoanalysis",2020,"www.tandfonline.com/doi/full/10.1080/00207578.2020.1810885","Editorial"
"Evans M","Freedom to think: the need for thorough assessment and treatment of gender dysphoric children","BJPsych Bulletin",2020,"www.cambridge.org/core/journals/bjpsych-bulletin/article/freedom-to-think-the-need-for-thorough-assessment-and-treatment-of-gender-dysphoric-children/F4B7F5CAFC0D0BE9FF3C7886BA6E904B","Editorial"
"Griffin L","Sex, gender and gender identity: a re-evaluation of the evidence","BJPsych Bulletin",2020,"www.cambridge.org/core/product/identifier/S205646942000073X/type/journal_article","Editorial"
"Cantor J M","Transgender and Gender Diverse Children and Adolescents: Fact-Checking of AAP Policy","Journal of Sex & Marital Therapy",2020,"www.tandfonline.com/doi/full/10.1080/0092623X.2019.1698481","Editorial"
"Entwistle K","Debate: Reality check – Detransitioner's testimonies require us to rethink gender dysphoria","Child and Adolescent Mental Health",2020,"onlinelibrary.wiley.com/doi/abs/10.1111/camh.12380","Editorial"
"Byng R","Gender dysphoria: scientific oversight falling between responsible institutions should worry us all","BMJ",2019,"www.bmj.com/lookup/doi/10.1136/bmj.l6439","Editorial"
"de Graaf N M","Reflections on emerging trends in clinical work with gender diverse children and adolescents","Clinical Child Psychology and Psychiatry",2019,"http://journals.sagepub.com/doi/10.1177/1359104518812924","Review"
"Laidlaw M K","The Right to Best Care for Children Does Not Include the Right to Medical Transition","The American Journal of Bioethics",2019,"www.tandfonline.com/doi/full/10.1080/15265161.2018.1557288","Editorial"
"Byng R","Redesigning gender identity services: an opportunity to generate evidence","BMJ",2018,"www.bmj.com/lookup/doi/10.1136/bmj.k4490","Editorial"
"Levine S B","Ethical Concerns About Emerging Treatment Paradigms for Gender Dysphoria","Journal of Sex & Marital Therapy",2018,"www.tandfonline.com/doi/full/10.1080/0092623X.2017.1309482","Editorial"
"Cavve B S","Twenty-five is not a neurobiologically determined age of maturity for gender-affirming medical decision-making","Psychoneuroendocrinology",2025,"www.sciencedirect.com/science/article/pii/S0306453025002781","Editorial"
"Levine S B","What Are We Doing to These Children? Response to Drescher, Clayton, and Balon Commentaries on Levine et al., 2022","Journal of Sex & Marital Therapy",2022,"www.tandfonline.com/doi/full/10.1080/0092623X.2022.2136117","Editorial"
"Clayton A","Commentary on Levine: A Tale of Two Informed Consent Processes","Journal of Sex & Marital Therapy",2022,"www.tandfonline.com/doi/full/10.1080/0092623X.2022.2070565","Editorial"
"Levine S B","Reconsidering Informed Consent for Trans-Identified Children, Adolescents, and Young Adults","Journal of Sex & Marital Therapy",2022,"www.tandfonline.com/doi/full/10.1080/0092623X.2022.2046221","Review"
"Giordano S","Gender dysphoria in adolescents: can adolescents or parents give valid consent to puberty blockers?","Journal of Medical Ethics",2021,"jme.bmj.com/lookup/doi/10.1136/medethics-2020-106999","Review"
"Levine S B","Informed Consent for Transgendered Patients","Journal of Sex & Marital Therapy",2019,"www.tandfonline.com/doi/full/10.1080/0092623X.2018.1518885","Review"
"Zucker K J","Debate: Different strokes for different folks","Child and Adolescent Mental Health",2020,"onlinelibrary.wiley.com/doi/abs/10.1111/camh.12330","Editorial"
"Schuurman G S","From Concept to Protocol: Iterative Approach of a Target Trial Emulation on GnRH Analogue Safety in Transgender and Gender Diverse Youth","European Journal of Endocrinology",2026,"doi.org/10.1093/ejendo/lvag105","Data Analysis"
"Giordano S","Why Do the Bells Toll?: How to Understand and Address the Disputes Around Evidence in Support of the Use of Puberty Blockers for Young People with Gender Incongruence/Dysphoria","Journal of Bioethical Inquiry",2026,"link.springer.com/10.1007/s11673-026-10556-6","Review"
"Jorgensen S C J","Safeguarding Gaps in the PATHWAYS Trial: Insights from GnRH Analogue Use in Gynecology","Journal of Sex & Marital Therapy",2026,"www.tandfonline.com/doi/full/10.1080/0092623X.2026.2641107","Editorial"
"Jorgensen S C J","Puberty Suppression for Pediatric Gender Dysphoria and the Child’s Right to an Open Future","Archives of Sexual Behavior",2024,"link.springer.com/10.1007/s10508-024-02850-4","Review"
"Smids J","[Uncertainties around the current gender care: five problems with the clinical lesson 'Youth with gender incongruence']","Nederlands Tijdschrift Voor Geneeskunde",2023,"www.ntvg.nl/artikelen/onzekerheden-rond-de-huidige-genderzorg","Editorial"
"Abbruzzese E","The Myth of “Reliable Research” in Pediatric Gender Medicine: A critical evaluation of the Dutch Studies—and research that has followed","Journal of Sex & Marital Therapy",2023,"www.tandfonline.com/doi/full/10.1080/0092623X.2022.2150346","Editorial"
"Kulesa R","Toward a Standard of Medical Care: Why Medical Professionals Can Refuse to Prescribe Puberty Blockers","The New Bioethics",2022,"www.tandfonline.com/doi/full/10.1080/20502877.2022.2137906","Review"
"Latham A","Puberty Blockers for Children: Can They Consent?","The New Bioethics",2022,"www.tandfonline.com/doi/full/10.1080/20502877.2022.2088048","Review"
"Jorgensen S C J","Puberty blockers for gender dysphoric youth: A lack of sound science","Journal of the American College of Clinical Pharmacy",2022,"accpjournals.onlinelibrary.wiley.com/doi/full/10.1002/jac5.1691","Editorial"
"Clayton A","Commentary: The Signal and the Noise—questioning the benefits of puberty blockers for youth with gender dysphoria—a commentary on Rew et al. (2021)","Child and Adolescent Mental Health",2021,"onlinelibrary.wiley.com/doi/10.1111/camh.12533","Editorial"
"Malone W J","Puberty blockers for gender dysphoria: the science is far from settled","The Lancet Child & Adolescent Health",2021,"linkinghub.elsevier.com/retrieve/pii/S2352464221002352","Editorial"
"Biggs M","Revisiting the effect of GnRH analogue treatment on bone mineral density in young adolescents with gender dysphoria","Journal of pediatric endocrinology & metabolism: JPEM",2021,"www.degruyter.com/document/doi/10.1515/jpem-2021-0180/html","Editorial"
"Dyer C","Puberty blockers do not alleviate negative thoughts in children with gender dysphoria, finds study","BMJ",2021,"www.bmj.com/lookup/doi/10.1136/bmj.n356","News"
"DAngelo R","Who is Phoenix?","Journal of Medical Ethics",2020,"jme.bmj.com/lookup/doi/10.1136/medethics-2020-106822","Editorial"
"Biggs M","Gender Dysphoria and Psychological Functioning in Adolescents Treated with GnRHa: Comparing Dutch and English Prospective Studies","Archives of Sexual Behavior",2020,"http://link.springer.com/10.1007/s10508-020-01764-1","Editorial"
"de Vries A L C","Challenges in Timing Puberty Suppression for Gender-Nonconforming Adolescents","Pediatrics",2020,"http://pediatrics.aappublications.org/lookup/doi/10.1542/peds.2020-010611","Editorial"
"Biggs M","Puberty Blockers and Suicidality in Adolescents Suffering from Gender Dysphoria","Archives of Sexual Behavior",2020,"http://link.springer.com/10.1007/s10508-020-01743-6","Editorial"
"Notini L","Forever young? The ethics of ongoing puberty suppression for non-binary adults","Journal of Medical Ethics",2020,"jme.bmj.com/lookup/doi/10.1136/medethics-2019-106012","Case Study"
"Biggs M","A Letter to the Editor Regarding the Original Article by Costa et al: Psychological Support, Puberty Suppression, and Psychosocial Functioning in Adolescents with Gender Dysphoria","The Journal of Sexual Medicine",2019,"www.researchgate.net/publication/337668272_A_Letter_to_the_Editor_Regarding_the_Original_Article_by_Costa_et_al_Psychological_Support_Puberty_Suppression_and_Psychosocial_Functioning_in_Adolescents_with_Gender_Dysphoria","Editorial"
"Richards C","Use of puberty blockers for gender dysphoria: a momentous step in the dark","Archives of Disease in Childhood",2019,"adc.bmj.com/content/104/6/611","Editorial"
"Giovanardi G","Buying time or arresting development? The dilemma of administering hormone blockers in trans children and adolescents:","Porto Biomedical Journal",2017,"http://journals.lww.com/02054639-201709000-00008","Editorial"
"Pimenoff V","On the Care of Transsexuals in Finland","International Journal of Transgenderism",2006,"http://www.tandfonline.com/doi/abs/10.1300/J485v09n02_04","Review"
"Hruz P W","Growing Pains","The New Atlantis",2017,"www.thenewatlantis.com/publications/growing-pains","Review"
"Biggs M","Correspondence: Psychosocial Functioning in Transgender Youth after Hormones","New England Journal of Medicine",2023,"doi.org/10.1056/nejmc2302030","Editorial"
"Laidlaw M K","Letter to the Editor from Laidlaw et al: “Erythrocytosis in a Large Cohort of Transgender Men Using Testosterone: A Long-Term Follow-Up Study on Prevalence, Determinants, and Exposure Years”","The Journal of Clinical Endocrinology & Metabolism",2021,"academic.oup.com/jcem/advance-article/doi/10.1210/clinem/dgab514/6326472","Editorial"
"Laidlaw M K","Letter to the Editor: “Endocrine Treatment of Gender-Dysphoric/Gender-Incongruent Persons: An Endocrine Society Clinical Practice Guideline”","The Journal of Clinical Endocrinology & Metabolism",2019,"academic.oup.com/jcem/article/104/3/686/5198654","Editorial"
"Heneghan Carl Jefferson Tom","Gender-affirming hormone in children and adolescents","BMJ Blogs",2019,"blogs.bmj.com/bmjebmspotlight/2019/02/25/gender-affirming-hormone-in-children-and-adolescents-evidence-review/","Blog"
"Korte A","Gender Identity Disorders in Childhood and Adolescence","Deutsches Ärzteblatt International",2008,"www.aerzteblatt.de/int/archive/article/62554","Review"
"Diana P","Nonmedical Gender-Affirming Practices in Transgender and Gender Diverse Adolescents: A Narrative Review","Transgender Health",2026,"doi.org/10.1089/trgh.2023.0194","Review"
"deMayo B E","Stability and Change in Gender Identity and Sexual Orientation Across Childhood and Adolescence","Monographs of the Society for Research in Child Development",2025,"srcd.onlinelibrary.wiley.com/doi/10.1111/mono.12479","Review"
"Morandini J S","Is Social Gender Transition Associated with Mental Health Status in Children and Adolescents with Gender Dysphoria?","Archives of Sexual Behavior",2023,"link.springer.com/10.1007/s10508-023-02588-5","Data Analysis"
"Olson K R","Gender Identity 5 Years After Social Transition","Pediatrics",2022,"publications.aap.org/pediatrics/article/doi/10.1542/peds.2021-056082/186992/Gender-Identity-5-Years-After-Social-Transition","Data Analysis"
"Sievert E D","Not social transition status, but peer relations and family functioning predict psychological functioning in a German clinical sample of children with Gender Dysphoria","Clinical Child Psychology and Psychiatry",2020,"http://journals.sagepub.com/doi/10.1177/1359104520964530","Data Analysis"
"Pollitt A M","Predictors and Mental Health Benefits of Chosen Name Use Among Transgender Youth","Youth & Society",2019,"http://journals.sagepub.com/doi/10.1177/0044118X19855898","Data Analysis"
"Wong W I","Childhood social gender transition and psychosocial well-being: A comparison to cisgender gender-variant children","Clinical Practice in Pediatric Psychology",2019,"journals.sagepub.com/doi/10.1037/cpp0000295","Data Analysis"
"Russell S T","Chosen Name Use Is Linked to Reduced Depressive Symptoms, Suicidal Ideation, and Suicidal Behavior Among Transgender Youth","The Journal of Adolescent Health: Official Publication of the Society for Adolescent Medicine",2018,"www.jahonline.org/article/S1054-139X(18)30085-5/fulltext","Data Analysis"
"Durwood L","Mental Health and Self-Worth in Socially Transitioned Transgender Youth","Journal of the American Academy of Child & Adolescent Psychiatry",2017,"www.jaacap.org/article/S0890-8567(16)31941-4/abstract","Data Analysis"
"Peitzmeier S","Health impact of chest binding among transgender adults: a community-engaged, cross-sectional study","Culture, Health & Sexuality",2017,"www.tandfonline.com/doi/full/10.1080/13691058.2016.1191675","Data Analysis"
"Cumming R","P257 Understanding the effects on lung function of chest binder use in the transgender population","Thorax",2016,"thorax.bmj.com/lookup/doi/10.1136/thoraxjnl-2016-209333.400","Conference Abstract"
"Olson K R","Mental Health of Transgender Children Who Are Supported in Their Identities","Pediatrics",2016,"http://pediatrics.aappublications.org/lookup/doi/10.1542/peds.2015-3223","Data Analysis"
"Steensma T D","Factors Associated With Desistence and Persistence of Childhood Gender Dysphoria: A Quantitative Follow-Up Study","Journal of the American Academy of Child & Adolescent Psychiatry",2013,"linkinghub.elsevier.com/retrieve/pii/S0890856713001871","Data Analysis"
"de Vries A L C","Clinical management of gender dysphoria in children and adolescents: the Dutch approach","Journal of Homosexuality",2012,"www.tandfonline.com/doi/abs/10.1080/00918369.2012.653300","Review"
"Steensma T D","Gender Transitioning before Puberty?","Archives of Sexual Behavior",2011,"http://link.springer.com/10.1007/s10508-011-9752-2","Editorial"
"McDeavitt K","Three decades of ‘Dutch Protocol’ research has not produced reliable evidence","European Journal of Developmental Psychology",2026,"doi.org/10.1080/17405629.2026.2680285","Editorial"
"Gray M","Gender-affirming care for transgender and gender-diverse youth in Oregon: trends over time","Research Connections",2026,"academic.oup.com/rescon/article/doi/10.1093/rescon/vmag049/8657075","Data Analysis"
"Maeda J L K","Gender-Related Care and Spending Among Youth in Medicaid and Children’s Health Insurance Program","JAMA Pediatrics",2026,"doi.org/10.1001/jamapediatrics.2025.6315","Data Analysis"
"de Vries A L C","The Dutch approach for transgender adolescents; past, present and future perspectives","European Journal of Developmental Psychology",2026,"www.tandfonline.com/doi/full/10.1080/17405629.2026.2615311","Review"
"McPherson S","Psychological Outcomes of 12-15-Year-Olds with Gender Dysphoria Receiving Pubertal Suppression in the UK: Assessing Reliable and Clinically Significant Change","Journal of Sex & Marital Therapy",2023,"www.tandfonline.com/doi/full/10.1080/0092623X.2023.2281986","Data Analysis"
"van der Loos M A T C","Continuation of gender-affirming hormones in transgender people starting puberty suppression in adolescence: a cohort study in the Netherlands","The Lancet Child & Adolescent Health",2022,"pubmed.ncbi.nlm.nih.gov/36273487/","Data Analysis"
"Vrouenraets L J J J","Medical decision-making competence regarding puberty suppression: perceptions of transgender adolescents, their parents and clinicians","European Child & Adolescent Psychiatry",2022,"link.springer.com/10.1007/s00787-022-02076-6","Data Analysis"
"Tordoff D M","Mental health outcomes in transgender and nonbinary youths receiving gender-affirming care","JAMA Network Open",2022,"jamanetwork.com/journals/jamanetworkopen/fullarticle/2789423","Data Analysis"
"Carmichael P","Short-term outcomes of pubertal suppression in a selected cohort of 12 to 15 year old young people with persistent gender dysphoria in the UK","PLOS ONE",2021,"dx.plos.org/10.1371/journal.pone.0243894","Data Analysis"
"Russell I","A Longitudinal Study of Features Associated with Autism Spectrum in Clinic Referred, Gender Diverse Adolescents Accessing Puberty Suppression Treatment","Journal of Autism and Developmental Disorders",2021,"http://link.springer.com/10.1007/s10803-020-04698-8","Data Analysis"
"Bungener S L","Sexual Experiences of Young Transgender Persons During and After Gender-Affirmative Treatment","Pediatrics",2020,"http://pediatrics.aappublications.org/lookup/doi/10.1542/peds.2019-1411","Data Analysis"
"Schagen S E E","Bone Development in Transgender Adolescents Treated With GnRH Analogues and Subsequent Gender-Affirming Hormones","The Journal of Clinical Endocrinology & Metabolism",2020,"academic.oup.com/jcem/article/doi/10.1210/clinem/dgaa604/5903559","Data Analysis"
"Achille C","Longitudinal impact of gender-affirming endocrine intervention on the mental health and well-being of transgender youths: preliminary results","International Journal of Pediatric Endocrinology",2020,"ijpeonline.biomedcentral.com/articles/10.1186/s13633-020-00078-2","Data Analysis"
"Schneider M A","Brain Maturation, Cognition and Voice Pattern in a Gender Dysphoria Case under Pubertal Suppression","Frontiers in Human Neuroscience",2017,"http://journal.frontiersin.org/article/10.3389/fnhum.2017.00528/full","Data Analysis"
"Vlot M C","Effect of pubertal suppression and cross-sex hormone therapy on bone turnover markers and bone mineral apparent density (BMAD) in transgender adolescents","Bone",2017,"linkinghub.elsevier.com/retrieve/pii/S8756328216303337","Data Analysis"
"Schagen S E E","Efficacy and Safety of Gonadotropin-Releasing Hormone Agonist Treatment to Suppress Puberty in Gender Dysphoric Adolescents","The Journal of Sexual Medicine",2016,"linkinghub.elsevier.com/retrieve/pii/S1743609516302193","Data Analysis"
"Klink D T","Bone Mass in Young Adulthood Following Gonadotropin-Releasing Hormone Analog Treatment and Cross-Sex Hormone Treatment in Adolescents With Gender Dysphoria","The Journal of Clinical Endocrinology & Metabolism",2015,"academic.oup.com/jcem/article-lookup/doi/10.1210/jc.2014-2439","Data Analysis"
"Costa R","Psychological Support, Puberty Suppression, and Psychosocial Functioning in Adolescents with Gender Dysphoria","The Journal of Sexual Medicine",2015,"https://doi.org/10.1111/jsm.13034","Data Analysis"
"de Vries A L C","Young Adult Psychological Outcome After Puberty Suppression and Gender Reassignment","Pediatrics",2014,"http://pediatrics.aappublications.org/cgi/doi/10.1542/peds.2013-2958","Data Analysis"
"de Vries A L C","Puberty Suppression in Adolescents With Gender Identity Disorder: A Prospective Follow‐Up Study","The Journal of Sexual Medicine",2011,"linkinghub.elsevier.com/retrieve/pii/S1743609515336171","Data Analysis"
"CohenKettenis P T","Puberty Suppression in a Gender-Dysphoric Adolescent: A 22-Year Follow-Up","Archives of Sexual Behavior",2011,"http://link.springer.com/10.1007/s10508-011-9758-9","Case Study"
"Ortmann O","Gonadotrophin-releasing hormone (GnRH) and GnRH agonists: mechanisms of action","Reproductive BioMedicine Online",2002,"www.rbmojournal.com/article/S1472-6483(11)60210-1/abstract","Data Analysis"
"Schunder C","Retrospective Cohort Study of Transgender Adolescents at Strasbourg University Hospital","Children",2026,"www.mdpi.com/2227-9067/13/6/789","Data Analysis"
"Skeith L","Sex Hormone Influences on Venous Thrombotic and Cardiovascular Risk","New England Journal of Medicine",2026,"www.nejm.org/doi/full/10.1056/NEJMra2202438","Review"
"van Zijverden L M","Socioeconomic status among Dutch adults using gender-affirming hormone therapy: comparison with the general population and trajectories around hormone therapy initiation","International Journal of Transgender Health",2026,"doi.org/10.1080/26895269.2026.2636978","Data Analysis"
"Huit T Z","Anger, Aggression, and Irritability in Transgender and Gender Diverse Youth Following Testosterone Initiation: A 12-Month Longitudinal Analysis","Journal of Adolescent Health",2026,"www.jahonline.org/article/S1054-139X(25)00827-4/","Data Analysis"
"Allgayer R M","Heart rate variability in transgender people receiving Gender-Affirming hormone therapy","Endocrine",2026,"link.springer.com/article/10.1007/s12020-025-04512-4","Data Analysis"
"Viana D P D C","Cardiovascular mortality associated with testosterone therapy in cisgender women and transgender men: a systematic review","Frontiers in Endocrinology",2026,"www.frontiersin.org/journals/endocrinology/articles/10.3389/fendo.2026.1789504/full","Data Analysis"
"Saxby K","All-cause and cause-specific mortality among transgender and gender diverse people: a nationwide cohort study in Australia","The Lancet Regional Health – Western Pacific",2026,"www.thelancet.com/journals/lanwpc/article/PIIS2666-6065(26)00017-9/fulltext","Data Analysis"
"Ciancia S","Effects of gender-affirming hormone therapy from adolescence to adulthood on bone mineral density, body composition and muscle strength","eClinicalMedicine",2026,"linkinghub.elsevier.com/retrieve/pii/S2589537025006595","Data Analysis"
"RojasOviedo J L","Cerebral Venous Sinus Thrombosis Associated With Testosterone Use as Gender-Affirming Hormone Therapy in a Transgender Patient: Case Report and Literature Review","Clinical Case Reports",2026,"onlinelibrary.wiley.com/doi/abs/10.1002/ccr3.72714","Case Study"
"Schwartz L","Emerging and accumulating safety signals for the use of estrogen among transgender women","Discover Mental Health",2025,"doi.org/10.1007/s44192-025-00216-3","Review"
"Da Silva L M B","Pelvic Floor Dysfunction in Transgender Men on Gender-affirming Hormone Therapy: A Descriptive Cross-sectional Study","International Urogynecology Journal",2024,"link.springer.com/10.1007/s00192-024-05779-3","Data Analysis"
"Morssinkhof M W","Changes in depression symptom profile with gender-affirming hormone use in transgender persons","Journal of Affective Disorders",2024,"linkinghub.elsevier.com/retrieve/pii/S0165032723015252","Data Analysis"
"Boogers L S","The dose-dependent effect of estrogen on bone mineral density in trans girls","European Journal of Endocrinology",2023,"academic.oup.com/ejendo/advance-article/doi/10.1093/ejendo/lvad116/7244658","Data Analysis"
"Gupta P","Adherence to Gender Affirming Hormone Therapy in Transgender Adolescents and Adults: A Retrospective Cohort Study","The Journal of Clinical Endocrinology & Metabolism",2023,"academic.oup.com/jcem/advance-article/doi/10.1210/clinem/dgad306/7184149","Data Analysis"
"Chen D","Psychosocial functioning in transgender youth after 2 years of hormones","New England Journal of Medicine",2023,"http://www.nejm.org/doi/10.1056/NEJMoa2206297","Data Analysis"
"Millington K","The effect of gender-affirming hormone treatment on serum creatinine in transgender and gender-diverse youth: implications for estimating GFR","Pediatric Nephrology",2022,"link.springer.com/article/10.1007/s00467-022-05445-0","Data Analysis"
"Roberts C M","Continuation of Gender-affirming Hormones Among Transgender Adolescents and Adults","The Journal of Clinical Endocrinology & Metabolism",2022,"academic.oup.com/jcem/advance-article/doi/10.1210/clinem/dgac251/6572526","Data Analysis"
"Islam N","Is There a Link Between Hormone Use and Diabetes Incidence in Transgender People? Data from the STRONG Cohort","The Journal of Clinical Endocrinology & Metabolism",2021,"academic.oup.com/jcem/article/107/4/e1549/6429721","Data Analysis"
"Shirazi T N","Timing of peripubertal steroid exposure predicts visuospatial cognition in men: Evidence from three samples","Hormones and Behavior",2020,"linkinghub.elsevier.com/retrieve/pii/S0018506X20300386","Data Analysis"
"Kaltiala R","Adolescent development and psychosocial functioning after starting cross-sex hormones for gender dysphoria","Nordic Journal of Psychiatry",2020,"www.tandfonline.com/doi/full/10.1080/08039488.2019.1691260","Data Analysis"
"Shadid S","Effects of Gender-Affirming Hormone Therapy on Insulin Sensitivity and Incretin Responses in Transgender People","Diabetes Care",2020,"diabetesjournals.org/care/article/43/2/411/36004/Effects-of-Gender-Affirming-Hormone-Therapy-on","Data Analysis"
"Dobrolińska M","Bone Mineral Density in Transgender Individuals After Gonadectomy and Long-Term Gender-Affirming Hormonal Treatment","The Journal of Sexual Medicine",2019,"linkinghub.elsevier.com/retrieve/pii/S174360951931238X","Data Analysis"
"Stoffers I E","Physical changes, laboratory parameters, and bone mineral density during testosterone treatment in adolescents with gender dysphoria","The Journal of Sexual Medicine",2019,"www.sciencedirect.com/science/article/abs/pii/S1743609519312731","Data Analysis"
"Nota N M","Occurrence of Acute Cardiovascular Events in Transgender Individuals Receiving Hormone Therapy: Results From a Large Cohort Study","Circulation",2019,"www.ahajournals.org/doi/10.1161/CIRCULATIONAHA.118.038584","Data Analysis"
"Getahun D","Cross-sex Hormones and Acute Cardiovascular Events in Transgender Persons","Annals of internal medicine",2018,"www.ncbi.nlm.nih.gov/pmc/articles/PMC6636681/","Data Analysis"
"Nota N M","The occurrence of benign brain tumours in transgender individuals during cross-sex hormone treatment","Brain",2018,"academic.oup.com/brain/article/141/7/2047/4983052","Data Analysis"
"OlsonKennedy J","Physiologic Response to Gender-Affirming Hormones Among Transgender Youth","Journal of Adolescent Health",2018,"linkinghub.elsevier.com/retrieve/pii/S1054139X17304123","Data Analysis"
"Kranz G S","Effects of testosterone treatment on hypothalamic neuroplasticity in female-to-male transgender individuals","Brain Structure & Function",2018,"link.springer.com/article/10.1007/s00429-017-1494-z","Data Analysis"
"Bos P A","Testosterone reduces functional connectivity during the ‘Reading the Mind in the Eyes’ Test","Psychoneuroendocrinology",2016,"pmc.ncbi.nlm.nih.gov/articles/PMC6345363/","Data Analysis"
"Straub J J","Risk of Suicide and Self-Harm Following Gender-Affirmation Surgery","Cureus",2024,"www.cureus.com/articles/201512-risk-of-suicide-and-self-harm-following-gender-affirmation-surgery","Data Analysis"
"Meece M S","Major complications of sigmoid vaginoplasty: a case series","Journal of Surgical Case Reports",2023,"academic.oup.com/jscr/article/doi/10.1093/jscr/rjad333/7195771","Data Analysis"
"Barger B T","Non-typhoidal Salmonella soft-tissue infection after gender affirming subcutaneous mastectomy case report","Case Reports in Plastic Surgery & Hand Surgery",2023,"www.tandfonline.com/doi/10.1080/23320885.2023.2185621","Case Study"
"Ring A","Confounding Effects on Mental Health Observations After Sex Reassignment Surgery","American Journal of Psychiatry",2020,"http://ajp.psychiatryonline.org/doi/10.1176/appi.ajp.2020.19111169","Editorial"
"Cuccolo N G","Mastectomy in Transgender and Cisgender Patients: A Comparative Analysis of Epidemiology and Postoperative Outcomes","Plastic and Reconstructive Surgery - Global Open",2019,"journals.lww.com/01720096-201906000-00007","Data Analysis"
"Wilson S C","Masculinizing Top Surgery: A Systematic Review of Techniques and Outcomes","Annals of Plastic Surgery",2018,"journals.lww.com/annalsplasticsurgery/abstract/2018/06000/masculinizing_top_surgery__a_systematic_review_of.18.aspx","Data Analysis"
"OlsonKennedy J","Chest Reconstruction and Chest Dysphoria in Transmasculine Minors and Young Adults: Comparisons of Nonsurgical and Postsurgical Cohorts","JAMA Pediatrics",2018,"http://archpedi.jamanetwork.com/article.aspx?doi=10.1001/jamapediatrics.2017.5440","Data Analysis"
"Agarwal C A","Quality of life improvement after chest wall masculinization in female-to-male transgender patients: A prospective study using the BREAST-Q and Body Uneasiness Test","Journal of Plastic, Reconstructive & Aesthetic Surgery",2018,"www.researchgate.net/publication/394441514_Improvement_in_Quality_of_Life_in_Transmasculine_Individuals_After_Chest_Masculinization_Surgery","Review"
"van de Grift T C","Body Image in Transmen: Multidimensional Measurement and the Effects of Mastectomy","The Journal of Sexual Medicine",2016,"www.sciencedirect.com/science/article/pii/S1743609516304052?via%3Dihub","Data Analysis"
"Dhejne C","An Analysis of All Applications for Sex Reassignment Surgery in Sweden, 1960–2010: Prevalence, Incidence, and Regrets","Archives of Sexual Behavior",2014,"http://link.springer.com/10.1007/s10508-014-0300-8","Data Analysis"
"Smith Y L","Adolescents With Gender Identity Disorder Who Were Accepted or Rejected for Sex Reassignment Surgery: A Prospective Follow-up Study","Journal of the American Academy of Child & Adolescent Psychiatry",2001,"linkinghub.elsevier.com/retrieve/pii/S089085670960397X","Data Analysis"
"Kirkpatrick M","Treatment of requests for sex-change surgery with psychotherapy","American Journal of Psychiatry",1976,"http://ajp.psychiatryonline.org/doi/10.1176/ajp.133.10.1194","Data Analysis"
"Neuville P","Urethral complications after gender-affirming genital surgery: prevention and reconstructive management","Current Opinion in Urology",2026,"journals.lww.com/co-urology/abstract/9900/urethral_complications_after_gender_affirming.333.aspx","Review"
"Haley C","Patient-Reported Outcomes and Body Mass Index in Adolescents and Young Adults After Gender-Affirming Chest Surgery: A Single-Center Cross-Sectional Study","Annals of Surgery Open",2026,"journals.lww.com/aosopen/fulltext/2026/06000/patient_reported_outcomes_and_body_mass_index_in.28.aspx","Data Analysis"
"Barouti K","Bone health in gender-diverse individuals: current challenges and future directions","Hormones",2026,"doi.org/10.1007/s42000-026-00793-0","Review"
"van der Loos M A T C","Bone Mineral Density in Transgender Adolescents Treated With Puberty Suppression and Subsequent Gender-Affirming Hormones","JAMA Pediatrics",2023,"jamanetwork.com/journals/jamapediatrics/fullarticle/2811155","Data Analysis"
"Ciancia S","Impact of gender-affirming treatment on bone health in transgender and gender diverse youth","Endocrine Connections",2022,"ec.bioscientifica.com/view/journals/ec/11/11/EC-22-0280.xml","Review"
"Nasomyont N","Changes in Bone Marrow Adipose Tissue in Transgender and Gender Non-Conforming Youth Undergoing Pubertal Suppression: A Pilot Study","Journal of Clinical Densitometry",2022,"linkinghub.elsevier.com/retrieve/pii/S1094695022000713","Data Analysis"
"Lee J Y","Low Bone Mineral Density in Early Pubertal Transgender/Gender Diverse Youth: Findings From the Trans Youth Care Study","Journal of the Endocrine Society",2020,"academic.oup.com/jes/article/doi/10.1210/jendso/bvaa065/5866143","Data Analysis"
"Joseph T","The effect of GnRH analogue treatment on bone mineral density in young adolescents with gender dysphoria: findings from a large national cohort","Journal of Pediatric Endocrinology and Metabolism",2019,"http://www.degruyter.com/view/j/jpem.2019.32.issue-10/jpem-2019-0046/jpem-2019-0046.xml","Data Analysis"
"Stevenson M O","Osteoporosis and Bone Health in Transgender Persons","Endocrinology and Metabolism Clinics of North America",2019,"www.ncbi.nlm.nih.gov/pmc/articles/PMC6487870/","Review"
"Rothman M S","Bone Health in the Transgender Population","Clinical Reviews in Bone and Mineral Metabolism",2019,"http://link.springer.com/10.1007/s12018-019-09261-3","Review"
"Bailie E","The ovaries of transgender men indicate effects of high dose testosterone on the primordial and early growing follicle pool","Reproduction and Fertility",2023,"raf.bioscientifica.com/view/journals/raf/4/2/RAF-22-0102.xml","Data Analysis"
"Stolk T","Desire for children and fertility preservation in transgender and gender-diverse people: A systematic review","Best Practice & Research Clinical Obstetrics & Gynaecology",2023,"linkinghub.elsevier.com/retrieve/pii/S1521693423000019","Review"
"Mayhew A C","Fertility Options for the Transgender and Gender Nonbinary Patient","The Journal of Clinical Endocrinology and Metabolism",2020,"academic.oup.com/jcem/article/105/10/3335/5892794","Review"
"Pang K C","Rates of Fertility Preservation Use Among Transgender Adolescents","JAMA Pediatrics",2020,"jamanetwork.com/journals/jamapediatrics/fullarticle/2764075","Data Analysis"
"Dulohery K","How do elevated levels of testosterone affect the function of the human fallopian tube and fertility?—New insights","Molecular Reproduction and Development",2020,"onlinelibrary.wiley.com/doi/abs/10.1002/mrd.23291","Data Analysis"
"Baram S","Fertility preservation for transgender adolescents and young adults: a systematic review","Human Reproduction Update",2019,"academic.oup.com/humupd/article/25/6/694/5601536","Data Analysis"
"Leung A","Assisted reproductive technology outcomes in female-to-male transgender patients compared with cisgender patients: a new frontier in reproductive medicine","Fertility and Sterility",2019,"www.fertstert.org/article/S0015-0282(19)30619-3/fulltext","Data Analysis"
"Cheng P J","Fertility concerns of the transgender patient","Translational Andrology and Urology",2019,"http://tau.amegroups.com/article/view/26091/24253","Review"
"Mattawanon N","Fertility preservation options in transgender people: A review","Reviews in Endocrine and Metabolic Disorders",2018,"http://link.springer.com/10.1007/s11154-018-9462-3","Review"
"Bizic M R","Gender Dysphoria: Bioethical Aspects of Medical Treatment","BioMed Research International",2018,"www.hindawi.com/journals/bmri/2018/9652305/","Review"
"Nahata L","Low Fertility Preservation Utilization Among Transgender Youth","The Journal of Adolescent Health: Official Publication of the Society for Adolescent Medicine",2017,"www.jahonline.org/article/S1054-139X(16)30958-2/fulltext","Data Analysis"
"Delemarrevan de Waal H A","Clinical management of gender identity disorder in adolescents: a protocol on psychological and paediatric endocrinology aspects","European Journal of Endocrinology",2006,"academic.oup.com/ejendo/article-abstract/155/Supplement_1/S131/6695708?redirectedFrom=fulltext","Data Analysis"
"Petriceks A C","Fertility preservation in transgender youth from initial counseling through preservation procedures: A retrospective cross-sectional study","Journal of Pediatric and Adolescent Gynecology",2026,"www.jpagonline.org/article/S1083-3188(26)00005-7/abstract","Data Analysis"
"Ponce M D R","Semen Quality in Transgender Individuals Seeking Fertility Preservation","Andrology",2026,"onlinelibrary.wiley.com/doi/abs/10.1111/andr.70268","Data Analysis"
"van Heesewijk J O","Appraisal of Sexual Life Among Midlife and Older Transgender People in The Netherlands Receiving Long-Term Gender-Affirming Medical Care","Journal of Sex & Marital Therapy",2026,"doi.org/10.1080/0092623X.2026.2662324","Data Analysis"
"Mesnard B","Sexuality and erectile function in transgender women prior to gender-affirming surgery: a descriptive study","The Journal of Sexual Medicine",2026,"doi.org/10.1093/jsxmed/qdag125","Data Analysis"
"Rahman S","Clitoral sensation and report of orgasm following vulvoplasty and vaginoplasty surgery in transgender women","The Journal of Sexual Medicine",2025,"https://doi.org/10.1093/jsxmed/qdaf290","Data Analysis"
"Tordoff D M","Testosterone use and sexual function among transgender men and gender diverse people assigned female at birth","American Journal of Obstetrics and Gynecology",2023,"linkinghub.elsevier.com/retrieve/pii/S0002937823006051","Data Analysis"
"Azzi M","Changes in cardiometabolic risk factors in transmasculine individuals over 10 years of Gender-Affirming Hormone Therapy","Journal of Endocrinological Investigation",2026,"doi.org/10.1007/s40618-026-02906-3","Data Analysis"
"Bonnet F","Response to Dr. Sarah C.J. Jorgensen's letter: Addressing Immortal Time Bias and Methodological Concerns in Testosterone Therapy Research","European Journal of Endocrinology",2025,"doi.org/10.1093/ejendo/lvaf238","Editorial"
"Jorgensen S C J","Challenges Estimating the Effects of Testosterone on Health Outcomes in Transgender Men: Immortal Time Bias and Other Methodological Concerns","European Journal of Endocrinology",2025,"doi.org/10.1093/ejendo/lvaf237","Editorial"
"Bonnet F","Testosterone therapy and the risk of atrial fibrillation, venous thromboembolism and cardiovascular events in cis men with hypogonadism and trans men","European Journal of Endocrinology",2025,"doi.org/10.1093/ejendo/lvaf183","Data Analysis"
"Nokoff N J","Body Composition and Markers of Cardiometabolic Health in Transgender Youth on Gonadotropin-Releasing Hormone Agonists","Transgender Health",2021,"www.liebertpub.com/doi/10.1089/trgh.2020.0029","Data Analysis"
"Alzahrani T","Cardiovascular Disease Risk Factors and Myocardial Infarction in the Transgender Population","Circulation: Cardiovascular Quality and Outcomes",2019,"www.ahajournals.org/doi/10.1161/CIRCOUTCOMES.119.005597","Data Analysis"
"Costa D","Transgender Vascular Health: Interactions Between Gender Identity, Hormone Therapy, and Vascular Disease Risk","Journal of Vascular Diseases",2026,"www.mdpi.com/2813-2475/5/3/23","Review"
"Burgoon S","Venous Thromboembolism in Transgender and Gender Diverse Individuals on Estrogen-Based Gender-Affirming Hormone Therapy","Journal of Clinical Medicine",2026,"www.mdpi.com/2077-0383/15/11/4166","Data Analysis"
"Ruuska S M","Psychiatric Morbidity Among Adolescents and Young Adults Who Contacted Specialised Gender Identity Services in Finland in 1996–2019: A Register Study","Acta Paediatrica",2026,"onlinelibrary.wiley.com/doi/10.1111/apa.70533","Data Analysis"
"Alcock K","Do school and equality education characteristics influence young children's understanding of sex/gender constancy?","Journal of Experimental Child Psychology",2024,"www.sciencedirect.com/science/article/pii/S0022096524000195?via%3Dihub","Data Analysis"
"Ocasio M A","Fluidity in Reporting Gender Identity Labels in a Sample of Transgender and Gender Diverse Adolescents and Young Adults, Los Angeles, California, and New Orleans, Louisiana, 2017-2019","Public Health Reports",2024,"http://journals.sagepub.com/doi/10.1177/00333549231223922","Data Analysis"
"Sapir L","The U.S. Transgender Survey of 2015 Supports Rapid-Onset Gender Dysphoria: Revisiting the “Age of Realization and Disclosure of Gender Identity Among Transgender Adults.”","Archives of Sexual Behavior",2023,"link.springer.com/10.1007/s10508-023-02754-9","Editorial"
"Sun C","The mean age of gender dysphoria diagnosis is decreasing","General Psychiatry",2023,"onlinelibrary.wiley.com/doi/10.1136/gpsych-2022-100972","Data Analysis"
"Littman L","Individuals Treated for Gender Dysphoria with Medical and/or Surgical Transition Who Subsequently Detransitioned: A Survey of 100 Detransitioners","Archives of Sexual Behavior",2021,"link.springer.com/10.1007/s10508-021-02163-w","Data Analysis"
"Kozlowska K","Australian children and adolescents with gender dysphoria: Clinical presentations and challenges experienced by a multidisciplinary team and gender service","Human Systems",2021,"journals.sagepub.com/doi/10.1177/26344041211010777","Data Analysis"
"Kozlowska K","Attachment Patterns in Children and Adolescents With Gender Dysphoria","Frontiers in Psychology",2021,"www.frontiersin.org/journals/psychology/articles/10.3389/fpsyg.2020.582688/full","Data Analysis"
"Singh D","A Follow-Up Study of Boys With Gender Identity Disorder","Frontiers in Psychiatry",2021,"www.frontiersin.org/articles/10.3389/fpsyt.2021.632784/full","Data Analysis"
"Bewley S","Gender incongruence in children, adolescents, and adults","British Journal of General Practice",2019,"http://bjgp.org/lookup/doi/10.3399/bjgp19X701909","Editorial"
"de Graaf N M","Evidence for a Change in the Sex Ratio of Children Referred for Gender Dysphoria: Data From the Gender Identity Development Service in London (2000–2017)","The Journal of Sexual Medicine",2018,"linkinghub.elsevier.com/retrieve/pii/S174360951831107X","Data Analysis"
"de Graaf N M","Sex Ratio in Children and Adolescents Referred to the Gender Identity Development Service in the UK (2009–2016)","Archives of Sexual Behavior",2018,"http://link.springer.com/10.1007/s10508-018-1204-9","Editorial"
"Zucker K J","The myth of persistence: Response to “A critical commentary on follow-up studies and ‘desistance’ theories about transgender and gender non-conforming children” by Temple Newhook et al. (2018)","International Journal of Transgenderism",2018,"www.researchgate.net/publication/325443416_The_myth_of_persistence_Response_to_A_critical_commentary_on_follow-up_studies_and_%27desistance%27_theories_about_transgender_and_gender_non-conforming_children_by_Temple_Newhook_et_al_2018","Editorial"
"Ristori J","Gender dysphoria in childhood","International Review of Psychiatry",2016,"www.tandfonline.com/doi/full/10.3109/09540261.2015.1115754","Review"
"Byrne A","Trans Kids and “Making Up People”","Journal of Controversial Ideas",2026,"journalofcontroversialideas.org/article/6/1/323","Review"
"Zucker K J","Is “rapid-onset” gender dysphoria in adolescence a new clinical phenomenon?","European Journal of Developmental Psychology",2026,"doi.org/10.1080/17405629.2026.2680292","Editorial"
"Herrmann L","Ten years of a gender identity service for children and adolescents in Germany: demographic and clinical patterns","European Child & Adolescent Psychiatry",2026,"link.springer.com/10.1007/s00787-026-03080-w","Data Analysis"
"De Rooy F B B","Characteristics of Dutch Gender Clinic-Referred Adolescents Who Did Not Pursue Gender-Affirming Medical Treatment","Journal of Sex & Marital Therapy",2026,"www.tandfonline.com/doi/full/10.1080/0092623X.2026.2641805","Data Analysis"
"Ciancia S","The evolution of pediatric transgender healthcare in Flanders: Trends in referrals, intakes and gender-affirming interventions over the last 15 years","International Journal of Transgender Health",2026,"doi.org/10.1080/26895269.2025.2452996","Data Analysis"
"Leonhardt A","Gender dysphoria in adolescence: examining the rapid-onset hypothesis","neuropsychiatrie",2024,"link.springer.com/10.1007/s40211-024-00500-8","Review"
"Higgins D J","Prevalence of Diverse Genders and Sexualities in Australia and Associations With Five Forms of Child Maltreatment and Multi-type Maltreatment","Child Maltreatment",2024,"http://journals.sagepub.com/doi/10.1177/10775595231226331","Data Analysis"
"Lopez D L","Gender as the New Language of Teen Rebellion","Psychodynamic Psychiatry",2023,"guilfordjournals.com/doi/10.1521/pdps.2023.51.4.434","Review"
"KulatungaMoruzi C","Research and Analyses by Turban et al. Fail to Refute Rapid-Onset Gender Dysphoria","Journal of Adolescent Health",2023,"linkinghub.elsevier.com/retrieve/pii/S1054139X23004160","Editorial"
"Littman L","Detransition and Desistance Among Previously Trans-Identified Young Adults","Archives of Sexual Behavior",2023,"link.springer.com/10.1007/s10508-023-02716-1","Data Analysis"
"MacKinnon K R","Exploring the gender care experiences and perspectives of individuals who discontinued their transition or detransitioned in Canada","PLOS ONE",2023,"dx.plos.org/10.1371/journal.pone.0293868","Data Analysis"
"Nadrowski K","A New Flight from Womanhood? The Importance of Working Through Experiences Related to Exposure to Pornographic Content in Girls Affected by Gender Dysphoria","Journal of Sex & Marital Therapy",2023,"www.tandfonline.com/doi/full/10.1080/0092623X.2023.2276149","Editorial"
"Bailey J M","Rapid-Onset Gender Dysphoria: Parent Reports on 1,655 Possible Cases","Journal of Open Inquiry in the Behavioral Sciences",2023,"researchers.one/articles/23.10.00002v1","Data Analysis"
"Masson C","De la transidentité à la transidentification. Déclenchement rapide de la « dysphorie de genre » chez des adolescents confrontés au malaise pubertaire","L'Évolution Psychiatrique",2023,"linkinghub.elsevier.com/retrieve/pii/S0014385523000312","Data Analysis"
"Irwig M S","Detransition among transgender and gender diverse people – an increasing and increasingly complex phenomenon","The Journal of Clinical Endocrinology & Metabolism",2022,"academic.oup.com/jcem/advance-article/doi/10.1210/clinem/dgac356/6604653","Editorial"
"Littman L","Saying that Bauer et al studied rapid onset gender dysphoria is inaccurate and misleading","The Journal of Pediatrics",2022,"linkinghub.elsevier.com/retrieve/pii/S0022347622001834","Editorial"
"Boyd I","Care of Transgender Patients: A General Practice Quality Improvement Approach","Healthcare",2022,"www.mdpi.com/2227-9032/10/1/121","Data Analysis"
"Hall R","Access to care and frequency of detransition among a cohort discharged by a UK national adult gender identity clinic: retrospective case-note review","BJPsych Open",2021,"www.cambridge.org/core/product/identifier/S205647242101022X/type/journal_article","Data Analysis"
"ExpósitoCampos P","A Typology of Gender Detransition and Its Implications for Healthcare Providers","Journal of Sex & Marital Therapy",2021,"www.tandfonline.com/doi/abs/10.1080/0092623X.2020.1869126","Review"
"Marchiano L","Gender detransition: a case study","Journal of Analytical Psychology",2021,"onlinelibrary.wiley.com/doi/10.1111/1468-5922.12711","Case Study"
"Vandenbussche E","Detransition-Related Needs and Support: A Cross-Sectional Online Survey","Journal of Homosexuality",2021,"www.tandfonline.com/doi/full/10.1080/00918369.2021.1919479","Data Analysis"
"Arnoldussen M","Re-evaluation of the Dutch approach: are recently referred transgender youth different compared to earlier referrals?","European Child & Adolescent Psychiatry",2020,"http://link.springer.com/10.1007/s00787-019-01394-6","Data Analysis"
"Butler C","Debate: The pressing need for research and services for gender desisters/detransitioners","Child and Adolescent Mental Health",2020,"www.researchgate.net/publication/338627442_Debate_The_pressing_need_for_research_and_services_for_gender_desistersdetransitioners","Editorial"
"Littman L","The Use of Methodologies in Littman (2018) Is Consistent with the Use of Methodologies in Other Studies Contributing to the Field of Gender Dysphoria Research: Response to Restar (2019)","Archives of Sexual Behavior",2020,"http://link.springer.com/10.1007/s10508-020-01631-z","Editorial"
"Hutchinson A","In Support of Research Into Rapid-Onset Gender Dysphoria","Archives of Sexual Behavior",2020,"http://link.springer.com/10.1007/s10508-019-01517-9","Editorial"
"Zucker K J","Adolescents with Gender Dysphoria: Reflections on Some Contemporary Clinical and Research Issues","Archives of Sexual Behavior",2019,"http://link.springer.com/10.1007/s10508-019-01518-8","Review"
"Kaltiala R","Gender identities in adolescent population: Methodological issues and prevalence across age groups","European Psychiatry",2019,"www.cambridge.org/core/product/identifier/S092493380000897X/type/journal_article","Data Analysis"
"Littman L","Parent reports of adolescents and young adults perceived to show signs of a rapid onset of gender dysphoria","PLOS ONE",2018,"dx.plos.org/10.1371/journal.pone.0202330","Data Analysis"
"Kaltiala R","Gender dysphoria in adolescence: current perspectives","Adolescent Health, Medicine and Therapeutics",2018,"www.dovepress.com/gender-dysphoria-in-adolescence-current-perspectives-peer-reviewed-article-AHMT","Review"
"Marchiano L","Outbreak: On Transgender Teens and Psychic Epidemics","Psychological Perspectives",2017,"www.tandfonline.com/doi/full/10.1080/00332925.2017.1350804","Review"
"Kaltiala R","Two years of gender identity service for minors: overrepresentation of natal girls with severe problems in adolescent development","Child and Adolescent Psychiatry and Mental Health",2015,"http://www.capmh.com/content/9/1/9","Data Analysis"
"Aitken M","Evidence for an Altered Sex Ratio in Clinic‐Referred Adolescents with Gender Dysphoria","The Journal of Sexual Medicine",2015,"www.researchgate.net/publication/271221293_Evidence_for_an_Altered_Sex_Ratio_in_Clinic-Referred_Adolescents_with_Gender_Dysphoria","Data Analysis"
"Schwartz L","Order of Magnitude: On the Critical Distinction Between Self-Reported Identity and Clinical Prevalence in Adolescent Gender Dysphoria: A Methodological Commentary","Journal of Sex & Marital Therapy",2025,"doi.org/10.1080/0092623X.2025.2566764","Review"
"Jacobson R","An Exploration of the Relations Between Self-Reported Gender Identity and Sexual Orientation in an Online Sample of Cisgender Individuals","Archives of Sexual Behavior",2018,"link.springer.com/article/10.1007/s10508-018-1239-y","Data Analysis"
"Li G","Childhood gender-typed behavior and adolescent sexual orientation: A longitudinal population-based study","Developmental Psychology",2017,"psycnet.apa.org/doiLanding?doi=10.1037%2Fdev0000281","Data Analysis"
"Lal M","Exploring the Psychological Mechanisms of Gender Transition and Detransition","Journal of Sex & Marital Therapy",2026,"doi.org/10.1080/0092623X.2026.2685303","Data Analysis"
"ExpósitoCampos P","Sociodemographic and Mental Health Characteristics of Adults with Different Gender Trajectories","Archives of Sexual Behavior",2026,"doi.org/10.1007/s10508-026-03475-5","Data Analysis"
"Metzger D L","Stability of Transgender Identity in Adolescents Seen in Multidisciplinary Specialized Gender Centers: A Multicenter Study in Canada","Journal of Adolescent Health",2026,"www.sciencedirect.com/science/article/pii/S1054139X26001175","Data Analysis"
"van Heesewijk J O","Psychological and physical effects of short-term discontinuation of feminizing gender-affirming hormone therapy among older transgender women: a within-subject clinical trial","Human Reproduction",2026,"doi.org/10.1093/humrep/deag087","Data Analysis"
"Hillekens J","Is gender truly stable? Longitudinal changes in gender identity in a Dutch community sample","European Journal of Developmental Psychology",2026,"www.tandfonline.com/doi/full/10.1080/17405629.2026.2659027","Data Analysis"
"MacKinnon K R","Gender fluidity and detransition: Results of a cross-sectional online survey of sexual and gender minorities living in the US and Canada","The Journal of LGBTQ+ Mental Health",2026,"doi.org/10.1080/30678935.2026.2653130","Data Analysis"
"Wall C S J","“Desistance”: A multimethod review of the literature on gender identity variability in transgender and gender diverse youth","Psychology of Sexual Orientation and Gender Diversity",2026,"psycnet.apa.org/record/2027-49819-001","Review"
"KailaVanhatalo M","Gender dysphoria and personality disorders: associations with proceeding to and discontinuing medical gender reassignment","Nordic Journal of Psychiatry",2025,"www.tandfonline.com/doi/full/10.1080/08039488.2025.2558931","Data Analysis"
"ExpósitoCampos P","A qualitative metasummary of detransition experiences with recommendations for psychological support","International Journal of Clinical and Health Psychology",2024,"linkinghub.elsevier.com/retrieve/pii/S1697260024000322","Data Analysis"
"MacKinnon K R","A typology of pathways to detransition: Considerations for care practice with transgender and gender diverse people who stop or reverse their gender transition.","Psychology of Sexual Orientation and Gender Diversity",2023,"MacKinnon, K. R., Kia, H., Gould, W. A., Ross, L. E., Abramovich, A., Enxuga, G., Lam, J. S. H.
(2023)
  A typology of pathways to detransition: Considerations for care practice with transgender and gender diverse people who stop or reverse their gender transition..
    Psychology of Sexual Orientation and Gender Diversity,
          http://doi.apa.org/getdoi.cfm?doi=10.1037/sgd0000678","Review"
"Cohn J","The Detransition Rate Is Unknown","Archives of Sexual Behavior",2023,"link.springer.com/10.1007/s10508-023-02623-5","Editorial"
"Jorgensen S C J","Transition Regret and Detransition: Meanings and Uncertainties","Archives of Sexual Behavior",2023,"link.springer.com/10.1007/s10508-023-02626-2","Review"
"Elkadi J","Developmental Pathway Choices of Young People Presenting to a Gender Service with Gender Distress: A Prospective Follow-Up Study","Children",2023,"www.mdpi.com/2227-9067/10/2/314","Data Analysis"
"Gribble K D","Breastfeeding grief after chest masculinisation mastectomy and detransition: A case report with lessons about unanticipated harm","Frontiers in Global Women's Health",2023,"www.frontiersin.org/articles/10.3389/fgwh.2023.1073053/full","Case Study"
"ExpósitoCampos P","Gender detransition: A critical review of the literature","Actas Esp Psiquiatr",2023,"actaspsiquiatria.es/index.php/actas/article/view/36","Review"
"Roberts C M","Persistence of Transgender Gender Identity Among Children and Adolescents","Pediatrics",2022,"publications.aap.org/pediatrics/article/150/2/e2022057693/187006/Persistence-of-Transgender-Gender-Identity-Among","Editorial"
"MacKinnon K R","Health Care Experiences of Patients Discontinuing or Reversing Prior Gender-Affirming Treatments","JAMA Network Open",2022,"jamanetwork.com/journals/jamanetworkopen/fullarticle/2794543","Data Analysis"
"ExpósitoCampos P","Letter to the Editor: Regret after Gender-affirmation Surgery: A Systematic Review and Meta-analysis of Prevalence","Plastic and Reconstructive Surgery - Global Open",2021,"journals.lww.com/10.1097/GOX.0000000000003951","Editorial"
"Turban J L","Factors Leading to “Detransition” Among Transgender and Gender Diverse People in the United States: A Mixed-Methods Analysis","LGBT Health",2021,"pmc.ncbi.nlm.nih.gov/articles/PMC8213007/","Data Analysis"
"Pazos Guerra M","Transsexuality: Transitions, detransitions, and regrets in Spain","Endocrinología, Diabetes y Nutrición (English ed.)",2020,"linkinghub.elsevier.com/retrieve/pii/S2530018020301360","Data Analysis"
"DAngelo R","The man I am trying to be is not me","The International Journal of Psychoanalysis",2020,"doi.org/10.1080/00207578.2020.1810049","Case Study"
"DAngelo R","Psychiatry’s ethical involvement in gender-affirming care","Australasian Psychiatry",2018,"http://journals.sagepub.com/doi/10.1177/1039856218775216","Review"
"Levine S B","Transitioning Back to Maleness","Archives of Sexual Behavior",2018,"http://link.springer.com/10.1007/s10508-017-1136-9","Case Study"
"Wiepjes C M","The Amsterdam Cohort of Gender Dysphoria Study (1972–2015): Trends in Prevalence, Treatment, and Regrets","The Journal of Sexual Medicine",2018,"linkinghub.elsevier.com/retrieve/pii/S1743609518300572","Data Analysis"
"Schneider D","Severe Hyperandrogenism Secondary to Polycystic Ovarian Syndrome in a Gender-diverse Adolescent","JCEM Case Reports",2025,"pmc.ncbi.nlm.nih.gov/articles/PMC12418000/","Case Study"
"Walch A","Anticipatory Guidance for Discontinuation of Gender-Affirming Hormonal Care in Adolescent Patients","The Journal of Pediatrics",2026,"linkinghub.elsevier.com/retrieve/pii/S0022347626001733","Editorial"
"Jacobsen L M","Suicide attempts, self-harm and suicidal ideation among Norwegian university students with eating disorders and disordered eating: the SHoT study 2018 and 2022","BMC Psychiatry",2026,"doi.org/10.1186/s12888-026-08229-0","Data Analysis"
"Edmiston E K","Concerns Regarding Data Modelling and Interpretation in Ruuska et al.","Acta Paediatrica",2026,"onlinelibrary.wiley.com/doi/10.1111/apa.70617","Editorial"
"Ruuska S M","Response to the Critique by Edmiston et al., Banos et al. and Sandri et al. of Ruuska et al.","Acta Paediatrica",2026,"onlinelibrary.wiley.com/doi/10.1111/apa.70618","Editorial"
"Sandri F","Psychiatric Contacts Are Not Outcomes: Interpreting Evidence in Gender‐Referred Youth","Acta Paediatrica",2026,"onlinelibrary.wiley.com/doi/10.1111/apa.70619","Editorial"
"Banos D R","Letter of Concern About Ruuska et al. From 4 April 2026","Acta Paediatrica",2026,"onlinelibrary.wiley.com/doi/10.1111/apa.70620","Editorial"
"Beltran T G","Trajectories of antidepressant dispensing among privately insured transgender people in the United States","Scientific Reports",2026,"www.nature.com/articles/s41598-026-51351-y","Data Analysis"
"Cohn J","Methodological considerations for evaluating policy impacts on transgender and non-binary youth suicidality","Nature Human Behaviour",2026,"www.nature.com/articles/s41562-026-02467-8","Editorial"
"Lee W Y","Reply to: Methodological considerations for evaluating policy impacts on transgender and non-binary youth suicidality","Nature Human Behaviour",2026,"www.nature.com/articles/s41562-026-02478-5","Editorial"
"Laveway K","Correlates of body dissatisfaction and eating disorder symptoms in transgender and gender diverse populations: A systematic review","Body Image",2026,"www.sciencedirect.com/science/article/pii/S1740144525001809","Data Analysis"
"Sanders M","Short Research Article: Autism spectrum disorder and gender dysphoria among adolescents in a large, integrated health system","Child and Adolescent Mental Health",2026,"acamh.onlinelibrary.wiley.com/doi/10.1111/camh.70042","Data Analysis"
"Spiliadis A","Adolescent bodies and brains in flux: exploring therapeutic pathways for co-occurring anorexia nervosa and gender distress","European Journal of Developmental Psychology",2025,"www.tandfonline.com/doi/full/10.1080/17405629.2025.2585979","Editorial"
"Ranta J P J","Depression and anxiety among transgender-identifying adolescents in psychiatric outpatient care","International Journal of Adolescent Medicine and Health",2025,"www.degruyterbrill.com/document/doi/10.1515/ijamh-2025-0104/html","Data Analysis"
"Kaltiala R","The relationship between GD and ED in adolescents seeking for medical GR","European Journal of Developmental Psychology",2025,"www.tandfonline.com/doi/full/10.1080/17405629.2025.2564408","Data Analysis"
"Lee W Y","State-level anti-transgender laws increase past-year suicide attempts among transgender and non-binary young people in the USA","Nature Human Behaviour",2024,"www.nature.com/articles/s41562-024-01979-5","Data Analysis"
"Nagata J M","Screen use in transgender and gender-questioning adolescents: Findings from the Adolescent Brain Cognitive Development (ABCD) Study","Annals of epidemiology",2024,"www.sciencedirect.com/science/article/pii/S1047279724000632?via%3Dihub","Data Analysis"
"Alho J","Transmission of Mental Disorders in Adolescent Peer Networks","JAMA Psychiatry",2024,"jamanetwork.com/journals/jamapsychiatry/fullarticle/2818735","Data Analysis"
"Orben A","Mechanisms linking social media use to adolescent mental health vulnerability","Nature Reviews Psychology",2024,"www.nature.com/articles/s44159-024-00307-y","Review"
"Lucas R","Mental Health Needs, Barriers, and Receipt of Care Among Transgender and Nonbinary Adolescents","Journal of Adolescent Health",2024,"linkinghub.elsevier.com/retrieve/pii/S1054139X24001654","Data Analysis"
"Brandsma T","A Pilot Study on the Effect of Peer Support on Quality of Life of Adolescents with Autism Spectrum Disorder and Gender Dysphoria","Journal of Autism and Developmental Disorders",2024,"link.springer.com/10.1007/s10803-022-05832-4","Data Analysis"
"Ruuska S M","All-cause and suicide mortalities among adolescents and young adults who contacted specialised gender identity services in Finland in 1996–2019: a register study","BMJ Mental Health",2024,"mentalhealth.bmj.com/lookup/doi/10.1136/bmjment-2023-300940","Data Analysis"
"Kaltiala R","Have the psychiatric needs of people seeking gender reassignment changed as their numbers increase? A register study in Finland","European Psychiatry",2023,"www.cambridge.org/core/product/identifier/S0924933823024719/type/journal_article","Data Analysis"
"Karvonen M","The nature of co-morbid psychopathology in adolescents with gender dysphoria","Psychiatry Research",2022,"linkinghub.elsevier.com/retrieve/pii/S0165178122004875","Data Analysis"
"Bradley S J","Understanding Vulnerability in Girls and Young Women with High-Functioning Autism Spectrum Disorder","Women",2022,"www.mdpi.com/2673-4184/2/1/7","Editorial"
"Biggs M","Suicide by Clinic-Referred Transgender Adolescents in the United Kingdom","Archives of Sexual Behavior",2022,"link.springer.com/10.1007/s10508-022-02287-7","Editorial"
"Sevlever M","Late-Onset Transgender Identity Development of Adolescents in Psychotherapy for Mood and Anxiety Problems: Approach to Assessment and Treatment","Archives of Sexual Behavior",2019,"http://link.springer.com/10.1007/s10508-018-1362-9","Data Analysis"
"Kettula K","Experimental treatment of gender dysphoria in patients with non-binary gender identities: A retrospective register study and quality control","Psychiatria Fennica",2019,"www.psykiatriantutkimussaatio.fi/wp-content/uploads/2021/05/Psychiatria_Fennica-2019_Kettula-et-al..pdf","Data Analysis"
"Parkinson J","Gender dysphoria in Asperger’s syndrome: a caution","Australasian Psychiatry",2014,"http://journals.sagepub.com/doi/10.1177/1039856213497814","Case Study"
"Bolstad S H","Gender-affirming health care needs, barriers to care, and health and wellbeing in a broad nationwide sample of transgender people in Norway","BMC Public Health",2025,"pmc.ncbi.nlm.nih.gov/articles/PMC12681104/","Data Analysis"
"Kennedy E","Baseline findings from the Longitudinal Outcomes of Gender Identity in Children (LOGIC) study","The British Journal of Psychiatry",2025,"www.cambridge.org/core/journals/the-british-journal-of-psychiatry/article/baseline-findings-from-the-longitudinal-outcomes-of-gender-identity-in-children-logic-study/29C43BF6360C11D9977362F805AF0311","Data Analysis"
"Spiliadis A","Clinical Models in Transition: Evolving Paradigms in Youth Gender Care","Journal of Sex & Marital Therapy",2026,"www.tandfonline.com/doi/full/10.1080/0092623X.2026.2651856","Review"
"Pearce J","Group psychotherapy for young people with gender-related distress","Journal of Child Psychotherapy",2026,"www.tandfonline.com/doi/full/10.1080/0075417X.2025.2606700","Review"
"Evans S","A family consultation service for children with gender dysphoria: a brief intervention assessment model","Journal of Child Psychotherapy",2026,"doi.org/10.1080/0075417X.2026.2645093","Data Analysis"
"Mannerström H","Early-onset trans-sensitive therapy as part of gender dysphoria care–a pilot randomized controlled trial","Nordic Journal of Psychiatry",2025,"doi.org/10.1080/08039488.2025.2589850","Data Analysis"
"Spencer J B","Formulation concepts in the care of children and adolescents identifying as transgender or gender diverse","Australasian Psychiatry",2025,"doi.org/10.1177/10398562251362739","Review"
"DAngelo R","Trans is not the new gay: How psychoanalytic elitism and the rejection of science are creating a repetition of the past","The International Journal of Psychoanalysis",2025,"www.tandfonline.com/doi/full/10.1080/00207578.2025.2591921","Editorial"
"Jenkins P","“Ethical Care in Secret”: Qualitative Data from an International Survey of Exploratory Therapists Working with Gender-Questioning Clients","Journal of Sex & Marital Therapy",2024,"www.tandfonline.com/doi/full/10.1080/0092623X.2024.2329761","Data Analysis"
"DAngelo R","Supporting autonomy in young people with gender dysphoria: psychotherapy is not conversion therapy","Journal of Medical Ethics",2023,"jme.bmj.com/lookup/doi/10.1136/jme-2023-109282","Editorial"
"Evans M","‘If only I were a boy …’: Psychotherapeutic Explorations of Transgender in Children and Adolescents","British Journal of Psychotherapy",2022,"onlinelibrary.wiley.com/doi/10.1111/bjp.12733","Case Study"
"Russon J","Demonstrating Attachment‐Based Family Therapy for Transgender and Gender Diverse Youth with Suicidal Thoughts and Behavior: A Case Study","Family process",2022,"onlinelibrary.wiley.com/doi/10.1111/famp.12677","Case Study"
"Schwartz D","Clinical and Ethical Considerations in the Treatment of Gender Dysphoric Children and Adolescents: When Doing Less Is Helping More","Journal of Infant, Child, and Adolescent Psychotherapy",2021,"www.tandfonline.com/doi/full/10.1080/15289168.2021.1997344","Review"
"DAngelo R","One Size Does Not Fit All: In Support of Psychotherapy for Gender Dysphoria","Archives of Sexual Behavior",2020,"http://link.springer.com/10.1007/s10508-020-01844-2","Editorial"
"DAngelo R","The complexity of childhood gender dysphoria","Australasian Psychiatry",2020,"http://journals.sagepub.com/doi/10.1177/1039856220917076","Review"
"Churcher Clarke A","‘Taking the lid off the box’: The value of extended clinical assessment for adolescents presenting with gender identity difficulties","Clinical Child Psychology and Psychiatry",2019,"http://journals.sagepub.com/doi/10.1177/1359104518825288","Data Analysis"
"Spiliadis A","Towards a gender exploratory model: Slowing things down, opening things up and exploring identity development","Metalogos Systemic Therapy Journal",2019,"www.ohchr.org/sites/default/files/Documents/Issues/SexualOrientation/IESOGI/Other/Rebekah_Murphy_TowardsaGenderExploratoryModelslowingthingsdownopeningthingsupandexploringidentitydevelopment.pdf","Review"
"Bonfatto M","Gender/ed identities: an overview of our current work as child psychotherapists in the Gender Identity Development Service","Journal of Child Psychotherapy",2018,"doi.org/10.1080/0075417X.2018.1443150","Case Study"
"Hakeem A","Psychotherapy for gender identity disorders","Advances in Psychiatric Treatment",2012,"www.cambridge.org/core/product/identifier/S135551460001614X/type/journal_article","Data Analysis"
"Bailey J M","Cognitive-Behavioral Treatment of Gender Dysphoria in Youth: Opportunities, Challenges, and Responsibilities","Current Opinion in Psychology",2026,"linkinghub.elsevier.com/retrieve/pii/S2352250X26000618","Review"
"Biggs M","History of and evidence for puberty suppression as intervention for children experiencing gender dysphoria","The Medico-Legal Journal",2025,"ora.ox.ac.uk/objects/uuid:0948c61d-2506-452c-900e-13659a2f9a85","Conference Abstract"
"MeyerBahlburg H F L","Gender Identity Disorder in Young Boys: A Parent- and Peer-Based Treatment Protocol","Clinical Child Psychology and Psychiatry",2002,"http://journals.sagepub.com/doi/10.1177/1359104502007003005","Data Analysis"
"Zuger B","Early effeminate behavior in boys: Outcome and significance for homosexuality","Journal of Nervous and Mental Disease",1984,"journals.lww.com/jonmd/Abstract/1984/02000/Early_Effeminate_Behavior_in_Boys__Outcome_and.5.aspx","Data Analysis"
"CohenKettenis P T","Transexuality and psychotherapy","Tijdschrift Voor Psychotherapie",1984,"www.semanticscholar.org/paper/Transexuality-and-psychotherapy-Cohen-Kettenis-Kuiper/25337c85366442c712c4c11528f7ca2925890b7e?sort=relevance&pdf=true","Review"
"Lothstein L M","Expressive Psychotherapy With Gender Dysphoric Patients","Archives of General Psychiatry",1981,"http://archpsyc.jamanetwork.com/article.aspx?doi=10.1001/archpsyc.1981.01780330082009","Data Analysis"
"Levine S B","Transsexualism or the Gender Dysphoria Syndromes","Journal of Sex & Marital Therapy",1981,"http://www.tandfonline.com/doi/abs/10.1080/00926238108406096","Review"
"Money J","Homosexual outcome of discordant gender identity/role in childhood: Longitudinal follow-up","Journal of Pediatric Psychology",1979,"academic.oup.com/jpepsy/article-abstract/4/1/29/900244","Data Analysis"
"Morgan A J","Psychotherapy for transsexual candidates screened out of surgery","Archives of Sexual Behavior",1978,"http://link.springer.com/10.1007/BF01542035","Editorial"
"Davenport C W","Gender identity change in a female adolescent transsexual","Archives of Sexual Behavior",1977,"deepblue.lib.umich.edu/handle/2027.42/44103","Case Study"
"Bakwin H","Deviant Gender-Role Behavior in Children: Relation to Homosexuality","Pediatrics",1968,"publications.aap.org/pediatrics/article/41/3/620/74522/DEVIANT-GENDER-ROLE-BEHAVIOR-IN-CHILDREN-RELATION","Review"
"Wright C M","Why There Are Exactly Two Sexes","Archives of Sexual Behavior",2025,"link.springer.com/10.1007/s10508-025-03348-3","Editorial"
"Lee P A","Global Disorders of Sex Development Update since 2006: Perceptions, Approach and Care","Hormone Research in Paediatrics",2016,"www.karger.com/Article/FullText/442975","Review"
"Lee P A","Consensus Statement on Management of Intersex Disorders","Pediatrics",2006,"http://pediatrics.aappublications.org/cgi/doi/10.1542/peds.2006-0738","Position Statement"
"Oginni O A","Genetic and Environmental Influences on Sexual Orientation: Moderation by Childhood Gender Nonconformity and Early-Life Adversity","Archives of Sexual Behavior",2024,"link.springer.com/10.1007/s10508-023-02761-w","Data Analysis"
"Karamanis G","Gender dysphoria in twins: a register-based population study","Scientific Reports",2022,"doi.org/10.1038/s41598-022-17749-0","Data Analysis"
"Baxendale S","The impact of suppressing puberty on neuropsychological function: A review","Acta Paediatrica",2024,"onlinelibrary.wiley.com/doi/10.1111/apa.17150","Review"
"Arain M","Maturation of the adolescent brain","Neuropsychiatric Disease and Treatment",2013,"www.dovepress.com/maturation-of-the-adolescent-brain-peer-reviewed-fulltext-article-NDT","Review"
"Hamilton B","Strength, power and aerobic capacity of transgender athletes: a cross-sectional study","British Journal of Sports Medicine",2024,"bjsm.bmj.com/lookup/doi/10.1136/bjsports-2023-108029","Data Analysis"
"Senefeld J W","Hormonal Basis of Biological Sex Differences in Human Athletic Performance","Endocrinology",2024,"academic.oup.com/endo/article/doi/10.1210/endocr/bqae036/7639012","Editorial"
"Gribble K D","Effective Communication About Pregnancy, Birth, Lactation, Breastfeeding and Newborn Care: The Importance of Sexed Language","Frontiers in Global Women's Health",2022,"www.frontiersin.org/articles/10.3389/fgwh.2022.818856/full","Editorial"
"Bewley S","Sex, gender, and medical data","BMJ",2021,"www.researchgate.net/publication/350208937_Sex_gender_and_medical_data","Editorial"
"Bhargava A","Considering Sex as a Biological Variable in Basic and Clinical Studies: An Endocrine Society Scientific Statement","Endocrine Reviews",2021,"academic.oup.com/edrv/advance-article/doi/10.1210/endrev/bnaa034/6159361","Position Statement"
"Swanson E","Board-Based Medicine: The ASPS Position Statement on Gender-Affirming Surgery and the New Minimum Age of 19","Annals of Plastic Surgery",2026,"journals.lww.com/10.1097/SAP.0000000000004808","Editorial"
"Korkmaz E S","Body composition and cardiometabolic changes during gender-affirming hormone therapy: 12-month longitudinal study","Endocrine Research",2026,"doi.org/10.1080/07435800.2026.2692682","Data Analysis"
"Bayraktar Z","Irreversibility, Evidence, and Age Threshold in Gender-Affirming Surgery: A Surgical Ethics Perspective","Journal of Sex & Marital Therapy",2026,"doi.org/10.1080/0092623X.2026.2678257","Editorial"
"Leffler J","Editorial: Gender affirming hormone therapy and its immunological implications","Frontiers in Immunology",2026,"www.frontiersin.org/journals/immunology/articles/10.3389/fimmu.2026.1832442/full","Editorial"
"Cihan H","Impact of testosterone-based gender-affirming hormone therapy on toll-like receptor transcript levels and peripheral blood leukocyte counts in transmasculine individuals","Frontiers in Immunology",2026,"www.frontiersin.org/journals/immunology/articles/10.3389/fimmu.2026.1752956/full","Data Analysis"
"Bumphenkiatikul T","Non-Medical Gender Affirming Practices Among Transgender Individuals: A Systematic Review on the Health Implications of Chest Binding and Genital Tucking","International Journal of Sexual Health",2026,"doi.org/10.1080/19317611.2025.2560416","Data Analysis"
"Kozlowska K","Obstacles to progress in paediatric gender medicine","European Journal of Developmental Psychology",2025,"www.tandfonline.com/doi/full/10.1080/17405629.2025.2546574","Editorial"
"White A A","Plasma testosterone concentration is correlated with circulating immune cell abundance in transgender young people on gender-affirming hormone treatment","Frontiers in Immunology",2025,"www.frontiersin.org/journals/immunology/articles/10.3389/fimmu.2025.1608543/full","Data Analysis"
"Noone C","Critically appraising the Cass Report: Methodological flaws and unsupported claims","BMC Medical Research Methodology",2025,"doi.org/10.1186/s12874-025-02581-7","Review"
"Celestra D","Epigenetic remodeling by sex hormone receptors and implications for gender affirming hormone therapy","Frontiers in Immunology",2025,"www.frontiersin.org/journals/immunology/articles/10.3389/fimmu.2025.1501959/full","Review"
"Yalcinkaya A","Immune dynamics throughout life in relation to sex hormones and perspectives gained from gender-affirming hormone therapy","Frontiers in Immunology",2025,"www.frontiersin.org/journals/immunology/articles/10.3389/fimmu.2024.1501364/full","Review"
"Taylor J","Clinical guidelines for children and adolescents experiencing gender dysphoria or incongruence: a systematic review of guideline quality (part 1)","Archives of Disease in Childhood",2024,"adc.bmj.com/lookup/doi/10.1136/archdischild-2023-326499","Data Analysis"
"Taylor J","Care pathways of children and adolescents referred to specialist gender services: a systematic review","Archives of Disease in Childhood",2024,"adc.bmj.com/content/early/2024/04/09/archdischild-2023-326760","Data Analysis"
"Taylor J","Clinical guidelines for children and adolescents experiencing gender dysphoria or incongruence: a systematic review of recommendations (part 2)","Archives of Disease in Childhood",2024,"adc.bmj.com/lookup/doi/10.1136/archdischild-2023-326500","Data Analysis"
"Taylor J","Characteristics of children and adolescents referred to specialist gender services: a systematic review","Archives of Disease in Childhood",2024,"adc.bmj.com/lookup/doi/10.1136/archdischild-2023-326681","Data Analysis"
"Thompson L","A PRISMA systematic review of adolescent gender dysphoria literature: 2) mental health","PLOS Global Public Health",2024,"journals.plos.org/globalpublichealth/article?id=10.1371/journal.pgph.0000426","Review"
"Wilde B","Bicalutamide-Induced Hepatotoxicity in a Transgender Male-to-Female Adolescent","Journal of Adolescent Health",2024,"linkinghub.elsevier.com/retrieve/pii/S1054139X23004342","Case Study"
"Pilgrim D","British mental healthcare responses to adult homosexuality and gender non-conforming children at the turn of the twenty-first century","History of Psychiatry",2023,"http://journals.sagepub.com/doi/10.1177/0957154X231181461","Review"
"Cohn J","Elaboration of some points in “The association of gender dysphoria with psychosis”","Psychiatry Research",2023,"linkinghub.elsevier.com/retrieve/pii/S0165178123002147","Editorial"
"Evans M","Assessment and treatment of a gender-dysphoric person with a traumatic history","Journal of Child Psychotherapy",2023,"www.tandfonline.com/doi/full/10.1080/0075417X.2023.2172741","Case Study"
"Boogers L S","Transgender Girls Grow Tall: Adult Height Is Unaffected by GnRH Analogue and Estradiol Treatment","The Journal of Clinical Endocrinology & Metabolism",2022,"academic.oup.com/jcem/advance-article/doi/10.1210/clinem/dgac349/6603101","Data Analysis"
"Thompson L","A PRISMA systematic review of adolescent gender dysphoria literature: 1) Epidemiology","PLOS Global Public Health",2022,"dx.plos.org/10.1371/journal.pgph.0000245","Data Analysis"
"Xu R","Prostatic metaplasia of the vagina in transmasculine individuals","World Journal of Urology",2022,"link.springer.com/10.1007/s00345-021-03907-y","Data Analysis"
"Canvin L","Supporting young people to manage gender-related distress using third-wave cognitive behavioural theory, ideas and practice","Clinical Child Psychology and Psychiatry",2022,"https://psychiatryonline.org/doi/10.1176/appi.ajp.2020.19111130","Editorial"
"Dahlgren Allen S","A Waitlist Intervention for Transgender Young People and Psychosocial Outcomes","Pediatrics",2021,"publications.aap.org/pediatrics/article/148/2/e2020042762/179754/A-Waitlist-Intervention-for-Transgender-Young","Data Analysis"
"Chaudhry A","Acute Pancreatitis in the Transgender Population","Cureus",2021,"www.cureus.com/articles/63707-acute-pancreatitis-in-the-transgender-population","Case Study"
"Dahlen S","International clinical practice guidelines for gender minority/trans people: systematic review and quality assessment","BMJ Open",2021,"bmjopen.bmj.com/lookup/doi/10.1136/bmjopen-2021-048943","Data Analysis"
"Bailey J M","The Minority Stress Model Deserves Reconsideration, Not Just Extension","Archives of Sexual Behavior",2020,"link.springer.com/article/10.1007/s10508-019-01606-9","Editorial"
"Shirazi T N","Pubertal timing predicts adult psychosexuality: Evidence from typically developing adults and adults with isolated GnRH deficiency","Psychoneuroendocrinology",2020,"linkinghub.elsevier.com/retrieve/pii/S0306453020301529","Data Analysis"
"Van Mol A","Gender-Affirmation Surgery Conclusion Lacks Evidence","American Journal of Psychiatry",2020,"http://ajp.psychiatryonline.org/doi/10.1176/appi.ajp.2020.19111130","Editorial"
"Anckarsäter H","Methodological Shortcomings Undercut Statement in Support of Gender-Affirming Surgery","American Journal of Psychiatry",2020,"ajp.psychiatryonline.org/doi/10.1176/appi.ajp.2020.19111117","Editorial"
"Mookerjee V G","Uterus transplantation as a fertility option in transgender healthcare","International Journal of Transgender Health",2020,"www.tandfonline.com/doi/full/10.1080/15532739.2019.1599764","Editorial"
"Hruz P W","Deficiencies in Scientific Evidence for Medical Management of Gender Dysphoria","The Linacre Quarterly",2020,"http://journals.sagepub.com/doi/10.1177/0024363919873762","Review"
"Withers R","Transgender medicalization and the attempt to evade psychological distress","Journal of Analytical Psychology",2020,"onlinelibrary.wiley.com/doi/10.1111/1468-5922.12641","Review"
"Lemma A","Trans-itory identities: some psychoanalytic reflections on transgender identities","The International Journal of Psychoanalysis",2018,"www.tandfonline.com/doi/full/10.1080/00207578.2018.1489710","Data Analysis"
"Hough D","Spatial memory is impaired by peripubertal GnRH agonist treatment and testosterone replacement in sheep","Psychoneuroendocrinology",2017,"www.sciencedirect.com/science/article/pii/S0306453016305595","Data Analysis"
"Lament C","Conundrums and Controversies—An Introduction to the Section","The Psychoanalytic Study of the Child",2014,"www.tandfonline.com/doi/full/10.1080/00797308.2015.11785503","Review"
"Tosi M","Nutritional Monitoring During Gender-Affirming Hormone Therapy: Body Composition and Metabolic Implications","Nutrients",2026,"www.mdpi.com/2072-6643/18/12/1967","Data Analysis"
"Dodd C G","Changes in Suicidality among Transgender Adolescents Following Hormone Therapy: An Extended Study","The Journal of Pediatrics",2026,"linkinghub.elsevier.com/retrieve/pii/S002234762500424X","Data Analysis"
"Sim P","The Cass Review and Gender-Related Care for Young People in Canada: A Commentary on the Canadian Paediatric Society Position Statement on Transgender and Gender-Diverse Youth","Archives of Sexual Behavior",2025,"doi.org/10.1007/s10508-025-03335-8","Editorial"
"Donahue K","Observations of the effect of gonadotropin-releasing hormone analog treatment on psychosocial well-being in transgender youth and their caregivers – a pilot study","Journal of Pediatric Endocrinology and Metabolism",2025,"www.degruyterbrill.com/document/doi/10.1515/jpem-2025-0108/html","Data Analysis"
"Hunter P K","Obstacles to progress in paediatric gender medicine","European Journal of Developmental Psychology",2025,"www.tandfonline.com/doi/full/10.1080/17405629.2025.2546574","Editorial"
"Arnoldussen M","Sexual satisfaction and dysfunction in transgender adults following puberty suppression treatment during adolescence","The Journal of Sexual Medicine",2025,"doi.org/10.1093/jsxmed/qdaf095","Data Analysis"
"ExpósitoCampos P","“Providers had no idea what to do with me”: A mixed-methods analysis of detransition/retransition support, care, and information needs among sexual and gender minority individuals","International Journal of Transgender Health",2025,"www.tandfonline.com/doi/full/10.1080/26895269.2025.2538744","Data Analysis"
"DurazoArvizu R","Mental and Emotional Health of Youth after 24 months of Gender-Affirming Medical Care Initiated with Pubertal Suppression","medRxiv",2025,"www.medrxiv.org/content/10.1101/2025.05.14.25327614v1","Preprint"
"Cohn J","Pediatric gender affirming care is not evidence-based","Current Sexual Health Reports",2025,"link.springer.com/10.1007/s11930-025-00404-w","Review"
"Lahl J","Fertility preservation: is there a model for gender-dysphoric youth?","Frontiers in Endocrinology",2025,"www.frontiersin.org/articles/10.3389/fendo.2025.1386716/full","Review"
"Smids J","A Legal Assessment of the Dutch Protocol for Transgender Care to Children: Evidence, Ethics and Procedure","Family & Law",2025,"www.boomportaal.nl/doi/10.5553/FenR/.000069","Review"
"Stanwich S","Gender-affirming medical treatment for adolescents: A critical reflection on “effective” treatment outcomes","BMC Medical Ethics",2024,"bmcmedethics.biomedcentral.com/articles/10.1186/s12910-024-01143-8","Review"
"Roldan Y M","Mastectomy for individuals with gender dysphoria below 26 years of age: A systematic review and meta-analysis","Plastic and Reconstructive Surgery",2024,"journals.lww.com/10.1097/PRS.0000000000011734","Data Analysis"
"Tusconi M","Gender-affirming hormone therapy and suicide-related outcomes in transgender and gender-diverse populations: a systematic review and meta-analysis","Mental Wellness",2026,"www.mental-wellness-journal.net/mw/article/view/42","Data Analysis"
"Taylor J","Psychosocial support interventions for children and adolescents experiencing gender dysphoria or incongruence: a systematic review","Archives of Disease in Childhood",2024,"adc.bmj.com/content/early/2024/04/09/archdischild-2023-326347","Data Analysis"
"Taylor J","Impact of social transition in relation to gender for children and adolescents: a systematic review","Archives of Disease in Childhood",2024,"adc.bmj.com/content/early/2024/04/09/archdischild-2023-326112","Data Analysis"
"Roldan Y M","Puberty blockers for gender dysphoria in youth: A systematic review and meta-analysis","Archives of Disease in Childhood",2025,"adc.bmj.com/content/early/2025/01/29/archdischild-2024-327909","Data Analysis"
"König L","Beyond NICE: Updated systematic review on the current evidence for using puberty blockers and cross-sex hormones in minors with gender dysphoria: Electronic supplementary online materials I: adapted abbreviated English version","Zeitschrift für Kinder- und Jugendpsychiatrie und Psychotherapie",2024,"econtent.hogrefe.com/doi/suppl/10.1024/1422-4917/a000972/suppl_file/1422-4917_a000972_esm1.pdf","Data Analysis"
"Mitchell A","Interventions to suppress puberty in adolescents experiencing gender dysphoria or incongruence: a systematic review","Archives of Disease in Childhood",2024,"adc.bmj.com/content/early/2024/04/09/archdischild-2023-326669","Data Analysis"
"Sarovic D","A PRISMA systematic review of adolescent gender dysphoria literature: 3) treatment","PLOS Global Public Health",2023,"dx.plos.org/10.1371/journal.pgph.0001478","Data Analysis"
"Adolfsson J","A systematic review of hormone treatment for children with gender dysphoria and recommendations for research","Acta Paediatrica",2023,"onlinelibrary.wiley.com/doi/abs/10.1111/apa.16791","Data Analysis"
"Ibrahim S","Gender affirming hormone therapy for individuals with gender dysphoria aged <26 years: a systematic review and meta-analysis","Archives of Disease in Childhood",2025,"adc.bmj.com/content/early/2025/02/06/archdischild-2024-327921","Data Analysis"
"Mitchell A","Masculinising and feminising hormone interventions for adolescents experiencing gender dysphoria or incongruence: a systematic review","Archives of Disease in Childhood",2024,"adc.bmj.com/content/early/2024/04/09/archdischild-2023-326670","Data Analysis"
"Borba G D S","The Effect of Gender-Affirming Hormone Therapy on the Risk of Subclinical Atherosclerosis in the Transgender Population: A Systematic Review","Endocrine Practice",2023,"linkinghub.elsevier.com/retrieve/pii/S1530891X22009090","Data Analysis"
"Wilson L M","Hormone Therapy, Mental Health, and Quality of Life Among Transgender People: A Systematic Review","Journal of the Endocrine Society",2021,"academic.oup.com/jes/article/doi/10.1210/jendso/bvab011/6126016","Data Analysis"
"Swanson P","Systematic Review of the Long-Term Effects of Transgender Hormone Therapy on Bone Markers and Bone Mineral Density and Their Potential Effects in Implant Therapy","Journal of Clinical Medicine",2019,"www.mdpi.com/2077-0383/8/6/784","Data Analysis"
"Anderson J","Hormonal Treatment in Young People With Gender Dysphoria: A Systematic Review","Pediatrics",2018,"www.academia.edu/57779740/Hormonal_Treatment_in_Young_People_With_Gender_Dysphoria_A_Systematic_Review","Data Analysis"
"Januś D","Quality of the World Professional Association for Transgender Health Guideline Standards of Care 8: An Appraisal Using the AGREE II Instrument","Archives of Sexual Behavior",2026,"link.springer.com/10.1007/s10508-025-03399-6","Data Analysis"
"BischofbergerBaumann B","Endocrine care of transgender and gender-diverse adults: Swiss recommendations","Swiss Medical Weekly",2026,"smw.ch/index.php/smw/article/view/5059","Review"
"Busiah K","Endocrine Management of Transgender and Gender-Diverse Adolescents: Expert Opinion of the ESPE Working Group on Gender Incongruence and the Endo-ERN Main Thematic Group on Sexual Development and Maturation","Hormone Research in Paediatrics",2024,"doi.org/10.1159/000542904","Review"
"Radix A E","Standards of care for the health of transgender and gender diverse people, version 8","International Journal of Transgender Health",2022,"www.tandfonline.com/doi/full/10.1080/26895269.2022.2100644","Review"
"CohenKettenis P T","Endocrine Treatment of Gender-Dysphoric/Gender-Incongruent Persons: An Endocrine Society Clinical Practice Guideline","Endocrine Practice",2017,"academic.oup.com/jcem/article/102/11/3869/4157558","Review"
"Grignon P","The Influence of Politics on Psychological Interventions for Pediatric Gender Dysphoria","Current Opinion in Psychology",2026,"www.sciencedirect.com/science/article/pii/S2352250X26000503","Review"
"Gorin M","Grandfather Clauses and Medical Transition—Proposed CMS Rules Should Consider Exceptions","JAMA Pediatrics",2026,"jamanetwork.com/journals/jamapediatrics/article-abstract/2849306","Editorial"
"Stamm L","“I’m just providing evidence-based medical care”: experiences of distress in queer and queer-adjacent clinicians providing gender-affirming care","International Journal of Transgender Health",2025,"www.tandfonline.com/doi/full/10.1080/26895269.2025.2559310","Data Analysis"
"Amos A","Gender dysphoria: Reconsidering ethical and iatrogenic factors in clinical practice","Australasian Psychiatry",2023,"http://journals.sagepub.com/doi/10.1177/10398562231211130","Review"
"Abbruzzese E","Current Concerns About Gender-Affirming Therapy in Adolescents","Current Sexual Health Reports",2023,"link.springer.com/10.1007/s11930-023-00358-x","Review"
"Tuisku K","Hormonal and surgical treatment for gender dysphoria in young people – beneﬁcial or not? [Sukupuoliahdistuksen hormonaalinen ja kirurginen hoito nuoruusiässä – hyötyä vai ei?]","Suom Lääkäril [Finnish Medical Journal]",2023,"www.laakarilehti.fi/site/assets/files/654775/article_pdf_73878.pdf","Review"
"Jackson L","Gender dysphoria in young people: The Interim Cass Review and its implications for nursing","Journal of Clinical Nursing",2022,"onlinelibrary.wiley.com/doi/10.1111/jocn.16553","Editorial"
"Roessner V","Editorial Perspective: Medical body modification in youth with gender dysphoria or body dysmorphic disorder – is current practice coherent and evidence‐based?","Journal of Child Psychology and Psychiatry",2022,"onlinelibrary.wiley.com/doi/10.1111/jcpp.13717","Editorial"
"Koseda E","The interim report of the Cass review into the NHS gender identity development service: a discussion","British Journal of Healthcare Management",2022,"http://www.magonlinelibrary.com/doi/10.12968/bjhc.2022.0089","Editorial"
"Jackson L","Gender Dysphoria in children and young people: The implications for clinical staff of the Bell V’s Tavistock Judicial Review and Appeal Ruling","Journal of Clinical Nursing",2021,"onlinelibrary.wiley.com/doi/10.1111/jocn.16164","Editorial"
"Savulescu J","To be, or not to be? The role of the unconscious in transgender transitioning: identity, autonomy and well-being","Journal of Medical Ethics",2021,"jme.bmj.com/lookup/doi/10.1136/medethics-2021-107397","Review"
"Garner M","The communication of evidence to inform trans youth health care","The Lancet Child & Adolescent Health",2021,"www.thelancet.com/journals/lanchi/article/PIIS2352-4642(21)00197-8/abstract","Editorial"
"Hruz P W","Letter to the Editor from William J. Malone et al: “Proper Care of Transgender and Gender-diverse Persons in the Setting of Proposed Discrimination: A Policy Perspective”","The Journal of Clinical Endocrinology & Metabolism",2021,"academic.oup.com/jcem/advance-article/doi/10.1210/clinem/dgab205/6190133","Editorial"
"DavidgePitts C","Proper Care of Transgender and Gender Diverse Persons in the Setting of Proposed Discrimination: A Policy Perspective*","The Journal of Clinical Endocrinology & Metabolism",2021,"academic.oup.com/jcem/article/106/2/305/6031005","Editorial"
"Fortunato A","Gender Diverse Children and Adolescents in Italy: A Qualitative Study on Specialized Centers’ Model of Care and Network","International Journal of Environmental Research and Public Health",2020,"www.mdpi.com/1660-4601/17/24/9536","Data Analysis"
"Verhaak C","Gender incongruence and gender dysphoria in childhood and adolescence—current insights in diagnostics, management, and follow-up","European Journal of Pediatrics",2020,"http://link.springer.com/10.1007/s00431-020-03906-y","Review"
"Clyde K","Sex, gender and gender identity: a re-evaluation of the evidence","BJPsych Bulletin",2020,"www.cambridge.org/core/product/identifier/S205646942000073X/type/journal_article","Editorial"
"Bewley S","Gender dysphoria: scientific oversight falling between responsible institutions should worry us all","BMJ",2019,"www.bmj.com/lookup/doi/10.1136/bmj.l6439","Editorial"
"Carmichael P","Reflections on emerging trends in clinical work with gender diverse children and adolescents","Clinical Child Psychology and Psychiatry",2019,"http://journals.sagepub.com/doi/10.1177/1359104518812924","Review"
"Cretella M","The Right to Best Care for Children Does Not Include the Right to Medical Transition","The American Journal of Bioethics",2019,"www.tandfonline.com/doi/full/10.1080/15265161.2018.1557288","Editorial"
"Bewley S","Redesigning gender identity services: an opportunity to generate evidence","BMJ",2018,"www.bmj.com/lookup/doi/10.1136/bmj.k4490","Editorial"
"Byrne M L","Twenty-five is not a neurobiologically determined age of maturity for gender-affirming medical decision-making","Psychoneuroendocrinology",2025,"www.sciencedirect.com/science/article/pii/S0306453025002781","Editorial"
"Abbruzzese E","What Are We Doing to These Children? Response to Drescher, Clayton, and Balon Commentaries on Levine et al., 2022","Journal of Sex & Marital Therapy",2022,"www.tandfonline.com/doi/full/10.1080/0092623X.2022.2136117","Editorial"
"Abbruzzese E","Reconsidering Informed Consent for Trans-Identified Children, Adolescents, and Young Adults","Journal of Sex & Marital Therapy",2022,"www.tandfonline.com/doi/full/10.1080/0092623X.2022.2046221","Review"
"Garland F","Gender dysphoria in adolescents: can adolescents or parents give valid consent to puberty blockers?","Journal of Medical Ethics",2021,"jme.bmj.com/lookup/doi/10.1136/medethics-2020-106999","Review"
"den Heijer M","From Concept to Protocol: Iterative Approach of a Target Trial Emulation on GnRH Analogue Safety in Transgender and Gender Diverse Youth","European Journal of Endocrinology",2026,"doi.org/10.1093/ejendo/lvag105","Data Analysis"
"Athéa N","Puberty Suppression for Pediatric Gender Dysphoria and the Child’s Right to an Open Future","Archives of Sexual Behavior",2024,"link.springer.com/10.1007/s10508-024-02850-4","Review"
"Vankrunkelsven P","[Uncertainties around the current gender care: five problems with the clinical lesson 'Youth with gender incongruence']","Nederlands Tijdschrift Voor Geneeskunde",2023,"www.ntvg.nl/artikelen/onzekerheden-rond-de-huidige-genderzorg","Editorial"
"Levine S B","The Myth of “Reliable Research” in Pediatric Gender Medicine: A critical evaluation of the Dutch Studies—and research that has followed","Journal of Sex & Marital Therapy",2023,"www.tandfonline.com/doi/full/10.1080/0092623X.2022.2150346","Editorial"
"Hunter P K","Puberty blockers for gender dysphoric youth: A lack of sound science","Journal of the American College of Clinical Pharmacy",2022,"accpjournals.onlinelibrary.wiley.com/doi/full/10.1002/jac5.1691","Editorial"
"Malone W J","Commentary: The Signal and the Noise—questioning the benefits of puberty blockers for youth with gender dysphoria—a commentary on Rew et al. (2021)","Child and Adolescent Mental Health",2021,"onlinelibrary.wiley.com/doi/10.1111/camh.12533","Editorial"
"DAngelo R","Puberty blockers for gender dysphoria: the science is far from settled","The Lancet Child & Adolescent Health",2021,"linkinghub.elsevier.com/retrieve/pii/S2352464221002352","Editorial"
"Earp B D","Forever young? The ethics of ongoing puberty suppression for non-binary adults","Journal of Medical Ethics",2020,"jme.bmj.com/lookup/doi/10.1136/medethics-2019-106012","Case Study"
"Maxwell J","Use of puberty blockers for gender dysphoria: a momentous step in the dark","Archives of Disease in Childhood",2019,"adc.bmj.com/content/104/6/611","Editorial"
"Jorgensen S C J","Correspondence: Psychosocial Functioning in Transgender Youth after Hormones","New England Journal of Medicine",2023,"doi.org/10.1056/nejmc2302030","Editorial"
"Van Mol A","Letter to the Editor from Laidlaw et al: “Erythrocytosis in a Large Cohort of Transgender Men Using Testosterone: A Long-Term Follow-Up Study on Prevalence, Determinants, and Exposure Years”","The Journal of Clinical Endocrinology & Metabolism",2021,"academic.oup.com/jcem/advance-article/doi/10.1210/clinem/dgab514/6326472","Editorial"
"Van Meter Q L","Letter to the Editor: “Endocrine Treatment of Gender-Dysphoric/Gender-Incongruent Persons: An Endocrine Society Clinical Practice Guideline”","The Journal of Clinical Endocrinology & Metabolism",2019,"academic.oup.com/jcem/article/104/3/686/5198654","Editorial"
"Goecker D","Gender Identity Disorders in Childhood and Adolescence","Deutsches Ärzteblatt International",2008,"www.aerzteblatt.de/int/archive/article/62554","Review"
"Belluzzi B","Nonmedical Gender-Affirming Practices in Transgender and Gender Diverse Adolescents: A Narrative Review","Transgender Health",2026,"doi.org/10.1089/trgh.2023.0194","Review"
"Gallagher N M","Stability and Change in Gender Identity and Sexual Orientation Across Childhood and Adolescence","Monographs of the Society for Research in Child Development",2025,"srcd.onlinelibrary.wiley.com/doi/10.1111/mono.12479","Review"
"Kelly A","Is Social Gender Transition Associated with Mental Health Status in Children and Adolescents with Gender Dysphoria?","Archives of Sexual Behavior",2023,"link.springer.com/10.1007/s10508-023-02588-5","Data Analysis"
"Durwood L","Gender Identity 5 Years After Social Transition","Pediatrics",2022,"publications.aap.org/pediatrics/article/doi/10.1542/peds.2021-056082/186992/Gender-Identity-5-Years-After-Social-Transition","Data Analysis"
"Schweizer K","Not social transition status, but peer relations and family functioning predict psychological functioning in a German clinical sample of children with Gender Dysphoria","Clinical Child Psychology and Psychiatry",2020,"http://journals.sagepub.com/doi/10.1177/1359104520964530","Data Analysis"
"Ioverno S","Predictors and Mental Health Benefits of Chosen Name Use Among Transgender Youth","Youth & Society",2019,"http://journals.sagepub.com/doi/10.1177/0044118X19855898","Data Analysis"
"van der Miesen A I R","Childhood social gender transition and psychosocial well-being: A comparison to cisgender gender-variant children","Clinical Practice in Pediatric Psychology",2019,"journals.sagepub.com/doi/10.1037/cpp0000295","Data Analysis"
"Pollitt A M","Chosen Name Use Is Linked to Reduced Depressive Symptoms, Suicidal Ideation, and Suicidal Behavior Among Transgender Youth","The Journal of Adolescent Health: Official Publication of the Society for Adolescent Medicine",2018,"www.jahonline.org/article/S1054-139X(18)30085-5/fulltext","Data Analysis"
"McLaughlin K A","Mental Health and Self-Worth in Socially Transitioned Transgender Youth","Journal of the American Academy of Child & Adolescent Psychiatry",2017,"www.jaacap.org/article/S0890-8567(16)31941-4/abstract","Data Analysis"
"Gardner I","Health impact of chest binding among transgender adults: a community-engaged, cross-sectional study","Culture, Health & Sexuality",2017,"www.tandfonline.com/doi/full/10.1080/13691058.2016.1191675","Data Analysis"
"Sylvester K","P257 Understanding the effects on lung function of chest binder use in the transgender population","Thorax",2016,"thorax.bmj.com/lookup/doi/10.1136/thoraxjnl-2016-209333.400","Conference Abstract"
"Durwood L","Mental Health of Transgender Children Who Are Supported in Their Identities","Pediatrics",2016,"http://pediatrics.aappublications.org/lookup/doi/10.1542/peds.2015-3223","Data Analysis"
"McGuire J K","Factors Associated With Desistence and Persistence of Childhood Gender Dysphoria: A Quantitative Follow-Up Study","Journal of the American Academy of Child & Adolescent Psychiatry",2013,"linkinghub.elsevier.com/retrieve/pii/S0890856713001871","Data Analysis"
"CohenKettenis P T","Clinical management of gender dysphoria in children and adolescents: the Dutch approach","Journal of Homosexuality",2012,"www.tandfonline.com/doi/abs/10.1080/00918369.2012.653300","Review"
"CohenKettenis P T","Gender Transitioning before Puberty?","Archives of Sexual Behavior",2011,"http://link.springer.com/10.1007/s10508-011-9752-2","Editorial"
"Cohn J","Three decades of ‘Dutch Protocol’ research has not produced reliable evidence","European Journal of Developmental Psychology",2026,"doi.org/10.1080/17405629.2026.2680285","Editorial"
"Blalock K","Gender-affirming care for transgender and gender-diverse youth in Oregon: trends over time","Research Connections",2026,"academic.oup.com/rescon/article/doi/10.1093/rescon/vmag049/8657075","Data Analysis"
"Steensma T D","The Dutch approach for transgender adolescents; past, present and future perspectives","European Journal of Developmental Psychology",2026,"www.tandfonline.com/doi/full/10.1080/17405629.2026.2615311","Review"
"Freedman D E P","Psychological Outcomes of 12-15-Year-Olds with Gender Dysphoria Receiving Pubertal Suppression in the UK: Assessing Reliable and Clinically Significant Change","Journal of Sex & Marital Therapy",2023,"www.tandfonline.com/doi/full/10.1080/0092623X.2023.2281986","Data Analysis"
"Hannema S E","Continuation of gender-affirming hormones in transgender people starting puberty suppression in adolescence: a cohort study in the Netherlands","The Lancet Child & Adolescent Health",2022,"pubmed.ncbi.nlm.nih.gov/36273487/","Data Analysis"
"de Vries A L C","Medical decision-making competence regarding puberty suppression: perceptions of transgender adolescents, their parents and clinicians","European Child & Adolescent Psychiatry",2022,"link.springer.com/10.1007/s00787-022-02076-6","Data Analysis"
"Wanta J W","Mental health outcomes in transgender and nonbinary youths receiving gender-affirming care","JAMA Network Open",2022,"jamanetwork.com/journals/jamanetworkopen/fullarticle/2789423","Data Analysis"
"Butler G","Short-term outcomes of pubertal suppression in a selected cohort of 12 to 15 year old young people with persistent gender dysphoria in the UK","PLOS ONE",2021,"dx.plos.org/10.1371/journal.pone.0243894","Data Analysis"
"Pearson B","A Longitudinal Study of Features Associated with Autism Spectrum in Clinic Referred, Gender Diverse Adolescents Accessing Puberty Suppression Treatment","Journal of Autism and Developmental Disorders",2021,"http://link.springer.com/10.1007/s10803-020-04698-8","Data Analysis"
"de Vries A L C","Sexual Experiences of Young Transgender Persons During and After Gender-Affirmative Treatment","Pediatrics",2020,"http://pediatrics.aappublications.org/lookup/doi/10.1542/peds.2019-1411","Data Analysis"
"Wouters F M","Bone Development in Transgender Adolescents Treated With GnRH Analogues and Subsequent Gender-Affirming Hormones","The Journal of Clinical Endocrinology & Metabolism",2020,"academic.oup.com/jcem/article/doi/10.1210/clinem/dgaa604/5903559","Data Analysis"
"Taggart T","Longitudinal impact of gender-affirming endocrine intervention on the mental health and well-being of transgender youths: preliminary results","International Journal of Pediatric Endocrinology",2020,"ijpeonline.biomedcentral.com/articles/10.1186/s13633-020-00078-2","Data Analysis"
"Spritzer P M","Brain Maturation, Cognition and Voice Pattern in a Gender Dysphoria Case under Pubertal Suppression","Frontiers in Human Neuroscience",2017,"http://journal.frontiersin.org/article/10.3389/fnhum.2017.00528/full","Data Analysis"
"Klink D T","Effect of pubertal suppression and cross-sex hormone therapy on bone turnover markers and bone mineral apparent density (BMAD) in transgender adolescents","Bone",2017,"linkinghub.elsevier.com/retrieve/pii/S8756328216303337","Data Analysis"
"CohenKettenis P T","Efficacy and Safety of Gonadotropin-Releasing Hormone Agonist Treatment to Suppress Puberty in Gender Dysphoric Adolescents","The Journal of Sexual Medicine",2016,"linkinghub.elsevier.com/retrieve/pii/S1743609516302193","Data Analysis"
"Caris M","Bone Mass in Young Adulthood Following Gonadotropin-Releasing Hormone Analog Treatment and Cross-Sex Hormone Treatment in Adolescents With Gender Dysphoria","The Journal of Clinical Endocrinology & Metabolism",2015,"academic.oup.com/jcem/article-lookup/doi/10.1210/jc.2014-2439","Data Analysis"
"Dunsford M","Psychological Support, Puberty Suppression, and Psychosocial Functioning in Adolescents with Gender Dysphoria","The Journal of Sexual Medicine",2015,"https://doi.org/10.1111/jsm.13034","Data Analysis"
"McGuire J K","Young Adult Psychological Outcome After Puberty Suppression and Gender Reassignment","Pediatrics",2014,"http://pediatrics.aappublications.org/cgi/doi/10.1542/peds.2013-2958","Data Analysis"
"Steensma T D","Puberty Suppression in Adolescents With Gender Identity Disorder: A Prospective Follow‐Up Study","The Journal of Sexual Medicine",2011,"linkinghub.elsevier.com/retrieve/pii/S1743609515336171","Data Analysis"
"Schagen S E E","Puberty Suppression in a Gender-Dysphoric Adolescent: A 22-Year Follow-Up","Archives of Sexual Behavior",2011,"http://link.springer.com/10.1007/s10508-011-9758-9","Case Study"
"Weiss J","Gonadotrophin-releasing hormone (GnRH) and GnRH agonists: mechanisms of action","Reproductive BioMedicine Online",2002,"www.rbmojournal.com/article/S1472-6483(11)60210-1/abstract","Data Analysis"
"GrasVincendon A","Retrospective Cohort Study of Transgender Adolescents at Strasbourg University Hospital","Children",2026,"www.mdpi.com/2227-9067/13/6/789","Data Analysis"
"Bates S M","Sex Hormone Influences on Venous Thrombotic and Cardiovascular Risk","New England Journal of Medicine",2026,"www.nejm.org/doi/full/10.1056/NEJMra2202438","Review"
"Burgwal A","Socioeconomic status among Dutch adults using gender-affirming hormone therapy: comparison with the general population and trajectories around hormone therapy initiation","International Journal of Transgender Health",2026,"doi.org/10.1080/26895269.2026.2636978","Data Analysis"
"Whitehead J","Anger, Aggression, and Irritability in Transgender and Gender Diverse Youth Following Testosterone Initiation: A 12-Month Longitudinal Analysis","Journal of Adolescent Health",2026,"www.jahonline.org/article/S1054-139X(25)00827-4/","Data Analysis"
"Bueno L H","Heart rate variability in transgender people receiving Gender-Affirming hormone therapy","Endocrine",2026,"link.springer.com/article/10.1007/s12020-025-04512-4","Data Analysis"
"Câmara L C","Cardiovascular mortality associated with testosterone therapy in cisgender women and transgender men: a systematic review","Frontiers in Endocrinology",2026,"www.frontiersin.org/journals/endocrinology/articles/10.3389/fendo.2026.1789504/full","Data Analysis"
"Bailey S","All-cause and cause-specific mortality among transgender and gender diverse people: a nationwide cohort study in Australia","The Lancet Regional Health – Western Pacific",2026,"www.thelancet.com/journals/lanwpc/article/PIIS2666-6065(26)00017-9/fulltext","Data Analysis"
"Vervalcke J","Effects of gender-affirming hormone therapy from adolescence to adulthood on bone mineral density, body composition and muscle strength","eClinicalMedicine",2026,"linkinghub.elsevier.com/retrieve/pii/S2589537025006595","Data Analysis"
"Giraldo Martínez L D","Cerebral Venous Sinus Thrombosis Associated With Testosterone Use as Gender-Affirming Hormone Therapy in a Transgender Patient: Case Report and Literature Review","Clinical Case Reports",2026,"onlinelibrary.wiley.com/doi/abs/10.1002/ccr3.72714","Case Study"
"Lal M","Emerging and accumulating safety signals for the use of estrogen among transgender women","Discover Mental Health",2025,"doi.org/10.1007/s44192-025-00216-3","Review"
"Freire S N D","Pelvic Floor Dysfunction in Transgender Men on Gender-affirming Hormone Therapy: A Descriptive Cross-sectional Study","International Urogynecology Journal",2024,"link.springer.com/10.1007/s00192-024-05779-3","Data Analysis"
"Wiepjes C M","Changes in depression symptom profile with gender-affirming hormone use in transgender persons","Journal of Affective Disorders",2024,"linkinghub.elsevier.com/retrieve/pii/S0165032723015252","Data Analysis"
"van der Loos M A T C","The dose-dependent effect of estrogen on bone mineral density in trans girls","European Journal of Endocrinology",2023,"academic.oup.com/ejendo/advance-article/doi/10.1093/ejendo/lvad116/7244658","Data Analysis"
"Patterson B C","Adherence to Gender Affirming Hormone Therapy in Transgender Adolescents and Adults: A Retrospective Cohort Study","The Journal of Clinical Endocrinology & Metabolism",2023,"academic.oup.com/jcem/advance-article/doi/10.1210/clinem/dgad306/7184149","Data Analysis"
"Berona J","Psychosocial functioning in transgender youth after 2 years of hormones","New England Journal of Medicine",2023,"http://www.nejm.org/doi/10.1056/NEJMoa2206297","Data Analysis"
"Barrera E","The effect of gender-affirming hormone treatment on serum creatinine in transgender and gender-diverse youth: implications for estimating GFR","Pediatric Nephrology",2022,"link.springer.com/article/10.1007/s00467-022-05445-0","Data Analysis"
"Klein D A","Continuation of Gender-affirming Hormones Among Transgender Adolescents and Adults","The Journal of Clinical Endocrinology & Metabolism",2022,"academic.oup.com/jcem/advance-article/doi/10.1210/clinem/dgac251/6572526","Data Analysis"
"Nash R","Is There a Link Between Hormone Use and Diabetes Incidence in Transgender People? Data from the STRONG Cohort","The Journal of Clinical Endocrinology & Metabolism",2021,"academic.oup.com/jcem/article/107/4/e1549/6429721","Data Analysis"
"Self H","Timing of peripubertal steroid exposure predicts visuospatial cognition in men: Evidence from three samples","Hormones and Behavior",2020,"linkinghub.elsevier.com/retrieve/pii/S0018506X20300386","Data Analysis"
"Heino E","Adolescent development and psychosocial functioning after starting cross-sex hormones for gender dysphoria","Nordic Journal of Psychiatry",2020,"www.tandfonline.com/doi/full/10.1080/08039488.2019.1691260","Data Analysis"
"AbosiAppeadu K","Effects of Gender-Affirming Hormone Therapy on Insulin Sensitivity and Incretin Responses in Transgender People","Diabetes Care",2020,"diabetesjournals.org/care/article/43/2/411/36004/Effects-of-Gender-Affirming-Hormone-Therapy-on","Data Analysis"
"van der Tuuk K","Bone Mineral Density in Transgender Individuals After Gonadectomy and Long-Term Gender-Affirming Hormonal Treatment","The Journal of Sexual Medicine",2019,"linkinghub.elsevier.com/retrieve/pii/S174360951931238X","Data Analysis"
"de Vries M C","Physical changes, laboratory parameters, and bone mineral density during testosterone treatment in adolescents with gender dysphoria","The Journal of Sexual Medicine",2019,"www.sciencedirect.com/science/article/abs/pii/S1743609519312731","Data Analysis"
"Wiepjes C M","Occurrence of Acute Cardiovascular Events in Transgender Individuals Receiving Hormone Therapy: Results From a Large Cohort Study","Circulation",2019,"www.ahajournals.org/doi/10.1161/CIRCULATIONAHA.118.038584","Data Analysis"
"Nash R","Cross-sex Hormones and Acute Cardiovascular Events in Transgender Persons","Annals of internal medicine",2018,"www.ncbi.nlm.nih.gov/pmc/articles/PMC6636681/","Data Analysis"
"Wiepjes C M","The occurrence of benign brain tumours in transgender individuals during cross-sex hormone treatment","Brain",2018,"academic.oup.com/brain/article/141/7/2047/4983052","Data Analysis"
"Okonta V","Physiologic Response to Gender-Affirming Hormones Among Transgender Youth","Journal of Adolescent Health",2018,"linkinghub.elsevier.com/retrieve/pii/S1054139X17304123","Data Analysis"
"Hahn A","Effects of testosterone treatment on hypothalamic neuroplasticity in female-to-male transgender individuals","Brain Structure & Function",2018,"link.springer.com/article/10.1007/s00429-017-1494-z","Data Analysis"
"Hofman D","Testosterone reduces functional connectivity during the ‘Reading the Mind in the Eyes’ Test","Psychoneuroendocrinology",2016,"pmc.ncbi.nlm.nih.gov/articles/PMC6345363/","Data Analysis"
"Paul K K","Risk of Suicide and Self-Harm Following Gender-Affirmation Surgery","Cureus",2024,"www.cureus.com/articles/201512-risk-of-suicide-and-self-harm-following-gender-affirmation-surgery","Data Analysis"
"Weber L E","Major complications of sigmoid vaginoplasty: a case series","Journal of Surgical Case Reports",2023,"academic.oup.com/jscr/article/doi/10.1093/jscr/rjad333/7195771","Data Analysis"
"Pakvasa M","Non-typhoidal Salmonella soft-tissue infection after gender affirming subcutaneous mastectomy case report","Case Reports in Plastic Surgery & Hand Surgery",2023,"www.tandfonline.com/doi/10.1080/23320885.2023.2185621","Case Study"
"Malone W J","Confounding Effects on Mental Health Observations After Sex Reassignment Surgery","American Journal of Psychiatry",2020,"http://ajp.psychiatryonline.org/doi/10.1176/appi.ajp.2020.19111169","Editorial"
"Kang C O","Mastectomy in Transgender and Cisgender Patients: A Comparative Analysis of Epidemiology and Postoperative Outcomes","Plastic and Reconstructive Surgery - Global Open",2019,"journals.lww.com/01720096-201906000-00007","Data Analysis"
"Morrison S D","Masculinizing Top Surgery: A Systematic Review of Techniques and Outcomes","Annals of Plastic Surgery",2018,"journals.lww.com/annalsplasticsurgery/abstract/2018/06000/masculinizing_top_surgery__a_systematic_review_of.18.aspx","Data Analysis"
"Warus J","Chest Reconstruction and Chest Dysphoria in Transmasculine Minors and Young Adults: Comparisons of Nonsurgical and Postsurgical Cohorts","JAMA Pediatrics",2018,"http://archpedi.jamanetwork.com/article.aspx?doi=10.1001/jamapediatrics.2017.5440","Data Analysis"
"Scheefer M F","Quality of life improvement after chest wall masculinization in female-to-male transgender patients: A prospective study using the BREAST-Q and Body Uneasiness Test","Journal of Plastic, Reconstructive & Aesthetic Surgery",2018,"www.researchgate.net/publication/394441514_Improvement_in_Quality_of_Life_in_Transmasculine_Individuals_After_Chest_Masculinization_Surgery","Review"
"Kreukels B P C","Body Image in Transmen: Multidimensional Measurement and the Effects of Mastectomy","The Journal of Sexual Medicine",2016,"www.sciencedirect.com/science/article/pii/S1743609516304052?via%3Dihub","Data Analysis"
"Öberg K","An Analysis of All Applications for Sex Reassignment Surgery in Sweden, 1960–2010: Prevalence, Incidence, and Regrets","Archives of Sexual Behavior",2014,"http://link.springer.com/10.1007/s10508-014-0300-8","Data Analysis"
"Van Goozen S H","Adolescents With Gender Identity Disorder Who Were Accepted or Rejected for Sex Reassignment Surgery: A Prospective Follow-up Study","Journal of the American Academy of Child & Adolescent Psychiatry",2001,"linkinghub.elsevier.com/retrieve/pii/S089085670960397X","Data Analysis"
"Friedmann C","Treatment of requests for sex-change surgery with psychotherapy","American Journal of Psychiatry",1976,"http://ajp.psychiatryonline.org/doi/10.1176/ajp.133.10.1194","Data Analysis"
"Madec F X","Urethral complications after gender-affirming genital surgery: prevention and reconstructive management","Current Opinion in Urology",2026,"journals.lww.com/co-urology/abstract/9900/urethral_complications_after_gender_affirming.333.aspx","Review"
"Younoszai M","Patient-Reported Outcomes and Body Mass Index in Adolescents and Young Adults After Gender-Affirming Chest Surgery: A Single-Center Cross-Sectional Study","Annals of Surgery Open",2026,"journals.lww.com/aosopen/fulltext/2026/06000/patient_reported_outcomes_and_body_mass_index_in.28.aspx","Data Analysis"
"Vervalcke J","Bone health in gender-diverse individuals: current challenges and future directions","Hormones",2026,"doi.org/10.1007/s42000-026-00793-0","Review"
"Vlot M C","Bone Mineral Density in Transgender Adolescents Treated With Puberty Suppression and Subsequent Gender-Affirming Hormones","JAMA Pediatrics",2023,"jamanetwork.com/journals/jamapediatrics/fullarticle/2811155","Data Analysis"
"Dubois V","Impact of gender-affirming treatment on bone health in transgender and gender diverse youth","Endocrine Connections",2022,"ec.bioscientifica.com/view/journals/ec/11/11/EC-22-0280.xml","Review"
"Meisman A R","Changes in Bone Marrow Adipose Tissue in Transgender and Gender Non-Conforming Youth Undergoing Pubertal Suppression: A Pilot Study","Journal of Clinical Densitometry",2022,"linkinghub.elsevier.com/retrieve/pii/S1094695022000713","Data Analysis"
"Finlayson C","Low Bone Mineral Density in Early Pubertal Transgender/Gender Diverse Youth: Findings From the Trans Youth Care Study","Journal of the Endocrine Society",2020,"academic.oup.com/jes/article/doi/10.1210/jendso/bvaa065/5866143","Data Analysis"
"Ting J","The effect of GnRH analogue treatment on bone mineral density in young adolescents with gender dysphoria: findings from a large national cohort","Journal of Pediatric Endocrinology and Metabolism",2019,"http://www.degruyter.com/view/j/jpem.2019.32.issue-10/jpem-2019-0046/jpem-2019-0046.xml","Data Analysis"
"Tangpricha V","Osteoporosis and Bone Health in Transgender Persons","Endocrinology and Metabolism Clinics of North America",2019,"www.ncbi.nlm.nih.gov/pmc/articles/PMC6487870/","Review"
"Iwamoto S J","Bone Health in the Transgender Population","Clinical Reviews in Bone and Mineral Metabolism",2019,"http://link.springer.com/10.1007/s12018-019-09261-3","Review"
"Maidarti M","The ovaries of transgender men indicate effects of high dose testosterone on the primordial and early growing follicle pool","Reproduction and Fertility",2023,"raf.bioscientifica.com/view/journals/raf/4/2/RAF-22-0102.xml","Data Analysis"
"Asseler J","Desire for children and fertility preservation in transgender and gender-diverse people: A systematic review","Best Practice & Research Clinical Obstetrics & Gynaecology",2023,"linkinghub.elsevier.com/retrieve/pii/S1521693423000019","Review"
"GomezLobo V","Fertility Options for the Transgender and Gender Nonbinary Patient","The Journal of Clinical Endocrinology and Metabolism",2020,"academic.oup.com/jcem/article/105/10/3335/5892794","Review"
"Peri A J S","Rates of Fertility Preservation Use Among Transgender Adolescents","JAMA Pediatrics",2020,"jamanetwork.com/journals/jamapediatrics/fullarticle/2764075","Data Analysis"
"Trottmann M","How do elevated levels of testosterone affect the function of the human fallopian tube and fertility?—New insights","Molecular Reproduction and Development",2020,"onlinelibrary.wiley.com/doi/abs/10.1002/mrd.23291","Data Analysis"
"Myers S A","Fertility preservation for transgender adolescents and young adults: a systematic review","Human Reproduction Update",2019,"academic.oup.com/humupd/article/25/6/694/5601536","Data Analysis"
"Sakkas D","Assisted reproductive technology outcomes in female-to-male transgender patients compared with cisgender patients: a new frontier in reproductive medicine","Fertility and Sterility",2019,"www.fertstert.org/article/S0015-0282(19)30619-3/fulltext","Data Analysis"
"Pastuszak A W","Fertility concerns of the transgender patient","Translational Andrology and Urology",2019,"http://tau.amegroups.com/article/view/26091/24253","Review"
"Spencer J B","Fertility preservation options in transgender people: A review","Reviews in Endocrine and Metabolic Disorders",2018,"http://link.springer.com/10.1007/s11154-018-9462-3","Review"
"Jeftovic M","Gender Dysphoria: Bioethical Aspects of Medical Treatment","BioMed Research International",2018,"www.hindawi.com/journals/bmri/2018/9652305/","Review"
"Tishelman A C","Low Fertility Preservation Utilization Among Transgender Youth","The Journal of Adolescent Health: Official Publication of the Society for Adolescent Medicine",2017,"www.jahonline.org/article/S1054-139X(16)30958-2/fulltext","Data Analysis"
"CohenKettenis P T","Clinical management of gender identity disorder in adolescents: a protocol on psychological and paediatric endocrinology aspects","European Journal of Endocrinology",2006,"academic.oup.com/ejendo/article-abstract/155/Supplement_1/S131/6695708?redirectedFrom=fulltext","Data Analysis"
"Maheshwari C","Fertility preservation in transgender youth from initial counseling through preservation procedures: A retrospective cross-sectional study","Journal of Pediatric and Adolescent Gynecology",2026,"www.jpagonline.org/article/S1083-3188(26)00005-7/abstract","Data Analysis"
"Troka E","Semen Quality in Transgender Individuals Seeking Fertility Preservation","Andrology",2026,"onlinelibrary.wiley.com/doi/abs/10.1111/andr.70268","Data Analysis"
"Gieles N C","Appraisal of Sexual Life Among Midlife and Older Transgender People in The Netherlands Receiving Long-Term Gender-Affirming Medical Care","Journal of Sex & Marital Therapy",2026,"doi.org/10.1080/0092623X.2026.2662324","Data Analysis"
"Neuville P","Sexuality and erectile function in transgender women prior to gender-affirming surgery: a descriptive study","The Journal of Sexual Medicine",2026,"doi.org/10.1093/jsxmed/qdag125","Data Analysis"
"Ferrando C A","Clitoral sensation and report of orgasm following vulvoplasty and vaginoplasty surgery in transgender women","The Journal of Sexual Medicine",2025,"https://doi.org/10.1093/jsxmed/qdaf290","Data Analysis"
"Lunn M R","Testosterone use and sexual function among transgender men and gender diverse people assigned female at birth","American Journal of Obstetrics and Gynecology",2023,"linkinghub.elsevier.com/retrieve/pii/S0002937823006051","Data Analysis"
"Lami A","Changes in cardiometabolic risk factors in transmasculine individuals over 10 years of Gender-Affirming Hormone Therapy","Journal of Endocrinological Investigation",2026,"doi.org/10.1007/s40618-026-02906-3","Data Analysis"
"Fauchier L","Response to Dr. Sarah C.J. Jorgensen's letter: Addressing Immortal Time Bias and Methodological Concerns in Testosterone Therapy Research","European Journal of Endocrinology",2025,"doi.org/10.1093/ejendo/lvaf238","Editorial"
"Vaduva P","Testosterone therapy and the risk of atrial fibrillation, venous thromboembolism and cardiovascular events in cis men with hypogonadism and trans men","European Journal of Endocrinology",2025,"doi.org/10.1093/ejendo/lvaf183","Data Analysis"
"Scarbro S L","Body Composition and Markers of Cardiometabolic Health in Transgender Youth on Gonadotropin-Releasing Hormone Agonists","Transgender Health",2021,"www.liebertpub.com/doi/10.1089/trgh.2020.0029","Data Analysis"
"Nguyen T","Cardiovascular Disease Risk Factors and Myocardial Infarction in the Transgender Population","Circulation: Cardiovascular Quality and Outcomes",2019,"www.ahajournals.org/doi/10.1161/CIRCOUTCOMES.119.005597","Data Analysis"
"Ielapi N","Transgender Vascular Health: Interactions Between Gender Identity, Hormone Therapy, and Vascular Disease Risk","Journal of Vascular Diseases",2026,"www.mdpi.com/2813-2475/5/3/23","Review"
"Cunningham H","Venous Thromboembolism in Transgender and Gender Diverse Individuals on Estrogen-Based Gender-Affirming Hormone Therapy","Journal of Clinical Medicine",2026,"www.mdpi.com/2077-0383/15/11/4166","Data Analysis"
"Tuisku K","Psychiatric Morbidity Among Adolescents and Young Adults Who Contacted Specialised Gender Identity Services in Finland in 1996–2019: A Register Study","Acta Paediatrica",2026,"onlinelibrary.wiley.com/doi/10.1111/apa.70533","Data Analysis"
"Fernandez M I","Fluidity in Reporting Gender Identity Labels in a Sample of Transgender and Gender Diverse Adolescents and Young Adults, Los Angeles, California, and New Orleans, Louisiana, 2017-2019","Public Health Reports",2024,"http://journals.sagepub.com/doi/10.1177/00333549231223922","Data Analysis"
"Littman L","The U.S. Transgender Survey of 2015 Supports Rapid-Onset Gender Dysphoria: Revisiting the “Age of Realization and Disclosure of Gender Identity Among Transgender Adults.”","Archives of Sexual Behavior",2023,"link.springer.com/10.1007/s10508-023-02754-9","Editorial"
"Xie H","The mean age of gender dysphoria diagnosis is decreasing","General Psychiatry",2023,"onlinelibrary.wiley.com/doi/10.1136/gpsych-2022-100972","Data Analysis"
"McClure G","Australian children and adolescents with gender dysphoria: Clinical presentations and challenges experienced by a multidisciplinary team and gender service","Human Systems",2021,"journals.sagepub.com/doi/10.1177/26344041211010777","Data Analysis"
"Chudleigh C","Attachment Patterns in Children and Adolescents With Gender Dysphoria","Frontiers in Psychology",2021,"www.frontiersin.org/journals/psychology/articles/10.3389/fpsyg.2020.582688/full","Data Analysis"
"Bradley S J","A Follow-Up Study of Boys With Gender Identity Disorder","Frontiers in Psychiatry",2021,"www.frontiersin.org/articles/10.3389/fpsyt.2021.632784/full","Data Analysis"
"Clifford D","Gender incongruence in children, adolescents, and adults","British Journal of General Practice",2019,"http://bjgp.org/lookup/doi/10.3399/bjgp19X701909","Editorial"
"Carmichael P","Evidence for a Change in the Sex Ratio of Children Referred for Gender Dysphoria: Data From the Gender Identity Development Service in London (2000–2017)","The Journal of Sexual Medicine",2018,"linkinghub.elsevier.com/retrieve/pii/S174360951831107X","Data Analysis"
"Giovanardi G","Sex Ratio in Children and Adolescents Referred to the Gender Identity Development Service in the UK (2009–2016)","Archives of Sexual Behavior",2018,"http://link.springer.com/10.1007/s10508-018-1204-9","Editorial"
"Steensma T D","Gender dysphoria in childhood","International Review of Psychiatry",2016,"www.tandfonline.com/doi/full/10.3109/09540261.2015.1115754","Review"
"Gorin M","Trans Kids and “Making Up People”","Journal of Controversial Ideas",2026,"journalofcontroversialideas.org/article/6/1/323","Review"
"Barkmann C","Ten years of a gender identity service for children and adolescents in Germany: demographic and clinical patterns","European Child & Adolescent Psychiatry",2026,"link.springer.com/10.1007/s00787-026-03080-w","Data Analysis"
"Dekkers F C M","Characteristics of Dutch Gender Clinic-Referred Adolescents Who Did Not Pursue Gender-Affirming Medical Treatment","Journal of Sex & Marital Therapy",2026,"www.tandfonline.com/doi/full/10.1080/0092623X.2026.2641805","Data Analysis"
"Bruneel L","The evolution of pediatric transgender healthcare in Flanders: Trends in referrals, intakes and gender-affirming interventions over the last 15 years","International Journal of Transgender Health",2026,"doi.org/10.1080/26895269.2025.2452996","Data Analysis"
"Fuchs M","Gender dysphoria in adolescence: examining the rapid-onset hypothesis","neuropsychiatrie",2024,"link.springer.com/10.1007/s40211-024-00500-8","Review"
"Lawrence D","Prevalence of Diverse Genders and Sexualities in Australia and Associations With Five Forms of Child Maltreatment and Multi-type Maltreatment","Child Maltreatment",2024,"http://journals.sagepub.com/doi/10.1177/10775595231226331","Data Analysis"
"Wortman A","Gender as the New Language of Teen Rebellion","Psychodynamic Psychiatry",2023,"guilfordjournals.com/doi/10.1521/pdps.2023.51.4.434","Review"
"OMalley S","Detransition and Desistance Among Previously Trans-Identified Young Adults","Archives of Sexual Behavior",2023,"link.springer.com/10.1007/s10508-023-02716-1","Data Analysis"
"Gould W A","Exploring the gender care experiences and perspectives of individuals who discontinued their transition or detransitioned in Canada","PLOS ONE",2023,"dx.plos.org/10.1371/journal.pone.0293868","Data Analysis"
"Diaz S","Rapid-Onset Gender Dysphoria: Parent Reports on 1,655 Possible Cases","Journal of Open Inquiry in the Behavioral Sciences",2023,"researchers.one/articles/23.10.00002v1","Data Analysis"
"Ledrait A","De la transidentité à la transidentification. Déclenchement rapide de la « dysphorie de genre » chez des adolescents confrontés au malaise pubertaire","L'Évolution Psychiatrique",2023,"linkinghub.elsevier.com/retrieve/pii/S0014385523000312","Data Analysis"
"Hackett T","Care of Transgender Patients: A General Practice Quality Improvement Approach","Healthcare",2022,"www.mdpi.com/2227-9032/10/1/121","Data Analysis"
"Mitchell L","Access to care and frequency of detransition among a cohort discharged by a UK national adult gender identity clinic: retrospective case-note review","BJPsych Open",2021,"www.cambridge.org/core/product/identifier/S205647242101022X/type/journal_article","Data Analysis"
"Steensma T D","Re-evaluation of the Dutch approach: are recently referred transgender youth different compared to earlier referrals?","European Child & Adolescent Psychiatry",2020,"http://link.springer.com/10.1007/s00787-019-01394-6","Data Analysis"
"Hutchinson A","Debate: The pressing need for research and services for gender desisters/detransitioners","Child and Adolescent Mental Health",2020,"www.researchgate.net/publication/338627442_Debate_The_pressing_need_for_research_and_services_for_gender_desistersdetransitioners","Editorial"
"Midgen M","In Support of Research Into Rapid-Onset Gender Dysphoria","Archives of Sexual Behavior",2020,"http://link.springer.com/10.1007/s10508-019-01517-9","Editorial"
"Lindberg N","Gender identities in adolescent population: Methodological issues and prevalence across age groups","European Psychiatry",2019,"www.cambridge.org/core/product/identifier/S092493380000897X/type/journal_article","Data Analysis"
"Romer D","Parent reports of adolescents and young adults perceived to show signs of a rapid onset of gender dysphoria","PLOS ONE",2018,"dx.plos.org/10.1371/journal.pone.0202330","Data Analysis"
"Bergman H","Gender dysphoria in adolescence: current perspectives","Adolescent Health, Medicine and Therapeutics",2018,"www.dovepress.com/gender-dysphoria-in-adolescence-current-perspectives-peer-reviewed-article-AHMT","Review"
"Sumia M","Two years of gender identity service for minors: overrepresentation of natal girls with severe problems in adolescent development","Child and Adolescent Psychiatry and Mental Health",2015,"http://www.capmh.com/content/9/1/9","Data Analysis"
"Steensma T D","Evidence for an Altered Sex Ratio in Clinic‐Referred Adolescents with Gender Dysphoria","The Journal of Sexual Medicine",2015,"www.researchgate.net/publication/271221293_Evidence_for_an_Altered_Sex_Ratio_in_Clinic-Referred_Adolescents_with_Gender_Dysphoria","Data Analysis"
"Lal M","Order of Magnitude: On the Critical Distinction Between Self-Reported Identity and Clinical Prevalence in Adolescent Gender Dysphoria: A Methodological Commentary","Journal of Sex & Marital Therapy",2025,"doi.org/10.1080/0092623X.2025.2566764","Review"
"Joel D","An Exploration of the Relations Between Self-Reported Gender Identity and Sexual Orientation in an Online Sample of Cisgender Individuals","Archives of Sexual Behavior",2018,"link.springer.com/article/10.1007/s10508-018-1239-y","Data Analysis"
"Kung K T F","Childhood gender-typed behavior and adolescent sexual orientation: A longitudinal population-based study","Developmental Psychology",2017,"psycnet.apa.org/doiLanding?doi=10.1037%2Fdev0000281","Data Analysis"
"Levine S B","Exploring the Psychological Mechanisms of Gender Transition and Detransition","Journal of Sex & Marital Therapy",2026,"doi.org/10.1080/0092623X.2026.2685303","Data Analysis"
"Salaberria K","Sociodemographic and Mental Health Characteristics of Adults with Different Gender Trajectories","Archives of Sexual Behavior",2026,"doi.org/10.1007/s10508-026-03475-5","Data Analysis"
"Mokashi A","Stability of Transgender Identity in Adolescents Seen in Multidisciplinary Specialized Gender Centers: A Multicenter Study in Canada","Journal of Adolescent Health",2026,"www.sciencedirect.com/science/article/pii/S1054139X26001175","Data Analysis"
"Geels R E S","Psychological and physical effects of short-term discontinuation of feminizing gender-affirming hormone therapy among older transgender women: a within-subject clinical trial","Human Reproduction",2026,"doi.org/10.1093/humrep/deag087","Data Analysis"
"SalinasQuiroz F","Is gender truly stable? Longitudinal changes in gender identity in a Dutch community sample","European Journal of Developmental Psychology",2026,"www.tandfonline.com/doi/full/10.1080/17405629.2026.2659027","Data Analysis"
"Newman K","Gender fluidity and detransition: Results of a cross-sectional online survey of sexual and gender minorities living in the US and Canada","The Journal of LGBTQ+ Mental Health",2026,"doi.org/10.1080/30678935.2026.2653130","Data Analysis"
"McLamore Q","“Desistance”: A multimethod review of the literature on gender identity variability in transgender and gender diverse youth","Psychology of Sexual Orientation and Gender Diversity",2026,"psycnet.apa.org/record/2027-49819-001","Review"
"Tolmunen T","Gender dysphoria and personality disorders: associations with proceeding to and discontinuing medical gender reassignment","Nordic Journal of Psychiatry",2025,"www.tandfonline.com/doi/full/10.1080/08039488.2025.2558931","Data Analysis"
"PérezFernández J I","A qualitative metasummary of detransition experiences with recommendations for psychological support","International Journal of Clinical and Health Psychology",2024,"linkinghub.elsevier.com/retrieve/pii/S1697260024000322","Data Analysis"
"Kia H","A typology of pathways to detransition: Considerations for care practice with transgender and gender diverse people who stop or reverse their gender transition.","Psychology of Sexual Orientation and Gender Diversity",2023,"MacKinnon, K. R., Kia, H., Gould, W. A., Ross, L. E., Abramovich, A., Enxuga, G., Lam, J. S. H.
(2023)
  A typology of pathways to detransition: Considerations for care practice with transgender and gender diverse people who stop or reverse their gender transition..
    Psychology of Sexual Orientation and Gender Diversity,
          http://doi.apa.org/getdoi.cfm?doi=10.1037/sgd0000678","Review"
"Chudleigh C","Developmental Pathway Choices of Young People Presenting to a Gender Service with Gender Distress: A Prospective Follow-Up Study","Children",2023,"www.mdpi.com/2227-9067/10/2/314","Data Analysis"
"Bewley S","Breastfeeding grief after chest masculinisation mastectomy and detransition: A case report with lessons about unanticipated harm","Frontiers in Global Women's Health",2023,"www.frontiersin.org/articles/10.3389/fgwh.2023.1073053/full","Case Study"
"Salaberria K","Gender detransition: A critical review of the literature","Actas Esp Psiquiatr",2023,"actaspsiquiatria.es/index.php/actas/article/view/36","Review"
"Kia H","Health Care Experiences of Patients Discontinuing or Reversing Prior Gender-Affirming Treatments","JAMA Network Open",2022,"jamanetwork.com/journals/jamanetworkopen/fullarticle/2794543","Data Analysis"
"DAngelo R","Letter to the Editor: Regret after Gender-affirmation Surgery: A Systematic Review and Meta-analysis of Prevalence","Plastic and Reconstructive Surgery - Global Open",2021,"journals.lww.com/10.1097/GOX.0000000000003951","Editorial"
"Loo S S","Factors Leading to “Detransition” Among Transgender and Gender Diverse People in the United States: A Mixed-Methods Analysis","LGBT Health",2021,"pmc.ncbi.nlm.nih.gov/articles/PMC8213007/","Data Analysis"
"Gómez Balaguer M","Transsexuality: Transitions, detransitions, and regrets in Spain","Endocrinología, Diabetes y Nutrición (English ed.)",2020,"linkinghub.elsevier.com/retrieve/pii/S2530018020301360","Data Analysis"
"Nota N M","The Amsterdam Cohort of Gender Dysphoria Study (1972–2015): Trends in Prevalence, Treatment, and Regrets","The Journal of Sexual Medicine",2018,"linkinghub.elsevier.com/retrieve/pii/S1743609518300572","Data Analysis"
"Scully K","Severe Hyperandrogenism Secondary to Polycystic Ovarian Syndrome in a Gender-diverse Adolescent","JCEM Case Reports",2025,"pmc.ncbi.nlm.nih.gov/articles/PMC12418000/","Case Study"
"Araya A","Anticipatory Guidance for Discontinuation of Gender-Affirming Hormonal Care in Adolescent Patients","The Journal of Pediatrics",2026,"linkinghub.elsevier.com/retrieve/pii/S0022347626001733","Editorial"
"Haugan G","Suicide attempts, self-harm and suicidal ideation among Norwegian university students with eating disorders and disordered eating: the SHoT study 2018 and 2022","BMC Psychiatry",2026,"doi.org/10.1186/s12888-026-08229-0","Data Analysis"
"Blackford J U","Concerns Regarding Data Modelling and Interpretation in Ruuska et al.","Acta Paediatrica",2026,"onlinelibrary.wiley.com/doi/10.1111/apa.70617","Editorial"
"Tuisku K","Response to the Critique by Edmiston et al., Banos et al. and Sandri et al. of Ruuska et al.","Acta Paediatrica",2026,"onlinelibrary.wiley.com/doi/10.1111/apa.70618","Editorial"
"Roia A","Psychiatric Contacts Are Not Outcomes: Interpreting Evidence in Gender‐Referred Youth","Acta Paediatrica",2026,"onlinelibrary.wiley.com/doi/10.1111/apa.70619","Editorial"
"Patrascu M","Letter of Concern About Ruuska et al. From 4 April 2026","Acta Paediatrica",2026,"onlinelibrary.wiley.com/doi/10.1111/apa.70620","Editorial"
"Pence B W","Trajectories of antidepressant dispensing among privately insured transgender people in the United States","Scientific Reports",2026,"www.nature.com/articles/s41598-026-51351-y","Data Analysis"
"Sim P","Methodological considerations for evaluating policy impacts on transgender and non-binary youth suicidality","Nature Human Behaviour",2026,"www.nature.com/articles/s41562-026-02467-8","Editorial"
"Hobbs J N","Reply to: Methodological considerations for evaluating policy impacts on transgender and non-binary youth suicidality","Nature Human Behaviour",2026,"www.nature.com/articles/s41562-026-02478-5","Editorial"
"Rodgers R F","Correlates of body dissatisfaction and eating disorder symptoms in transgender and gender diverse populations: A systematic review","Body Image",2026,"www.sciencedirect.com/science/article/pii/S1740144525001809","Data Analysis"
"Saade Z","Short Research Article: Autism spectrum disorder and gender dysphoria among adolescents in a large, integrated health system","Child and Adolescent Mental Health",2026,"acamh.onlinelibrary.wiley.com/doi/10.1111/camh.70042","Data Analysis"
"Kaltiala R","Depression and anxiety among transgender-identifying adolescents in psychiatric outpatient care","International Journal of Adolescent Medicine and Health",2025,"www.degruyterbrill.com/document/doi/10.1515/ijamh-2025-0104/html","Data Analysis"
"Paldanius M","The relationship between GD and ED in adolescents seeking for medical GR","European Journal of Developmental Psychology",2025,"www.tandfonline.com/doi/full/10.1080/17405629.2025.2564408","Data Analysis"
"Hobbs J N","State-level anti-transgender laws increase past-year suicide attempts among transgender and non-binary young people in the USA","Nature Human Behaviour",2024,"www.nature.com/articles/s41562-024-01979-5","Data Analysis"
"Balasubramanian P","Screen use in transgender and gender-questioning adolescents: Findings from the Adolescent Brain Cognitive Development (ABCD) Study","Annals of epidemiology",2024,"www.sciencedirect.com/science/article/pii/S1047279724000632?via%3Dihub","Data Analysis"
"Gutvilig M","Transmission of Mental Disorders in Adolescent Peer Networks","JAMA Psychiatry",2024,"jamanetwork.com/journals/jamapsychiatry/fullarticle/2818735","Data Analysis"
"Meier A","Mechanisms linking social media use to adolescent mental health vulnerability","Nature Reviews Psychology",2024,"www.nature.com/articles/s44159-024-00307-y","Review"
"Geierstanger S","Mental Health Needs, Barriers, and Receipt of Care Among Transgender and Nonbinary Adolescents","Journal of Adolescent Health",2024,"linkinghub.elsevier.com/retrieve/pii/S1054139X24001654","Data Analysis"
"Visser K","A Pilot Study on the Effect of Peer Support on Quality of Life of Adolescents with Autism Spectrum Disorder and Gender Dysphoria","Journal of Autism and Developmental Disorders",2024,"link.springer.com/10.1007/s10803-022-05832-4","Data Analysis"
"Tuisku K","All-cause and suicide mortalities among adolescents and young adults who contacted specialised gender identity services in Finland in 1996–2019: a register study","BMJ Mental Health",2024,"mentalhealth.bmj.com/lookup/doi/10.1136/bmjment-2023-300940","Data Analysis"
"Holttinen T","Have the psychiatric needs of people seeking gender reassignment changed as their numbers increase? A register study in Finland","European Psychiatry",2023,"www.cambridge.org/core/product/identifier/S0924933823024719/type/journal_article","Data Analysis"
"Karukivi M","The nature of co-morbid psychopathology in adolescents with gender dysphoria","Psychiatry Research",2022,"linkinghub.elsevier.com/retrieve/pii/S0165178122004875","Data Analysis"
"MeyerBahlburg H F L","Late-Onset Transgender Identity Development of Adolescents in Psychotherapy for Mood and Anxiety Problems: Approach to Assessment and Treatment","Archives of Sexual Behavior",2019,"http://link.springer.com/10.1007/s10508-018-1362-9","Data Analysis"
"Tynkkynen L","Experimental treatment of gender dysphoria in patients with non-binary gender identities: A retrospective register study and quality control","Psychiatria Fennica",2019,"www.psykiatriantutkimussaatio.fi/wp-content/uploads/2021/05/Psychiatria_Fennica-2019_Kettula-et-al..pdf","Data Analysis"
"Anderssen N","Gender-affirming health care needs, barriers to care, and health and wellbeing in a broad nationwide sample of transgender people in Norway","BMC Public Health",2025,"pmc.ncbi.nlm.nih.gov/articles/PMC12681104/","Data Analysis"
"Fysh M C","Baseline findings from the Longitudinal Outcomes of Gender Identity in Children (LOGIC) study","The British Journal of Psychiatry",2025,"www.cambridge.org/core/journals/the-british-journal-of-psychiatry/article/baseline-findings-from-the-longitudinal-outcomes-of-gender-identity-in-children-logic-study/29C43BF6360C11D9977362F805AF0311","Data Analysis"
"Mannerström H","Early-onset trans-sensitive therapy as part of gender dysphoria care–a pilot randomized controlled trial","Nordic Journal of Psychiatry",2025,"doi.org/10.1080/08039488.2025.2589850","Data Analysis"
"DAngelo R","Formulation concepts in the care of children and adolescents identifying as transgender or gender diverse","Australasian Psychiatry",2025,"doi.org/10.1177/10398562251362739","Review"
"Panozzo D","“Ethical Care in Secret”: Qualitative Data from an International Survey of Exploratory Therapists Working with Gender-Questioning Clients","Journal of Sex & Marital Therapy",2024,"www.tandfonline.com/doi/full/10.1080/0092623X.2024.2329761","Data Analysis"
"Smithee L","Demonstrating Attachment‐Based Family Therapy for Transgender and Gender Diverse Youth with Suicidal Thoughts and Behavior: A Case Study","Family process",2022,"onlinelibrary.wiley.com/doi/10.1111/famp.12677","Case Study"
"Syrulnik E","One Size Does Not Fit All: In Support of Psychotherapy for Gender Dysphoria","Archives of Sexual Behavior",2020,"http://link.springer.com/10.1007/s10508-020-01844-2","Editorial"
"Spiliadis A","‘Taking the lid off the box’: The value of extended clinical assessment for adolescents presenting with gender identity difficulties","Clinical Child Psychology and Psychiatry",2019,"http://journals.sagepub.com/doi/10.1177/1359104518825288","Data Analysis"
"Crasnow E","Gender/ed identities: an overview of our current work as child psychotherapists in the Gender Identity Development Service","Journal of Child Psychotherapy",2018,"doi.org/10.1080/0075417X.2018.1443150","Case Study"
"Zucker K J","Cognitive-Behavioral Treatment of Gender Dysphoria in Youth: Opportunities, Challenges, and Responsibilities","Current Opinion in Psychology",2026,"linkinghub.elsevier.com/retrieve/pii/S2352250X26000618","Review"
"Kuiper B","Transexuality and psychotherapy","Tijdschrift Voor Psychotherapie",1984,"www.semanticscholar.org/paper/Transexuality-and-psychotherapy-Cohen-Kettenis-Kuiper/25337c85366442c712c4c11528f7ca2925890b7e?sort=relevance&pdf=true","Review"
"Levine S B","Expressive Psychotherapy With Gender Dysphoric Patients","Archives of General Psychiatry",1981,"http://archpsyc.jamanetwork.com/article.aspx?doi=10.1001/archpsyc.1981.01780330082009","Data Analysis"
"Lothstein L M","Transsexualism or the Gender Dysphoria Syndromes","Journal of Sex & Marital Therapy",1981,"http://www.tandfonline.com/doi/abs/10.1080/00926238108406096","Review"
"Russo A J","Homosexual outcome of discordant gender identity/role in childhood: Longitudinal follow-up","Journal of Pediatric Psychology",1979,"academic.oup.com/jpepsy/article-abstract/4/1/29/900244","Data Analysis"
"Harrison S I","Gender identity change in a female adolescent transsexual","Archives of Sexual Behavior",1977,"deepblue.lib.umich.edu/handle/2027.42/44103","Case Study"
"Nordenström A","Global Disorders of Sex Development Update since 2006: Perceptions, Approach and Care","Hormone Research in Paediatrics",2016,"www.karger.com/Article/FullText/442975","Review"
"Houk C P","Consensus Statement on Management of Intersex Disorders","Pediatrics",2006,"http://pediatrics.aappublications.org/cgi/doi/10.1542/peds.2006-0738","Position Statement"
"Alanko K","Genetic and Environmental Influences on Sexual Orientation: Moderation by Childhood Gender Nonconformity and Early-Life Adversity","Archives of Sexual Behavior",2024,"link.springer.com/10.1007/s10508-023-02761-w","Data Analysis"
"Karalexi M","Gender dysphoria in twins: a register-based population study","Scientific Reports",2022,"doi.org/10.1038/s41598-022-17749-0","Data Analysis"
"Haque M","Maturation of the adolescent brain","Neuropsychiatric Disease and Treatment",2013,"www.dovepress.com/maturation-of-the-adolescent-brain-peer-reviewed-fulltext-article-NDT","Review"
"Brown A","Strength, power and aerobic capacity of transgender athletes: a cross-sectional study","British Journal of Sports Medicine",2024,"bjsm.bmj.com/lookup/doi/10.1136/bjsports-2023-108029","Data Analysis"
"Hunter S K","Hormonal Basis of Biological Sex Differences in Human Athletic Performance","Endocrinology",2024,"academic.oup.com/endo/article/doi/10.1210/endocr/bqae036/7639012","Editorial"
"Bewley S","Effective Communication About Pregnancy, Birth, Lactation, Breastfeeding and Newborn Care: The Importance of Sexed Language","Frontiers in Global Women's Health",2022,"www.frontiersin.org/articles/10.3389/fgwh.2022.818856/full","Editorial"
"McCartney M","Sex, gender, and medical data","BMJ",2021,"www.researchgate.net/publication/350208937_Sex_gender_and_medical_data","Editorial"
"Arnold A P","Considering Sex as a Biological Variable in Basic and Clinical Studies: An Endocrine Society Scientific Statement","Endocrine Reviews",2021,"academic.oup.com/edrv/advance-article/doi/10.1210/endrev/bnaa034/6159361","Position Statement"
"Kalkan A T","Body composition and cardiometabolic changes during gender-affirming hormone therapy: 12-month longitudinal study","Endocrine Research",2026,"doi.org/10.1080/07435800.2026.2692682","Data Analysis"
"Holmberg M","Editorial: Gender affirming hormone therapy and its immunological implications","Frontiers in Immunology",2026,"www.frontiersin.org/journals/immunology/articles/10.3389/fimmu.2026.1832442/full","Editorial"
"Güngör Ö","Impact of testosterone-based gender-affirming hormone therapy on toll-like receptor transcript levels and peripheral blood leukocyte counts in transmasculine individuals","Frontiers in Immunology",2026,"www.frontiersin.org/journals/immunology/articles/10.3389/fimmu.2026.1752956/full","Data Analysis"
"Sakpetch T","Non-Medical Gender Affirming Practices Among Transgender Individuals: A Systematic Review on the Health Implications of Chest Binding and Genital Tucking","International Journal of Sexual Health",2026,"doi.org/10.1080/19317611.2025.2560416","Data Analysis"
"Hunter P K","Obstacles to progress in paediatric gender medicine","European Journal of Developmental Psychology",2025,"www.tandfonline.com/doi/full/10.1080/17405629.2025.2546574","Editorial"
"Pearce T","Plasma testosterone concentration is correlated with circulating immune cell abundance in transgender young people on gender-affirming hormone treatment","Frontiers in Immunology",2025,"www.frontiersin.org/journals/immunology/articles/10.3389/fimmu.2025.1608543/full","Data Analysis"
"Southgate A","Critically appraising the Cass Report: Methodological flaws and unsupported claims","BMC Medical Research Methodology",2025,"doi.org/10.1186/s12874-025-02581-7","Review"
"Nguyen N N L","Epigenetic remodeling by sex hormone receptors and implications for gender affirming hormone therapy","Frontiers in Immunology",2025,"www.frontiersin.org/journals/immunology/articles/10.3389/fimmu.2025.1501959/full","Review"
"Yalcinkaya R","Immune dynamics throughout life in relation to sex hormones and perspectives gained from gender-affirming hormone therapy","Frontiers in Immunology",2025,"www.frontiersin.org/journals/immunology/articles/10.3389/fimmu.2024.1501364/full","Review"
"Hall R","Clinical guidelines for children and adolescents experiencing gender dysphoria or incongruence: a systematic review of guideline quality (part 1)","Archives of Disease in Childhood",2024,"adc.bmj.com/lookup/doi/10.1136/archdischild-2023-326499","Data Analysis"
"Hall R","Care pathways of children and adolescents referred to specialist gender services: a systematic review","Archives of Disease in Childhood",2024,"adc.bmj.com/content/early/2024/04/09/archdischild-2023-326760","Data Analysis"
"Hall R","Clinical guidelines for children and adolescents experiencing gender dysphoria or incongruence: a systematic review of recommendations (part 2)","Archives of Disease in Childhood",2024,"adc.bmj.com/lookup/doi/10.1136/archdischild-2023-326500","Data Analysis"
"Hall R","Characteristics of children and adolescents referred to specialist gender services: a systematic review","Archives of Disease in Childhood",2024,"adc.bmj.com/lookup/doi/10.1136/archdischild-2023-326681","Data Analysis"
"Sarovic D","A PRISMA systematic review of adolescent gender dysphoria literature: 2) mental health","PLOS Global Public Health",2024,"journals.plos.org/globalpublichealth/article?id=10.1371/journal.pgph.0000426","Review"
"Diamond J B","Bicalutamide-Induced Hepatotoxicity in a Transgender Male-to-Female Adolescent","Journal of Adolescent Health",2024,"linkinghub.elsevier.com/retrieve/pii/S1054139X23004342","Case Study"
"Wiepjes C M","Transgender Girls Grow Tall: Adult Height Is Unaffected by GnRH Analogue and Estradiol Treatment","The Journal of Clinical Endocrinology & Metabolism",2022,"academic.oup.com/jcem/advance-article/doi/10.1210/clinem/dgac349/6603101","Data Analysis"
"Sarovic D","A PRISMA systematic review of adolescent gender dysphoria literature: 1) Epidemiology","PLOS Global Public Health",2022,"dx.plos.org/10.1371/journal.pgph.0000245","Data Analysis"
"Diamond D A","Prostatic metaplasia of the vagina in transmasculine individuals","World Journal of Urology",2022,"link.springer.com/10.1007/s00345-021-03907-y","Data Analysis"
"Hawthorne O","Supporting young people to manage gender-related distress using third-wave cognitive behavioural theory, ideas and practice","Clinical Child Psychology and Psychiatry",2022,"https://psychiatryonline.org/doi/10.1176/appi.ajp.2020.19111130","Editorial"
"Tollit M A","A Waitlist Intervention for Transgender Young People and Psychosocial Outcomes","Pediatrics",2021,"publications.aap.org/pediatrics/article/148/2/e2020042762/179754/A-Waitlist-Intervention-for-Transgender-Young","Data Analysis"
"Yelisetti R","Acute Pancreatitis in the Transgender Population","Cureus",2021,"www.cureus.com/articles/63707-acute-pancreatitis-in-the-transgender-population","Case Study"
"Connolly D","International clinical practice guidelines for gender minority/trans people: systematic review and quality assessment","BMJ Open",2021,"bmjopen.bmj.com/lookup/doi/10.1136/bmjopen-2021-048943","Data Analysis"
"Self H","Pubertal timing predicts adult psychosexuality: Evidence from typically developing adults and adults with isolated GnRH deficiency","Psychoneuroendocrinology",2020,"linkinghub.elsevier.com/retrieve/pii/S0306453020301529","Data Analysis"
"Laidlaw M K","Gender-Affirmation Surgery Conclusion Lacks Evidence","American Journal of Psychiatry",2020,"http://ajp.psychiatryonline.org/doi/10.1176/appi.ajp.2020.19111130","Editorial"
"Gillberg C","Methodological Shortcomings Undercut Statement in Support of Gender-Affirming Surgery","American Journal of Psychiatry",2020,"ajp.psychiatryonline.org/doi/10.1176/appi.ajp.2020.19111117","Editorial"
"Kwan D","Uterus transplantation as a fertility option in transgender healthcare","International Journal of Transgender Health",2020,"www.tandfonline.com/doi/full/10.1080/15532739.2019.1599764","Editorial"
"Bellingham M","Spatial memory is impaired by peripubertal GnRH agonist treatment and testosterone replacement in sheep","Psychoneuroendocrinology",2017,"www.sciencedirect.com/science/article/pii/S0306453016305595","Data Analysis"
"Lisso F","Nutritional Monitoring During Gender-Affirming Hormone Therapy: Body Composition and Metabolic Implications","Nutrients",2026,"www.mdpi.com/2072-6643/18/12/1967","Data Analysis"
"Moser C N","Changes in Suicidality among Transgender Adolescents Following Hormone Therapy: An Extended Study","The Journal of Pediatrics",2026,"linkinghub.elsevier.com/retrieve/pii/S002234762500424X","Data Analysis"
"Mitchell I","The Cass Review and Gender-Related Care for Young People in Canada: A Commentary on the Canadian Paediatric Society Position Statement on Transgender and Gender-Diverse Youth","Archives of Sexual Behavior",2025,"doi.org/10.1007/s10508-025-03335-8","Editorial"
"Eugster E A","Observations of the effect of gonadotropin-releasing hormone analog treatment on psychosocial well-being in transgender youth and their caregivers – a pilot study","Journal of Pediatric Endocrinology and Metabolism",2025,"www.degruyterbrill.com/document/doi/10.1515/jpem-2025-0108/html","Data Analysis"
"Clayton A","Obstacles to progress in paediatric gender medicine","European Journal of Developmental Psychology",2025,"www.tandfonline.com/doi/full/10.1080/17405629.2025.2546574","Editorial"
"van der Miesen A I R","Sexual satisfaction and dysfunction in transgender adults following puberty suppression treatment during adolescence","The Journal of Sexual Medicine",2025,"doi.org/10.1093/jsxmed/qdaf095","Data Analysis"
"Gould W A","“Providers had no idea what to do with me”: A mixed-methods analysis of detransition/retransition support, care, and information needs among sexual and gender minority individuals","International Journal of Transgender Health",2025,"www.tandfonline.com/doi/full/10.1080/26895269.2025.2538744","Data Analysis"
"Wang L","Mental and Emotional Health of Youth after 24 months of Gender-Affirming Medical Care Initiated with Pubertal Suppression","medRxiv",2025,"www.medrxiv.org/content/10.1101/2025.05.14.25327614v1","Preprint"
"KulatungaMoruzi C","Pediatric gender affirming care is not evidence-based","Current Sexual Health Reports",2025,"link.springer.com/10.1007/s11930-025-00404-w","Review"
"Thompson A","Fertility preservation: is there a model for gender-dysphoric youth?","Frontiers in Endocrinology",2025,"www.frontiersin.org/articles/10.3389/fendo.2025.1386716/full","Review"
"Hoekstra C","A Legal Assessment of the Dutch Protocol for Transgender Care to Children: Evidence, Ethics and Procedure","Family & Law",2025,"www.boomportaal.nl/doi/10.5553/FenR/.000069","Review"
"Gerritse K","Gender-affirming medical treatment for adolescents: A critical reflection on “effective” treatment outcomes","BMC Medical Ethics",2024,"bmcmedethics.biomedcentral.com/articles/10.1186/s12910-024-01143-8","Review"
"Ibrahim S","Mastectomy for individuals with gender dysphoria below 26 years of age: A systematic review and meta-analysis","Plastic and Reconstructive Surgery",2024,"journals.lww.com/10.1097/PRS.0000000000011734","Data Analysis"
"Noor I M","Gender-affirming hormone therapy and suicide-related outcomes in transgender and gender-diverse populations: a systematic review and meta-analysis","Mental Wellness",2026,"www.mental-wellness-journal.net/mw/article/view/42","Data Analysis"
"Hall R","Psychosocial support interventions for children and adolescents experiencing gender dysphoria or incongruence: a systematic review","Archives of Disease in Childhood",2024,"adc.bmj.com/content/early/2024/04/09/archdischild-2023-326347","Data Analysis"
"Hewitt C E","Impact of social transition in relation to gender for children and adolescents: a systematic review","Archives of Disease in Childhood",2024,"adc.bmj.com/content/early/2024/04/09/archdischild-2023-326112","Data Analysis"
"Ibrahim S","Puberty blockers for gender dysphoria in youth: A systematic review and meta-analysis","Archives of Disease in Childhood",2025,"adc.bmj.com/content/early/2025/01/29/archdischild-2024-327909","Data Analysis"
"Kaiser A","Beyond NICE: Updated systematic review on the current evidence for using puberty blockers and cross-sex hormones in minors with gender dysphoria: Electronic supplementary online materials I: adapted abbreviated English version","Zeitschrift für Kinder- und Jugendpsychiatrie und Psychotherapie",2024,"econtent.hogrefe.com/doi/suppl/10.1024/1422-4917/a000972/suppl_file/1422-4917_a000972_esm1.pdf","Data Analysis"
"Hall R","Interventions to suppress puberty in adolescents experiencing gender dysphoria or incongruence: a systematic review","Archives of Disease in Childhood",2024,"adc.bmj.com/content/early/2024/04/09/archdischild-2023-326669","Data Analysis"
"Wilson P","A PRISMA systematic review of adolescent gender dysphoria literature: 3) treatment","PLOS Global Public Health",2023,"dx.plos.org/10.1371/journal.pgph.0001478","Data Analysis"
"Höistad M","A systematic review of hormone treatment for children with gender dysphoria and recommendations for research","Acta Paediatrica",2023,"onlinelibrary.wiley.com/doi/abs/10.1111/apa.16791","Data Analysis"
"Roldan Y M","Gender affirming hormone therapy for individuals with gender dysphoria aged <26 years: a systematic review and meta-analysis","Archives of Disease in Childhood",2025,"adc.bmj.com/content/early/2025/02/06/archdischild-2024-327921","Data Analysis"
"Hall R","Masculinising and feminising hormone interventions for adolescents experiencing gender dysphoria or incongruence: a systematic review","Archives of Disease in Childhood",2024,"adc.bmj.com/content/early/2024/04/09/archdischild-2023-326670","Data Analysis"
"Moraes R S","The Effect of Gender-Affirming Hormone Therapy on the Risk of Subclinical Atherosclerosis in the Transgender Population: A Systematic Review","Endocrine Practice",2023,"linkinghub.elsevier.com/retrieve/pii/S1530891X22009090","Data Analysis"
"Sharma R","Hormone Therapy, Mental Health, and Quality of Life Among Transgender People: A Systematic Review","Journal of the Endocrine Society",2021,"academic.oup.com/jes/article/doi/10.1210/jendso/bvab011/6126016","Data Analysis"
"Romanos G","Systematic Review of the Long-Term Effects of Transgender Hormone Therapy on Bone Markers and Bone Mineral Density and Their Potential Effects in Implant Therapy","Journal of Clinical Medicine",2019,"www.mdpi.com/2077-0383/8/6/784","Data Analysis"
"Williams K","Hormonal Treatment in Young People With Gender Dysphoria: A Systematic Review","Pediatrics",2018,"www.academia.edu/57779740/Hormonal_Treatment_in_Young_People_With_Gender_Dysphoria_A_Systematic_Review","Data Analysis"
"Kaltiala R","Quality of the World Professional Association for Transgender Health Guideline Standards of Care 8: An Appraisal Using the AGREE II Instrument","Archives of Sexual Behavior",2026,"link.springer.com/10.1007/s10508-025-03399-6","Data Analysis"
"Bucher J","Endocrine care of transgender and gender-diverse adults: Swiss recommendations","Swiss Medical Weekly",2026,"smw.ch/index.php/smw/article/view/5059","Review"
"Butler G","Endocrine Management of Transgender and Gender-Diverse Adolescents: Expert Opinion of the ESPE Working Group on Gender Incongruence and the Endo-ERN Main Thematic Group on Sexual Development and Maturation","Hormone Research in Paediatrics",2024,"doi.org/10.1159/000542904","Review"
"Bouman W P","Standards of care for the health of transgender and gender diverse people, version 8","International Journal of Transgender Health",2022,"www.tandfonline.com/doi/full/10.1080/26895269.2022.2100644","Review"
"Gooren L J G","Endocrine Treatment of Gender-Dysphoric/Gender-Incongruent Persons: An Endocrine Society Clinical Practice Guideline","Endocrine Practice",2017,"academic.oup.com/jcem/article/102/11/3869/4157558","Review"
"Cohn J","The Influence of Politics on Psychological Interventions for Pediatric Gender Dysphoria","Current Opinion in Psychology",2026,"www.sciencedirect.com/science/article/pii/S2352250X26000503","Review"
"KalGala R","Hormonal and surgical treatment for gender dysphoria in young people – beneﬁcial or not? [Sukupuoliahdistuksen hormonaalinen ja kirurginen hoito nuoruusiässä – hyötyä vai ei?]","Suom Lääkäril [Finnish Medical Journal]",2023,"www.laakarilehti.fi/site/assets/files/654775/article_pdf_73878.pdf","Review"
"Ion R","Gender dysphoria in young people: The Interim Cass Review and its implications for nursing","Journal of Clinical Nursing",2022,"onlinelibrary.wiley.com/doi/10.1111/jocn.16553","Editorial"
"Patrick L","Gender Dysphoria in children and young people: The implications for clinical staff of the Bell V’s Tavistock Judicial Review and Appeal Ruling","Journal of Clinical Nursing",2021,"onlinelibrary.wiley.com/doi/10.1111/jocn.16164","Editorial"
"Withers R","The communication of evidence to inform trans youth health care","The Lancet Child & Adolescent Health",2021,"www.thelancet.com/journals/lanchi/article/PIIS2352-4642(21)00197-8/abstract","Editorial"
"Mason J W","Letter to the Editor from William J. Malone et al: “Proper Care of Transgender and Gender-diverse Persons in the Setting of Proposed Discrimination: A Policy Perspective”","The Journal of Clinical Endocrinology & Metabolism",2021,"academic.oup.com/jcem/advance-article/doi/10.1210/clinem/dgab205/6190133","Editorial"
"Safer J D","Proper Care of Transgender and Gender Diverse Persons in the Setting of Proposed Discrimination: A Policy Perspective*","The Journal of Clinical Endocrinology & Metabolism",2021,"academic.oup.com/jcem/article/106/2/305/6031005","Editorial"
"Mirabella M","Gender Diverse Children and Adolescents in Italy: A Qualitative Study on Specialized Centers’ Model of Care and Network","International Journal of Environmental Research and Public Health",2020,"www.mdpi.com/1660-4601/17/24/9536","Data Analysis"
"Steensma T D","Gender incongruence and gender dysphoria in childhood and adolescence—current insights in diagnostics, management, and follow-up","European Journal of Pediatrics",2020,"http://link.springer.com/10.1007/s00431-020-03906-y","Review"
"Byng R","Sex, gender and gender identity: a re-evaluation of the evidence","BJPsych Bulletin",2020,"www.cambridge.org/core/product/identifier/S205646942000073X/type/journal_article","Editorial"
"Donovan K","The Right to Best Care for Children Does Not Include the Right to Medical Transition","The American Journal of Bioethics",2019,"www.tandfonline.com/doi/full/10.1080/15265161.2018.1557288","Editorial"
"Clifford D","Redesigning gender identity services: an opportunity to generate evidence","BMJ",2018,"www.bmj.com/lookup/doi/10.1136/bmj.k4490","Editorial"
"Moore J K","Twenty-five is not a neurobiologically determined age of maturity for gender-affirming medical decision-making","Psychoneuroendocrinology",2025,"www.sciencedirect.com/science/article/pii/S0306453025002781","Editorial"
"Mason J W","What Are We Doing to These Children? Response to Drescher, Clayton, and Balon Commentaries on Levine et al., 2022","Journal of Sex & Marital Therapy",2022,"www.tandfonline.com/doi/full/10.1080/0092623X.2022.2136117","Editorial"
"Mason J W","Reconsidering Informed Consent for Trans-Identified Children, Adolescents, and Young Adults","Journal of Sex & Marital Therapy",2022,"www.tandfonline.com/doi/full/10.1080/0092623X.2022.2046221","Review"
"Holm S","Gender dysphoria in adolescents: can adolescents or parents give valid consent to puberty blockers?","Journal of Medical Ethics",2021,"jme.bmj.com/lookup/doi/10.1136/medethics-2020-106999","Review"
"Twisk J W R","From Concept to Protocol: Iterative Approach of a Target Trial Emulation on GnRH Analogue Safety in Transgender and Gender Diverse Youth","European Journal of Endocrinology",2026,"doi.org/10.1093/ejendo/lvag105","Data Analysis"
"Masson C","Puberty Suppression for Pediatric Gender Dysphoria and the Child’s Right to an Open Future","Archives of Sexual Behavior",2024,"link.springer.com/10.1007/s10508-024-02850-4","Review"
"Mason J W","The Myth of “Reliable Research” in Pediatric Gender Medicine: A critical evaluation of the Dutch Studies—and research that has followed","Journal of Sex & Marital Therapy",2023,"www.tandfonline.com/doi/full/10.1080/0092623X.2022.2150346","Editorial"
"Regenstreif L","Puberty blockers for gender dysphoric youth: A lack of sound science","Journal of the American College of Clinical Pharmacy",2022,"accpjournals.onlinelibrary.wiley.com/doi/full/10.1002/jac5.1691","Editorial"
"Clarke P","Commentary: The Signal and the Noise—questioning the benefits of puberty blockers for youth with gender dysphoria—a commentary on Rew et al. (2021)","Child and Adolescent Mental Health",2021,"onlinelibrary.wiley.com/doi/10.1111/camh.12533","Editorial"
"Beck S","Puberty blockers for gender dysphoria: the science is far from settled","The Lancet Child & Adolescent Health",2021,"linkinghub.elsevier.com/retrieve/pii/S2352464221002352","Editorial"
"Gillam L","Forever young? The ethics of ongoing puberty suppression for non-binary adults","Journal of Medical Ethics",2020,"jme.bmj.com/lookup/doi/10.1136/medethics-2019-106012","Case Study"
"McCune N","Use of puberty blockers for gender dysphoria: a momentous step in the dark","Archives of Disease in Childhood",2019,"adc.bmj.com/content/104/6/611","Editorial"
"Thompson P","Correspondence: Psychosocial Functioning in Transgender Youth after Hormones","New England Journal of Medicine",2023,"doi.org/10.1056/nejmc2302030","Editorial"
"Van Meter Q L","Letter to the Editor from Laidlaw et al: “Erythrocytosis in a Large Cohort of Transgender Men Using Testosterone: A Long-Term Follow-Up Study on Prevalence, Determinants, and Exposure Years”","The Journal of Clinical Endocrinology & Metabolism",2021,"academic.oup.com/jcem/advance-article/doi/10.1210/clinem/dgab514/6326472","Editorial"
"Hruz P W","Letter to the Editor: “Endocrine Treatment of Gender-Dysphoric/Gender-Incongruent Persons: An Endocrine Society Clinical Practice Guideline”","The Journal of Clinical Endocrinology & Metabolism",2019,"academic.oup.com/jcem/article/104/3/686/5198654","Editorial"
"Krude H","Gender Identity Disorders in Childhood and Adolescence","Deutsches Ärzteblatt International",2008,"www.aerzteblatt.de/int/archive/article/62554","Review"
"Corona F","Nonmedical Gender-Affirming Practices in Transgender and Gender Diverse Adolescents: A Narrative Review","Transgender Health",2026,"doi.org/10.1089/trgh.2023.0194","Review"
"Leshin R A","Stability and Change in Gender Identity and Sexual Orientation Across Childhood and Adolescence","Monographs of the Society for Research in Child Development",2025,"srcd.onlinelibrary.wiley.com/doi/10.1111/mono.12479","Review"
"de Graaf N M","Is Social Gender Transition Associated with Mental Health Status in Children and Adolescents with Gender Dysphoria?","Archives of Sexual Behavior",2023,"link.springer.com/10.1007/s10508-023-02588-5","Data Analysis"
"Horton R","Gender Identity 5 Years After Social Transition","Pediatrics",2022,"publications.aap.org/pediatrics/article/doi/10.1542/peds.2021-056082/186992/Gender-Identity-5-Years-After-Social-Transition","Data Analysis"
"Barkmann C","Not social transition status, but peer relations and family functioning predict psychological functioning in a German clinical sample of children with Gender Dysphoria","Clinical Child Psychology and Psychiatry",2020,"http://journals.sagepub.com/doi/10.1177/1359104520964530","Data Analysis"
"Russell S T","Predictors and Mental Health Benefits of Chosen Name Use Among Transgender Youth","Youth & Society",2019,"http://journals.sagepub.com/doi/10.1177/0044118X19855898","Data Analysis"
"Li T G F","Childhood social gender transition and psychosocial well-being: A comparison to cisgender gender-variant children","Clinical Practice in Pediatric Psychology",2019,"journals.sagepub.com/doi/10.1037/cpp0000295","Data Analysis"
"Li G","Chosen Name Use Is Linked to Reduced Depressive Symptoms, Suicidal Ideation, and Suicidal Behavior Among Transgender Youth","The Journal of Adolescent Health: Official Publication of the Society for Adolescent Medicine",2018,"www.jahonline.org/article/S1054-139X(18)30085-5/fulltext","Data Analysis"
"Olson K R","Mental Health and Self-Worth in Socially Transitioned Transgender Youth","Journal of the American Academy of Child & Adolescent Psychiatry",2017,"www.jaacap.org/article/S0890-8567(16)31941-4/abstract","Data Analysis"
"Weinand J","Health impact of chest binding among transgender adults: a community-engaged, cross-sectional study","Culture, Health & Sexuality",2017,"www.tandfonline.com/doi/full/10.1080/13691058.2016.1191675","Data Analysis"
"Fuld J","P257 Understanding the effects on lung function of chest binder use in the transgender population","Thorax",2016,"thorax.bmj.com/lookup/doi/10.1136/thoraxjnl-2016-209333.400","Conference Abstract"
"DeMeules M","Mental Health of Transgender Children Who Are Supported in Their Identities","Pediatrics",2016,"http://pediatrics.aappublications.org/lookup/doi/10.1542/peds.2015-3223","Data Analysis"
"Kreukels B P C","Factors Associated With Desistence and Persistence of Childhood Gender Dysphoria: A Quantitative Follow-Up Study","Journal of the American Academy of Child & Adolescent Psychiatry",2013,"linkinghub.elsevier.com/retrieve/pii/S0890856713001871","Data Analysis"
"Kappesser K","Gender-affirming care for transgender and gender-diverse youth in Oregon: trends over time","Research Connections",2026,"academic.oup.com/rescon/article/doi/10.1093/rescon/vmag049/8657075","Data Analysis"
"Kreukels B P C","The Dutch approach for transgender adolescents; past, present and future perspectives","European Journal of Developmental Psychology",2026,"www.tandfonline.com/doi/full/10.1080/17405629.2026.2615311","Review"
"Klink D T","Continuation of gender-affirming hormones in transgender people starting puberty suppression in adolescence: a cohort study in the Netherlands","The Lancet Child & Adolescent Health",2022,"pubmed.ncbi.nlm.nih.gov/36273487/","Data Analysis"
"Arnoldussen M","Medical decision-making competence regarding puberty suppression: perceptions of transgender adolescents, their parents and clinicians","European Child & Adolescent Psychiatry",2022,"link.springer.com/10.1007/s00787-022-02076-6","Data Analysis"
"Collin A","Mental health outcomes in transgender and nonbinary youths receiving gender-affirming care","JAMA Network Open",2022,"jamanetwork.com/journals/jamanetworkopen/fullarticle/2789423","Data Analysis"
"Masic U","Short-term outcomes of pubertal suppression in a selected cohort of 12 to 15 year old young people with persistent gender dysphoria in the UK","PLOS ONE",2021,"dx.plos.org/10.1371/journal.pone.0243894","Data Analysis"
"Masic U","A Longitudinal Study of Features Associated with Autism Spectrum in Clinic Referred, Gender Diverse Adolescents Accessing Puberty Suppression Treatment","Journal of Autism and Developmental Disorders",2021,"http://link.springer.com/10.1007/s10803-020-04698-8","Data Analysis"
"Popma A","Sexual Experiences of Young Transgender Persons During and After Gender-Affirmative Treatment","Pediatrics",2020,"http://pediatrics.aappublications.org/lookup/doi/10.1542/peds.2019-1411","Data Analysis"
"CohenKettenis P T","Bone Development in Transgender Adolescents Treated With GnRH Analogues and Subsequent Gender-Affirming Hormones","The Journal of Clinical Endocrinology & Metabolism",2020,"academic.oup.com/jcem/article/doi/10.1210/clinem/dgaa604/5903559","Data Analysis"
"Eaton N R","Longitudinal impact of gender-affirming endocrine intervention on the mental health and well-being of transgender youths: preliminary results","International Journal of Pediatric Endocrinology",2020,"ijpeonline.biomedcentral.com/articles/10.1186/s13633-020-00078-2","Data Analysis"
"Soll B M B","Brain Maturation, Cognition and Voice Pattern in a Gender Dysphoria Case under Pubertal Suppression","Frontiers in Human Neuroscience",2017,"http://journal.frontiersin.org/article/10.3389/fnhum.2017.00528/full","Data Analysis"
"den Heijer M","Effect of pubertal suppression and cross-sex hormone therapy on bone turnover markers and bone mineral apparent density (BMAD) in transgender adolescents","Bone",2017,"linkinghub.elsevier.com/retrieve/pii/S8756328216303337","Data Analysis"
"Delemarrevan de Waal H A","Efficacy and Safety of Gonadotropin-Releasing Hormone Agonist Treatment to Suppress Puberty in Gender Dysphoric Adolescents","The Journal of Sexual Medicine",2016,"linkinghub.elsevier.com/retrieve/pii/S1743609516302193","Data Analysis"
"Heijboer A C","Bone Mass in Young Adulthood Following Gonadotropin-Releasing Hormone Analog Treatment and Cross-Sex Hormone Treatment in Adolescents With Gender Dysphoria","The Journal of Clinical Endocrinology & Metabolism",2015,"academic.oup.com/jcem/article-lookup/doi/10.1210/jc.2014-2439","Data Analysis"
"Skagerberg E M","Psychological Support, Puberty Suppression, and Psychosocial Functioning in Adolescents with Gender Dysphoria","The Journal of Sexual Medicine",2015,"https://doi.org/10.1111/jsm.13034","Data Analysis"
"Steensma T D","Young Adult Psychological Outcome After Puberty Suppression and Gender Reassignment","Pediatrics",2014,"http://pediatrics.aappublications.org/cgi/doi/10.1542/peds.2013-2958","Data Analysis"
"Doreleijers T A H","Puberty Suppression in Adolescents With Gender Identity Disorder: A Prospective Follow‐Up Study","The Journal of Sexual Medicine",2011,"linkinghub.elsevier.com/retrieve/pii/S1743609515336171","Data Analysis"
"Steensma T D","Puberty Suppression in a Gender-Dysphoric Adolescent: A 22-Year Follow-Up","Archives of Sexual Behavior",2011,"http://link.springer.com/10.1007/s10508-011-9758-9","Case Study"
"Diedrich K","Gonadotrophin-releasing hormone (GnRH) and GnRH agonists: mechanisms of action","Reproductive BioMedicine Online",2002,"www.rbmojournal.com/article/S1472-6483(11)60210-1/abstract","Data Analysis"
"Brezin F","Retrospective Cohort Study of Transgender Adolescents at Strasbourg University Hospital","Children",2026,"www.mdpi.com/2227-9067/13/6/789","Data Analysis"
"van Diemen J J K","Socioeconomic status among Dutch adults using gender-affirming hormone therapy: comparison with the general population and trajectories around hormone therapy initiation","International Journal of Transgender Health",2026,"doi.org/10.1080/26895269.2026.2636978","Data Analysis"
"Chan Y M","Anger, Aggression, and Irritability in Transgender and Gender Diverse Youth Following Testosterone Initiation: A 12-Month Longitudinal Analysis","Journal of Adolescent Health",2026,"www.jahonline.org/article/S1054-139X(25)00827-4/","Data Analysis"
"Silva E D D","Heart rate variability in transgender people receiving Gender-Affirming hormone therapy","Endocrine",2026,"link.springer.com/article/10.1007/s12020-025-04512-4","Data Analysis"
"Alto L D S M","Cardiovascular mortality associated with testosterone therapy in cisgender women and transgender men: a systematic review","Frontiers in Endocrinology",2026,"www.frontiersin.org/journals/endocrinology/articles/10.3389/fendo.2026.1789504/full","Data Analysis"
"Petrie D","All-cause and cause-specific mortality among transgender and gender diverse people: a nationwide cohort study in Australia","The Lancet Regional Health – Western Pacific",2026,"www.thelancet.com/journals/lanwpc/article/PIIS2666-6065(26)00017-9/fulltext","Data Analysis"
"Klink D T","Effects of gender-affirming hormone therapy from adolescence to adulthood on bone mineral density, body composition and muscle strength","eClinicalMedicine",2026,"linkinghub.elsevier.com/retrieve/pii/S2589537025006595","Data Analysis"
"Vargas Fiesco D C","Cerebral Venous Sinus Thrombosis Associated With Testosterone Use as Gender-Affirming Hormone Therapy in a Transgender Patient: Case Report and Literature Review","Clinical Case Reports",2026,"onlinelibrary.wiley.com/doi/abs/10.1002/ccr3.72714","Case Study"
"Cohn J","Emerging and accumulating safety signals for the use of estrogen among transgender women","Discover Mental Health",2025,"doi.org/10.1007/s44192-025-00216-3","Review"
"Moretti E","Pelvic Floor Dysfunction in Transgender Men on Gender-affirming Hormone Therapy: A Descriptive Cross-sectional Study","International Urogynecology Journal",2024,"link.springer.com/10.1007/s00192-024-05779-3","Data Analysis"
"Van Den Heuvel O A","Changes in depression symptom profile with gender-affirming hormone use in transgender persons","Journal of Affective Disorders",2024,"linkinghub.elsevier.com/retrieve/pii/S0165032723015252","Data Analysis"
"Wiepjes C M","The dose-dependent effect of estrogen on bone mineral density in trans girls","European Journal of Endocrinology",2023,"academic.oup.com/ejendo/advance-article/doi/10.1093/ejendo/lvad116/7244658","Data Analysis"
"Chu L","Adherence to Gender Affirming Hormone Therapy in Transgender Adolescents and Adults: A Retrospective Cohort Study","The Journal of Clinical Endocrinology & Metabolism",2023,"academic.oup.com/jcem/advance-article/doi/10.1210/clinem/dgad306/7184149","Data Analysis"
"Chan Y M","Psychosocial functioning in transgender youth after 2 years of hormones","New England Journal of Medicine",2023,"http://www.nejm.org/doi/10.1056/NEJMoa2206297","Data Analysis"
"Daga A","The effect of gender-affirming hormone treatment on serum creatinine in transgender and gender-diverse youth: implications for estimating GFR","Pediatric Nephrology",2022,"link.springer.com/article/10.1007/s00467-022-05445-0","Data Analysis"
"Adirim T A","Continuation of Gender-affirming Hormones Among Transgender Adolescents and Adults","The Journal of Clinical Endocrinology & Metabolism",2022,"academic.oup.com/jcem/advance-article/doi/10.1210/clinem/dgac251/6572526","Data Analysis"
"Zhang Q","Is There a Link Between Hormone Use and Diabetes Incidence in Transgender People? Data from the STRONG Cohort","The Journal of Clinical Endocrinology & Metabolism",2021,"academic.oup.com/jcem/article/107/4/e1549/6429721","Data Analysis"
"Cantor J M","Timing of peripubertal steroid exposure predicts visuospatial cognition in men: Evidence from three samples","Hormones and Behavior",2020,"linkinghub.elsevier.com/retrieve/pii/S0018506X20300386","Data Analysis"
"Työläjärvi M","Adolescent development and psychosocial functioning after starting cross-sex hormones for gender dysphoria","Nordic Journal of Psychiatry",2020,"www.tandfonline.com/doi/full/10.1080/08039488.2019.1691260","Data Analysis"
"De Maertelaere A S","Effects of Gender-Affirming Hormone Therapy on Insulin Sensitivity and Incretin Responses in Transgender People","Diabetes Care",2020,"diabetesjournals.org/care/article/43/2/411/36004/Effects-of-Gender-Affirming-Hormone-Therapy-on","Data Analysis"
"Vink P","Bone Mineral Density in Transgender Individuals After Gonadectomy and Long-Term Gender-Affirming Hormonal Treatment","The Journal of Sexual Medicine",2019,"linkinghub.elsevier.com/retrieve/pii/S174360951931238X","Data Analysis"
"Hannema S E","Physical changes, laboratory parameters, and bone mineral density during testosterone treatment in adolescents with gender dysphoria","The Journal of Sexual Medicine",2019,"www.sciencedirect.com/science/article/abs/pii/S1743609519312731","Data Analysis"
"de Blok C J M","Occurrence of Acute Cardiovascular Events in Transgender Individuals Receiving Hormone Therapy: Results From a Large Cohort Study","Circulation",2019,"www.ahajournals.org/doi/10.1161/CIRCULATIONAHA.118.038584","Data Analysis"
"Flanders W D","Cross-sex Hormones and Acute Cardiovascular Events in Transgender Persons","Annals of internal medicine",2018,"www.ncbi.nlm.nih.gov/pmc/articles/PMC6636681/","Data Analysis"
"de Blok C J M","The occurrence of benign brain tumours in transgender individuals during cross-sex hormone treatment","Brain",2018,"academic.oup.com/brain/article/141/7/2047/4983052","Data Analysis"
"Clark L F","Physiologic Response to Gender-Affirming Hormones Among Transgender Youth","Journal of Adolescent Health",2018,"linkinghub.elsevier.com/retrieve/pii/S1054139X17304123","Data Analysis"
"Kaufmann U","Effects of testosterone treatment on hypothalamic neuroplasticity in female-to-male transgender individuals","Brain Structure & Function",2018,"link.springer.com/article/10.1007/s00429-017-1494-z","Data Analysis"
"Hermans E J","Testosterone reduces functional connectivity during the ‘Reading the Mind in the Eyes’ Test","Psychoneuroendocrinology",2016,"pmc.ncbi.nlm.nih.gov/articles/PMC6345363/","Data Analysis"
"Bothwell L G","Risk of Suicide and Self-Harm Following Gender-Affirmation Surgery","Cureus",2024,"www.cureus.com/articles/201512-risk-of-suicide-and-self-harm-following-gender-affirmation-surgery","Data Analysis"
"Hernandez A E","Major complications of sigmoid vaginoplasty: a case series","Journal of Surgical Case Reports",2023,"academic.oup.com/jscr/article/doi/10.1093/jscr/rjad333/7195771","Data Analysis"
"Lem M","Non-typhoidal Salmonella soft-tissue infection after gender affirming subcutaneous mastectomy case report","Case Reports in Plastic Surgery & Hand Surgery",2023,"www.tandfonline.com/doi/10.1080/23320885.2023.2185621","Case Study"
"Boskey E R","Mastectomy in Transgender and Cisgender Patients: A Comparative Analysis of Epidemiology and Postoperative Outcomes","Plastic and Reconstructive Surgery - Global Open",2019,"journals.lww.com/01720096-201906000-00007","Data Analysis"
"Anzai L","Masculinizing Top Surgery: A Systematic Review of Techniques and Outcomes","Annals of Plastic Surgery",2018,"journals.lww.com/annalsplasticsurgery/abstract/2018/06000/masculinizing_top_surgery__a_systematic_review_of.18.aspx","Data Analysis"
"Okonta V","Chest Reconstruction and Chest Dysphoria in Transmasculine Minors and Young Adults: Comparisons of Nonsurgical and Postsurgical Cohorts","JAMA Pediatrics",2018,"http://archpedi.jamanetwork.com/article.aspx?doi=10.1001/jamapediatrics.2017.5440","Data Analysis"
"Wright L N","Quality of life improvement after chest wall masculinization in female-to-male transgender patients: A prospective study using the BREAST-Q and Body Uneasiness Test","Journal of Plastic, Reconstructive & Aesthetic Surgery",2018,"www.researchgate.net/publication/394441514_Improvement_in_Quality_of_Life_in_Transmasculine_Individuals_After_Chest_Masculinization_Surgery","Review"
"Elfering L","Body Image in Transmen: Multidimensional Measurement and the Effects of Mastectomy","The Journal of Sexual Medicine",2016,"www.sciencedirect.com/science/article/pii/S1743609516304052?via%3Dihub","Data Analysis"
"Arver S","An Analysis of All Applications for Sex Reassignment Surgery in Sweden, 1960–2010: Prevalence, Incidence, and Regrets","Archives of Sexual Behavior",2014,"http://link.springer.com/10.1007/s10508-014-0300-8","Data Analysis"
"CohenKettenis P T","Adolescents With Gender Identity Disorder Who Were Accepted or Rejected for Sex Reassignment Surgery: A Prospective Follow-up Study","Journal of the American Academy of Child & Adolescent Psychiatry",2001,"linkinghub.elsevier.com/retrieve/pii/S089085670960397X","Data Analysis"
"Morel Journel N","Urethral complications after gender-affirming genital surgery: prevention and reconstructive management","Current Opinion in Urology",2026,"journals.lww.com/co-urology/abstract/9900/urethral_complications_after_gender_affirming.333.aspx","Review"
"Roblee C V","Patient-Reported Outcomes and Body Mass Index in Adolescents and Young Adults After Gender-Affirming Chest Surgery: A Single-Center Cross-Sectional Study","Annals of Surgery Open",2026,"journals.lww.com/aosopen/fulltext/2026/06000/patient_reported_outcomes_and_body_mass_index_in.28.aspx","Data Analysis"
"Van Offel S","Bone health in gender-diverse individuals: current challenges and future directions","Hormones",2026,"doi.org/10.1007/s42000-026-00793-0","Review"
"Klink D T","Bone Mineral Density in Transgender Adolescents Treated With Puberty Suppression and Subsequent Gender-Affirming Hormones","JAMA Pediatrics",2023,"jamanetwork.com/journals/jamapediatrics/fullarticle/2811155","Data Analysis"
"Cools M","Impact of gender-affirming treatment on bone health in transgender and gender diverse youth","Endocrine Connections",2022,"ec.bioscientifica.com/view/journals/ec/11/11/EC-22-0280.xml","Review"
"Ecklund K","Changes in Bone Marrow Adipose Tissue in Transgender and Gender Non-Conforming Youth Undergoing Pubertal Suppression: A Pilot Study","Journal of Clinical Densitometry",2022,"linkinghub.elsevier.com/retrieve/pii/S1094695022000713","Data Analysis"
"OlsonKennedy J","Low Bone Mineral Density in Early Pubertal Transgender/Gender Diverse Youth: Findings From the Trans Youth Care Study","Journal of the Endocrine Society",2020,"academic.oup.com/jes/article/doi/10.1210/jendso/bvaa065/5866143","Data Analysis"
"Butler G","The effect of GnRH analogue treatment on bone mineral density in young adolescents with gender dysphoria: findings from a large national cohort","Journal of Pediatric Endocrinology and Metabolism",2019,"http://www.degruyter.com/view/j/jpem.2019.32.issue-10/jpem-2019-0046/jpem-2019-0046.xml","Data Analysis"
"Hawthorn R","The ovaries of transgender men indicate effects of high dose testosterone on the primordial and early growing follicle pool","Reproduction and Fertility",2023,"raf.bioscientifica.com/view/journals/raf/4/2/RAF-22-0102.xml","Data Analysis"
"Huirne J","Desire for children and fertility preservation in transgender and gender-diverse people: A systematic review","Best Practice & Research Clinical Obstetrics & Gynaecology",2023,"linkinghub.elsevier.com/retrieve/pii/S1521693423000019","Review"
"Chung H E","Rates of Fertility Preservation Use Among Transgender Adolescents","JAMA Pediatrics",2020,"jamanetwork.com/journals/jamapediatrics/fullarticle/2764075","Data Analysis"
"Bour S","How do elevated levels of testosterone affect the function of the human fallopian tube and fertility?—New insights","Molecular Reproduction and Development",2020,"onlinelibrary.wiley.com/doi/abs/10.1002/mrd.23291","Data Analysis"
"Yee S","Fertility preservation for transgender adolescents and young adults: a systematic review","Human Reproduction Update",2019,"academic.oup.com/humupd/article/25/6/694/5601536","Data Analysis"
"Pang S","Assisted reproductive technology outcomes in female-to-male transgender patients compared with cisgender patients: a new frontier in reproductive medicine","Fertility and Sterility",2019,"www.fertstert.org/article/S0015-0282(19)30619-3/fulltext","Data Analysis"
"Myers J B","Fertility concerns of the transgender patient","Translational Andrology and Urology",2019,"http://tau.amegroups.com/article/view/26091/24253","Review"
"Schirmer D A","Fertility preservation options in transgender people: A review","Reviews in Endocrine and Metabolic Disorders",2018,"http://link.springer.com/10.1007/s11154-018-9462-3","Review"
"Pusica S","Gender Dysphoria: Bioethical Aspects of Medical Treatment","BioMed Research International",2018,"www.hindawi.com/journals/bmri/2018/9652305/","Review"
"Caltabellotta N M","Low Fertility Preservation Utilization Among Transgender Youth","The Journal of Adolescent Health: Official Publication of the Society for Adolescent Medicine",2017,"www.jahonline.org/article/S1054-139X(16)30958-2/fulltext","Data Analysis"
"Murphy T E","Fertility preservation in transgender youth from initial counseling through preservation procedures: A retrospective cross-sectional study","Journal of Pediatric and Adolescent Gynecology",2026,"www.jpagonline.org/article/S1083-3188(26)00005-7/abstract","Data Analysis"
"Raffo M","Semen Quality in Transgender Individuals Seeking Fertility Preservation","Andrology",2026,"onlinelibrary.wiley.com/doi/abs/10.1111/andr.70268","Data Analysis"
"Kreukels B P C","Appraisal of Sexual Life Among Midlife and Older Transgender People in The Netherlands Receiving Long-Term Gender-Affirming Medical Care","Journal of Sex & Marital Therapy",2026,"doi.org/10.1080/0092623X.2026.2662324","Data Analysis"
"Freton L","Sexuality and erectile function in transgender women prior to gender-affirming surgery: a descriptive study","The Journal of Sexual Medicine",2026,"doi.org/10.1093/jsxmed/qdag125","Data Analysis"
"Chen B","Testosterone use and sexual function among transgender men and gender diverse people assigned female at birth","American Journal of Obstetrics and Gynecology",2023,"linkinghub.elsevier.com/retrieve/pii/S0002937823006051","Data Analysis"
"Dones A","Changes in cardiometabolic risk factors in transmasculine individuals over 10 years of Gender-Affirming Hormone Therapy","Journal of Endocrinological Investigation",2026,"doi.org/10.1007/s40618-026-02906-3","Data Analysis"
"Balkau B","Testosterone therapy and the risk of atrial fibrillation, venous thromboembolism and cardiovascular events in cis men with hypogonadism and trans men","European Journal of Endocrinology",2025,"doi.org/10.1093/ejendo/lvaf183","Data Analysis"
"Moreau K L","Body Composition and Markers of Cardiometabolic Health in Transgender Youth on Gonadotropin-Releasing Hormone Agonists","Transgender Health",2021,"www.liebertpub.com/doi/10.1089/trgh.2020.0029","Data Analysis"
"Ryan A","Cardiovascular Disease Risk Factors and Myocardial Infarction in the Transgender Population","Circulation: Cardiovascular Quality and Outcomes",2019,"www.ahajournals.org/doi/10.1161/CIRCOUTCOMES.119.005597","Data Analysis"
"Talarico A","Transgender Vascular Health: Interactions Between Gender Identity, Hormone Therapy, and Vascular Disease Risk","Journal of Vascular Diseases",2026,"www.mdpi.com/2813-2475/5/3/23","Review"
"Batchelder H R","Venous Thromboembolism in Transgender and Gender Diverse Individuals on Estrogen-Based Gender-Affirming Hormone Therapy","Journal of Clinical Medicine",2026,"www.mdpi.com/2077-0383/15/11/4166","Data Analysis"
"Holttinen T","Psychiatric Morbidity Among Adolescents and Young Adults Who Contacted Specialised Gender Identity Services in Finland in 1996–2019: A Register Study","Acta Paediatrica",2026,"onlinelibrary.wiley.com/doi/10.1111/apa.70533","Data Analysis"
"Ward D H","Fluidity in Reporting Gender Identity Labels in a Sample of Transgender and Gender Diverse Adolescents and Young Adults, Los Angeles, California, and New Orleans, Louisiana, 2017-2019","Public Health Reports",2024,"http://journals.sagepub.com/doi/10.1177/00333549231223922","Data Analysis"
"Biggs M","The U.S. Transgender Survey of 2015 Supports Rapid-Onset Gender Dysphoria: Revisiting the “Age of Realization and Disclosure of Gender Identity Among Transgender Adults.”","Archives of Sexual Behavior",2023,"link.springer.com/10.1007/s10508-023-02754-9","Editorial"
"Metsutnan V","The mean age of gender dysphoria diagnosis is decreasing","General Psychiatry",2023,"onlinelibrary.wiley.com/doi/10.1136/gpsych-2022-100972","Data Analysis"
"Chudleigh C","Australian children and adolescents with gender dysphoria: Clinical presentations and challenges experienced by a multidisciplinary team and gender service","Human Systems",2021,"journals.sagepub.com/doi/10.1177/26344041211010777","Data Analysis"
"McClure G","Attachment Patterns in Children and Adolescents With Gender Dysphoria","Frontiers in Psychology",2021,"www.frontiersin.org/journals/psychology/articles/10.3389/fpsyg.2020.582688/full","Data Analysis"
"Zucker K J","A Follow-Up Study of Boys With Gender Identity Disorder","Frontiers in Psychiatry",2021,"www.frontiersin.org/articles/10.3389/fpsyt.2021.632784/full","Data Analysis"
"McCartney M","Gender incongruence in children, adolescents, and adults","British Journal of General Practice",2019,"http://bjgp.org/lookup/doi/10.3399/bjgp19X701909","Editorial"
"Steensma T D","Evidence for a Change in the Sex Ratio of Children Referred for Gender Dysphoria: Data From the Gender Identity Development Service in London (2000–2017)","The Journal of Sexual Medicine",2018,"linkinghub.elsevier.com/retrieve/pii/S174360951831107X","Data Analysis"
"Zitz C","Sex Ratio in Children and Adolescents Referred to the Gender Identity Development Service in the UK (2009–2016)","Archives of Sexual Behavior",2018,"http://link.springer.com/10.1007/s10508-018-1204-9","Editorial"
"Fahrenkrug S","Ten years of a gender identity service for children and adolescents in Germany: demographic and clinical patterns","European Child & Adolescent Psychiatry",2026,"link.springer.com/10.1007/s00787-026-03080-w","Data Analysis"
"Steensma T D","Characteristics of Dutch Gender Clinic-Referred Adolescents Who Did Not Pursue Gender-Affirming Medical Treatment","Journal of Sex & Marital Therapy",2026,"www.tandfonline.com/doi/full/10.1080/0092623X.2026.2641805","Data Analysis"
"Van Schuylenbergh J","The evolution of pediatric transgender healthcare in Flanders: Trends in referrals, intakes and gender-affirming interventions over the last 15 years","International Journal of Transgender Health",2026,"doi.org/10.1080/26895269.2025.2452996","Data Analysis"
"Gander M","Gender dysphoria in adolescence: examining the rapid-onset hypothesis","neuropsychiatrie",2024,"link.springer.com/10.1007/s40211-024-00500-8","Review"
"Haslam D M","Prevalence of Diverse Genders and Sexualities in Australia and Associations With Five Forms of Child Maltreatment and Multi-type Maltreatment","Child Maltreatment",2024,"http://journals.sagepub.com/doi/10.1177/10775595231226331","Data Analysis"
"Kerschner H","Detransition and Desistance Among Previously Trans-Identified Young Adults","Archives of Sexual Behavior",2023,"link.springer.com/10.1007/s10508-023-02716-1","Data Analysis"
"Enxuga G","Exploring the gender care experiences and perspectives of individuals who discontinued their transition or detransitioned in Canada","PLOS ONE",2023,"dx.plos.org/10.1371/journal.pone.0293868","Data Analysis"
"Cognet A","De la transidentité à la transidentification. Déclenchement rapide de la « dysphorie de genre » chez des adolescents confrontés au malaise pubertaire","L'Évolution Psychiatrique",2023,"linkinghub.elsevier.com/retrieve/pii/S0014385523000312","Data Analysis"
"Bewley S","Care of Transgender Patients: A General Practice Quality Improvement Approach","Healthcare",2022,"www.mdpi.com/2227-9032/10/1/121","Data Analysis"
"Sachdeva J","Access to care and frequency of detransition among a cohort discharged by a UK national adult gender identity clinic: retrospective case-note review","BJPsych Open",2021,"www.cambridge.org/core/product/identifier/S205647242101022X/type/journal_article","Data Analysis"
"Popma A","Re-evaluation of the Dutch approach: are recently referred transgender youth different compared to earlier referrals?","European Child & Adolescent Psychiatry",2020,"http://link.springer.com/10.1007/s00787-019-01394-6","Data Analysis"
"Spiliadis A","In Support of Research Into Rapid-Onset Gender Dysphoria","Archives of Sexual Behavior",2020,"http://link.springer.com/10.1007/s10508-019-01517-9","Editorial"
"Työläjärvi M","Gender dysphoria in adolescence: current perspectives","Adolescent Health, Medicine and Therapeutics",2018,"www.dovepress.com/gender-dysphoria-in-adolescence-current-perspectives-peer-reviewed-article-AHMT","Review"
"Työläjärvi M","Two years of gender identity service for minors: overrepresentation of natal girls with severe problems in adolescent development","Child and Adolescent Psychiatry and Mental Health",2015,"http://www.capmh.com/content/9/1/9","Data Analysis"
"Blanchard R","Evidence for an Altered Sex Ratio in Clinic‐Referred Adolescents with Gender Dysphoria","The Journal of Sexual Medicine",2015,"www.researchgate.net/publication/271221293_Evidence_for_an_Altered_Sex_Ratio_in_Clinic-Referred_Adolescents_with_Gender_Dysphoria","Data Analysis"
"Hines M","Childhood gender-typed behavior and adolescent sexual orientation: A longitudinal population-based study","Developmental Psychology",2017,"psycnet.apa.org/doiLanding?doi=10.1037%2Fdev0000281","Data Analysis"
"PérezFernández J I","Sociodemographic and Mental Health Characteristics of Adults with Different Gender Trajectories","Archives of Sexual Behavior",2026,"doi.org/10.1007/s10508-026-03475-5","Data Analysis"
"Pacaud D","Stability of Transgender Identity in Adolescents Seen in Multidisciplinary Specialized Gender Centers: A Multicenter Study in Canada","Journal of Adolescent Health",2026,"www.sciencedirect.com/science/article/pii/S1054139X26001175","Data Analysis"
"den Heijer M","Psychological and physical effects of short-term discontinuation of feminizing gender-affirming hormone therapy among older transgender women: a within-subject clinical trial","Human Reproduction",2026,"doi.org/10.1093/humrep/deag087","Data Analysis"
"Te Brinke L W","Is gender truly stable? Longitudinal changes in gender identity in a Dutch community sample","European Journal of Developmental Psychology",2026,"www.tandfonline.com/doi/full/10.1080/17405629.2026.2659027","Data Analysis"
"Khan N K","Gender fluidity and detransition: Results of a cross-sectional online survey of sexual and gender minorities living in the US and Canada","The Journal of LGBTQ+ Mental Health",2026,"doi.org/10.1080/30678935.2026.2653130","Data Analysis"
"Sakaluk J","“Desistance”: A multimethod review of the literature on gender identity variability in transgender and gender diverse youth","Psychology of Sexual Orientation and Gender Diversity",2026,"psycnet.apa.org/record/2027-49819-001","Review"
"Mattila A","Gender dysphoria and personality disorders: associations with proceeding to and discontinuing medical gender reassignment","Nordic Journal of Psychiatry",2025,"www.tandfonline.com/doi/full/10.1080/08039488.2025.2558931","Data Analysis"
"Salaberria K","A qualitative metasummary of detransition experiences with recommendations for psychological support","International Journal of Clinical and Health Psychology",2024,"linkinghub.elsevier.com/retrieve/pii/S1697260024000322","Data Analysis"
"Gould W A","A typology of pathways to detransition: Considerations for care practice with transgender and gender diverse people who stop or reverse their gender transition.","Psychology of Sexual Orientation and Gender Diversity",2023,"MacKinnon, K. R., Kia, H., Gould, W. A., Ross, L. E., Abramovich, A., Enxuga, G., Lam, J. S. H.
(2023)
  A typology of pathways to detransition: Considerations for care practice with transgender and gender diverse people who stop or reverse their gender transition..
    Psychology of Sexual Orientation and Gender Diversity,
          http://doi.apa.org/getdoi.cfm?doi=10.1037/sgd0000678","Review"
"Maguire A M","Developmental Pathway Choices of Young People Presenting to a Gender Service with Gender Distress: A Prospective Follow-Up Study","Children",2023,"www.mdpi.com/2227-9067/10/2/314","Data Analysis"
"Dahlen H G","Breastfeeding grief after chest masculinisation mastectomy and detransition: A case report with lessons about unanticipated harm","Frontiers in Global Women's Health",2023,"www.frontiersin.org/articles/10.3389/fgwh.2023.1073053/full","Case Study"
"PérezFernández J I","Gender detransition: A critical review of the literature","Actas Esp Psiquiatr",2023,"actaspsiquiatria.es/index.php/actas/article/view/36","Review"
"Salway T","Health Care Experiences of Patients Discontinuing or Reversing Prior Gender-Affirming Treatments","JAMA Network Open",2022,"jamanetwork.com/journals/jamanetworkopen/fullarticle/2794543","Data Analysis"
"Almazan A N","Factors Leading to “Detransition” Among Transgender and Gender Diverse People in the United States: A Mixed-Methods Analysis","LGBT Health",2021,"pmc.ncbi.nlm.nih.gov/articles/PMC8213007/","Data Analysis"
"Gomes Porras M","Transsexuality: Transitions, detransitions, and regrets in Spain","Endocrinología, Diabetes y Nutrición (English ed.)",2020,"linkinghub.elsevier.com/retrieve/pii/S2530018020301360","Data Analysis"
"de Blok C J M","The Amsterdam Cohort of Gender Dysphoria Study (1972–2015): Trends in Prevalence, Treatment, and Regrets","The Journal of Sexual Medicine",2018,"linkinghub.elsevier.com/retrieve/pii/S1743609518300572","Data Analysis"
"Quintos J B","Severe Hyperandrogenism Secondary to Polycystic Ovarian Syndrome in a Gender-diverse Adolescent","JCEM Case Reports",2025,"pmc.ncbi.nlm.nih.gov/articles/PMC12418000/","Case Study"
"Connelly K","Anticipatory Guidance for Discontinuation of Gender-Affirming Hormonal Care in Adolescent Patients","The Journal of Pediatrics",2026,"linkinghub.elsevier.com/retrieve/pii/S0022347626001733","Editorial"
"Patten S","Suicide attempts, self-harm and suicidal ideation among Norwegian university students with eating disorders and disordered eating: the SHoT study 2018 and 2022","BMC Psychiatry",2026,"doi.org/10.1186/s12888-026-08229-0","Data Analysis"
"Fournier J C","Concerns Regarding Data Modelling and Interpretation in Ruuska et al.","Acta Paediatrica",2026,"onlinelibrary.wiley.com/doi/10.1111/apa.70617","Editorial"
"Holttinen T","Response to the Critique by Edmiston et al., Banos et al. and Sandri et al. of Ruuska et al.","Acta Paediatrica",2026,"onlinelibrary.wiley.com/doi/10.1111/apa.70618","Editorial"
"Bresciani G","Psychiatric Contacts Are Not Outcomes: Interpreting Evidence in Gender‐Referred Youth","Acta Paediatrica",2026,"onlinelibrary.wiley.com/doi/10.1111/apa.70619","Editorial"
"Ravine A","Letter of Concern About Ruuska et al. From 4 April 2026","Acta Paediatrica",2026,"onlinelibrary.wiley.com/doi/10.1111/apa.70620","Editorial"
"Pate V","Trajectories of antidepressant dispensing among privately insured transgender people in the United States","Scientific Reports",2026,"www.nature.com/articles/s41598-026-51351-y","Data Analysis"
"Kerr K F","Methodological considerations for evaluating policy impacts on transgender and non-binary youth suicidality","Nature Human Behaviour",2026,"www.nature.com/articles/s41562-026-02467-8","Editorial"
"Hobaica S","Reply to: Methodological considerations for evaluating policy impacts on transgender and non-binary youth suicidality","Nature Human Behaviour",2026,"www.nature.com/articles/s41562-026-02478-5","Editorial"
"Spagnolo J","Correlates of body dissatisfaction and eating disorder symptoms in transgender and gender diverse populations: A systematic review","Body Image",2026,"www.sciencedirect.com/science/article/pii/S1740144525001809","Data Analysis"
"Mortillaro G","Short Research Article: Autism spectrum disorder and gender dysphoria among adolescents in a large, integrated health system","Child and Adolescent Mental Health",2026,"acamh.onlinelibrary.wiley.com/doi/10.1111/camh.70042","Data Analysis"
"Kraav S L","Depression and anxiety among transgender-identifying adolescents in psychiatric outpatient care","International Journal of Adolescent Medicine and Health",2025,"www.degruyterbrill.com/document/doi/10.1515/ijamh-2025-0104/html","Data Analysis"
"Hobaica S","State-level anti-transgender laws increase past-year suicide attempts among transgender and non-binary young people in the USA","Nature Human Behaviour",2024,"www.nature.com/articles/s41562-024-01979-5","Data Analysis"
"Iyra P","Screen use in transgender and gender-questioning adolescents: Findings from the Adolescent Brain Cognitive Development (ABCD) Study","Annals of epidemiology",2024,"www.sciencedirect.com/science/article/pii/S1047279724000632?via%3Dihub","Data Analysis"
"Niemi R","Transmission of Mental Disorders in Adolescent Peer Networks","JAMA Psychiatry",2024,"jamanetwork.com/journals/jamapsychiatry/fullarticle/2818735","Data Analysis"
"Dalgleish T","Mechanisms linking social media use to adolescent mental health vulnerability","Nature Reviews Psychology",2024,"www.nature.com/articles/s44159-024-00307-y","Review"
"Soleimanpour S","Mental Health Needs, Barriers, and Receipt of Care Among Transgender and Nonbinary Adolescents","Journal of Adolescent Health",2024,"linkinghub.elsevier.com/retrieve/pii/S1054139X24001654","Data Analysis"
"Volk J","A Pilot Study on the Effect of Peer Support on Quality of Life of Adolescents with Autism Spectrum Disorder and Gender Dysphoria","Journal of Autism and Developmental Disorders",2024,"link.springer.com/10.1007/s10803-022-05832-4","Data Analysis"
"Holttinen T","All-cause and suicide mortalities among adolescents and young adults who contacted specialised gender identity services in Finland in 1996–2019: a register study","BMJ Mental Health",2024,"mentalhealth.bmj.com/lookup/doi/10.1136/bmjment-2023-300940","Data Analysis"
"Tuisku K","Have the psychiatric needs of people seeking gender reassignment changed as their numbers increase? A register study in Finland","European Psychiatry",2023,"www.cambridge.org/core/product/identifier/S0924933823024719/type/journal_article","Data Analysis"
"Kronström K","The nature of co-morbid psychopathology in adolescents with gender dysphoria","Psychiatry Research",2022,"linkinghub.elsevier.com/retrieve/pii/S0165178122004875","Data Analysis"
"Sintonen H","Experimental treatment of gender dysphoria in patients with non-binary gender identities: A retrospective register study and quality control","Psychiatria Fennica",2019,"www.psykiatriantutkimussaatio.fi/wp-content/uploads/2021/05/Psychiatria_Fennica-2019_Kettula-et-al..pdf","Data Analysis"
"Hansen B H","Gender-affirming health care needs, barriers to care, and health and wellbeing in a broad nationwide sample of transgender people in Norway","BMC Public Health",2025,"pmc.ncbi.nlm.nih.gov/articles/PMC12681104/","Data Analysis"
"Vickerstaff V","Baseline findings from the Longitudinal Outcomes of Gender Identity in Children (LOGIC) study","The British Journal of Psychiatry",2025,"www.cambridge.org/core/journals/the-british-journal-of-psychiatry/article/baseline-findings-from-the-longitudinal-outcomes-of-gender-identity-in-children-logic-study/29C43BF6360C11D9977362F805AF0311","Data Analysis"
"Holi M","Early-onset trans-sensitive therapy as part of gender dysphoria care–a pilot randomized controlled trial","Nordic Journal of Psychiatry",2025,"doi.org/10.1080/08039488.2025.2589850","Data Analysis"
"Clarke P","Formulation concepts in the care of children and adolescents identifying as transgender or gender diverse","Australasian Psychiatry",2025,"doi.org/10.1177/10398562251362739","Review"
"Simpson S","Demonstrating Attachment‐Based Family Therapy for Transgender and Gender Diverse Youth with Suicidal Thoughts and Behavior: A Case Study","Family process",2022,"onlinelibrary.wiley.com/doi/10.1111/famp.12677","Case Study"
"Ayad S","One Size Does Not Fit All: In Support of Psychotherapy for Gender Dysphoria","Archives of Sexual Behavior",2020,"http://link.springer.com/10.1007/s10508-020-01844-2","Editorial"
"Houk C P","Global Disorders of Sex Development Update since 2006: Perceptions, Approach and Care","Hormone Research in Paediatrics",2016,"www.karger.com/Article/FullText/442975","Review"
"Ahmed S F","Consensus Statement on Management of Intersex Disorders","Pediatrics",2006,"http://pediatrics.aappublications.org/cgi/doi/10.1542/peds.2006-0738","Position Statement"
"Jern P","Genetic and Environmental Influences on Sexual Orientation: Moderation by Childhood Gender Nonconformity and Early-Life Adversity","Archives of Sexual Behavior",2024,"link.springer.com/10.1007/s10508-023-02761-w","Data Analysis"
"White R","Gender dysphoria in twins: a register-based population study","Scientific Reports",2022,"doi.org/10.1038/s41598-022-17749-0","Data Analysis"
"Johal L","Maturation of the adolescent brain","Neuropsychiatric Disease and Treatment",2013,"www.dovepress.com/maturation-of-the-adolescent-brain-peer-reviewed-fulltext-article-NDT","Review"
"MontagnerMoraes S","Strength, power and aerobic capacity of transgender athletes: a cross-sectional study","British Journal of Sports Medicine",2024,"bjsm.bmj.com/lookup/doi/10.1136/bjsports-2023-108029","Data Analysis"
"Bartick M C","Effective Communication About Pregnancy, Birth, Lactation, Breastfeeding and Newborn Care: The Importance of Sexed Language","Frontiers in Global Women's Health",2022,"www.frontiersin.org/articles/10.3389/fgwh.2022.818856/full","Editorial"
"Meads C","Sex, gender, and medical data","BMJ",2021,"www.researchgate.net/publication/350208937_Sex_gender_and_medical_data","Editorial"
"Bangasser D A","Considering Sex as a Biological Variable in Basic and Clinical Studies: An Endocrine Society Scientific Statement","Endocrine Reviews",2021,"academic.oup.com/edrv/advance-article/doi/10.1210/endrev/bnaa034/6159361","Position Statement"
"Akalın A","Body composition and cardiometabolic changes during gender-affirming hormone therapy: 12-month longitudinal study","Endocrine Research",2026,"doi.org/10.1080/07435800.2026.2692682","Data Analysis"
"Landegren N","Editorial: Gender affirming hormone therapy and its immunological implications","Frontiers in Immunology",2026,"www.frontiersin.org/journals/immunology/articles/10.3389/fimmu.2026.1832442/full","Editorial"
"Kocabas G Ü","Impact of testosterone-based gender-affirming hormone therapy on toll-like receptor transcript levels and peripheral blood leukocyte counts in transmasculine individuals","Frontiers in Immunology",2026,"www.frontiersin.org/journals/immunology/articles/10.3389/fimmu.2026.1752956/full","Data Analysis"
"Sungnuch P","Non-Medical Gender Affirming Practices Among Transgender Individuals: A Systematic Review on the Health Implications of Chest Binding and Genital Tucking","International Journal of Sexual Health",2026,"doi.org/10.1080/19317611.2025.2560416","Data Analysis"
"Clayton A","Obstacles to progress in paediatric gender medicine","European Journal of Developmental Psychology",2025,"www.tandfonline.com/doi/full/10.1080/17405629.2025.2546574","Editorial"
"Coenen I","Plasma testosterone concentration is correlated with circulating immune cell abundance in transgender young people on gender-affirming hormone treatment","Frontiers in Immunology",2025,"www.frontiersin.org/journals/immunology/articles/10.3389/fimmu.2025.1608543/full","Data Analysis"
"Ashman A","Critically appraising the Cass Report: Methodological flaws and unsupported claims","BMC Medical Research Methodology",2025,"doi.org/10.1186/s12874-025-02581-7","Review"
"Laberthonniere C","Epigenetic remodeling by sex hormone receptors and implications for gender affirming hormone therapy","Frontiers in Immunology",2025,"www.frontiersin.org/journals/immunology/articles/10.3389/fimmu.2025.1501959/full","Review"
"Sardh F","Immune dynamics throughout life in relation to sex hormones and perspectives gained from gender-affirming hormone therapy","Frontiers in Immunology",2025,"www.frontiersin.org/journals/immunology/articles/10.3389/fimmu.2024.1501364/full","Review"
"Heathcote C","Clinical guidelines for children and adolescents experiencing gender dysphoria or incongruence: a systematic review of guideline quality (part 1)","Archives of Disease in Childhood",2024,"adc.bmj.com/lookup/doi/10.1136/archdischild-2023-326499","Data Analysis"
"Langton T","Care pathways of children and adolescents referred to specialist gender services: a systematic review","Archives of Disease in Childhood",2024,"adc.bmj.com/content/early/2024/04/09/archdischild-2023-326760","Data Analysis"
"Heathcote C","Clinical guidelines for children and adolescents experiencing gender dysphoria or incongruence: a systematic review of recommendations (part 2)","Archives of Disease in Childhood",2024,"adc.bmj.com/lookup/doi/10.1136/archdischild-2023-326500","Data Analysis"
"Langton T","Characteristics of children and adolescents referred to specialist gender services: a systematic review","Archives of Disease in Childhood",2024,"adc.bmj.com/lookup/doi/10.1136/archdischild-2023-326681","Data Analysis"
"Wilson P","A PRISMA systematic review of adolescent gender dysphoria literature: 2) mental health","PLOS Global Public Health",2024,"journals.plos.org/globalpublichealth/article?id=10.1371/journal.pgph.0000426","Review"
"Laborda T J","Bicalutamide-Induced Hepatotoxicity in a Transgender Male-to-Female Adolescent","Journal of Adolescent Health",2024,"linkinghub.elsevier.com/retrieve/pii/S1054139X23004342","Case Study"
"Klink D T","Transgender Girls Grow Tall: Adult Height Is Unaffected by GnRH Analogue and Estradiol Treatment","The Journal of Clinical Endocrinology & Metabolism",2022,"academic.oup.com/jcem/advance-article/doi/10.1210/clinem/dgac349/6603101","Data Analysis"
"Wilson P","A PRISMA systematic review of adolescent gender dysphoria literature: 1) Epidemiology","PLOS Global Public Health",2022,"dx.plos.org/10.1371/journal.pgph.0000245","Data Analysis"
"Borer J G","Prostatic metaplasia of the vagina in transmasculine individuals","World Journal of Urology",2022,"link.springer.com/10.1007/s00345-021-03907-y","Data Analysis"
"Panting H","Supporting young people to manage gender-related distress using third-wave cognitive behavioural theory, ideas and practice","Clinical Child Psychology and Psychiatry",2022,"https://psychiatryonline.org/doi/10.1176/appi.ajp.2020.19111130","Editorial"
"McDougall R J","A Waitlist Intervention for Transgender Young People and Psychosocial Outcomes","Pediatrics",2021,"publications.aap.org/pediatrics/article/148/2/e2020042762/179754/A-Waitlist-Intervention-for-Transgender-Young","Data Analysis"
"Millet C","Acute Pancreatitis in the Transgender Population","Cureus",2021,"www.cureus.com/articles/63707-acute-pancreatitis-in-the-transgender-population","Case Study"
"Arif I","International clinical practice guidelines for gender minority/trans people: systematic review and quality assessment","BMJ Open",2021,"bmjopen.bmj.com/lookup/doi/10.1136/bmjopen-2021-048943","Data Analysis"
"Dawood K","Pubertal timing predicts adult psychosexuality: Evidence from typically developing adults and adults with isolated GnRH deficiency","Psychoneuroendocrinology",2020,"linkinghub.elsevier.com/retrieve/pii/S0306453020301529","Data Analysis"
"Grossman M","Gender-Affirmation Surgery Conclusion Lacks Evidence","American Journal of Psychiatry",2020,"http://ajp.psychiatryonline.org/doi/10.1176/appi.ajp.2020.19111130","Editorial"
"Haraldsen I","Spatial memory is impaired by peripubertal GnRH agonist treatment and testosterone replacement in sheep","Psychoneuroendocrinology",2017,"www.sciencedirect.com/science/article/pii/S0306453016305595","Data Analysis"
"Maruca F","Nutritional Monitoring During Gender-Affirming Hormone Therapy: Body Composition and Metabolic Implications","Nutrients",2026,"www.mdpi.com/2072-6643/18/12/1967","Data Analysis"
"Knoll M M","Changes in Suicidality among Transgender Adolescents Following Hormone Therapy: An Extended Study","The Journal of Pediatrics",2026,"linkinghub.elsevier.com/retrieve/pii/S002234762500424X","Data Analysis"
"Palmer D","The Cass Review and Gender-Related Care for Young People in Canada: A Commentary on the Canadian Paediatric Society Position Statement on Transgender and Gender-Diverse Youth","Archives of Sexual Behavior",2025,"doi.org/10.1007/s10508-025-03335-8","Editorial"
"Kaliebe K","Obstacles to progress in paediatric gender medicine","European Journal of Developmental Psychology",2025,"www.tandfonline.com/doi/full/10.1080/17405629.2025.2546574","Editorial"
"Hannema S E","Sexual satisfaction and dysfunction in transgender adults following puberty suppression treatment during adolescence","The Journal of Sexual Medicine",2025,"doi.org/10.1093/jsxmed/qdaf095","Data Analysis"
"Kinitz D J","“Providers had no idea what to do with me”: A mixed-methods analysis of detransition/retransition support, care, and information needs among sexual and gender minority individuals","International Journal of Transgender Health",2025,"www.tandfonline.com/doi/full/10.1080/26895269.2025.2538744","Data Analysis"
"Wong C F","Mental and Emotional Health of Youth after 24 months of Gender-Affirming Medical Care Initiated with Pubertal Suppression","medRxiv",2025,"www.medrxiv.org/content/10.1101/2025.05.14.25327614v1","Preprint"
"Doyle D M","Gender-affirming medical treatment for adolescents: A critical reflection on “effective” treatment outcomes","BMC Medical Ethics",2024,"bmcmedethics.biomedcentral.com/articles/10.1186/s12910-024-01143-8","Review"
"KulatungaMoruzi C","Mastectomy for individuals with gender dysphoria below 26 years of age: A systematic review and meta-analysis","Plastic and Reconstructive Surgery",2024,"journals.lww.com/10.1097/PRS.0000000000011734","Data Analysis"
"Hsu C Y","Gender-affirming hormone therapy and suicide-related outcomes in transgender and gender-diverse populations: a systematic review and meta-analysis","Mental Wellness",2026,"www.mental-wellness-journal.net/mw/article/view/42","Data Analysis"
"Jarvis S W","Psychosocial support interventions for children and adolescents experiencing gender dysphoria or incongruence: a systematic review","Archives of Disease in Childhood",2024,"adc.bmj.com/content/early/2024/04/09/archdischild-2023-326347","Data Analysis"
"Heathcote C","Impact of social transition in relation to gender for children and adolescents: a systematic review","Archives of Disease in Childhood",2024,"adc.bmj.com/content/early/2024/04/09/archdischild-2023-326112","Data Analysis"
"KulatungaMoruzi C","Puberty blockers for gender dysphoria in youth: A systematic review and meta-analysis","Archives of Disease in Childhood",2025,"adc.bmj.com/content/early/2025/01/29/archdischild-2024-327909","Data Analysis"
"Ligges C","Beyond NICE: Updated systematic review on the current evidence for using puberty blockers and cross-sex hormones in minors with gender dysphoria: Electronic supplementary online materials I: adapted abbreviated English version","Zeitschrift für Kinder- und Jugendpsychiatrie und Psychotherapie",2024,"econtent.hogrefe.com/doi/suppl/10.1024/1422-4917/a000972/suppl_file/1422-4917_a000972_esm1.pdf","Data Analysis"
"Heathcote C","Interventions to suppress puberty in adolescents experiencing gender dysphoria or incongruence: a systematic review","Archives of Disease in Childhood",2024,"adc.bmj.com/content/early/2024/04/09/archdischild-2023-326669","Data Analysis"
"Irwin L","A PRISMA systematic review of adolescent gender dysphoria literature: 3) treatment","PLOS Global Public Health",2023,"dx.plos.org/10.1371/journal.pgph.0001478","Data Analysis"
"Rydelius P A","A systematic review of hormone treatment for children with gender dysphoria and recommendations for research","Acta Paediatrica",2023,"onlinelibrary.wiley.com/doi/abs/10.1111/apa.16791","Data Analysis"
"KulatungaMoruzi C","Gender affirming hormone therapy for individuals with gender dysphoria aged <26 years: a systematic review and meta-analysis","Archives of Disease in Childhood",2025,"adc.bmj.com/content/early/2025/02/06/archdischild-2024-327921","Data Analysis"
"Langton T","Masculinising and feminising hormone interventions for adolescents experiencing gender dysphoria or incongruence: a systematic review","Archives of Disease in Childhood",2024,"adc.bmj.com/content/early/2024/04/09/archdischild-2023-326670","Data Analysis"
"Ramos R B","The Effect of Gender-Affirming Hormone Therapy on the Risk of Subclinical Atherosclerosis in the Transgender Population: A Systematic Review","Endocrine Practice",2023,"linkinghub.elsevier.com/retrieve/pii/S1530891X22009090","Data Analysis"
"Dukhanin V","Hormone Therapy, Mental Health, and Quality of Life Among Transgender People: A Systematic Review","Journal of the Endocrine Society",2021,"academic.oup.com/jes/article/doi/10.1210/jendso/bvab011/6126016","Data Analysis"
"May T","Hormonal Treatment in Young People With Gender Dysphoria: A Systematic Review","Pediatrics",2018,"www.academia.edu/57779740/Hormonal_Treatment_in_Young_People_With_Gender_Dysphoria_A_Systematic_Review","Data Analysis"
"Karvonen M","Quality of the World Professional Association for Transgender Health Guideline Standards of Care 8: An Appraisal Using the AGREE II Instrument","Archives of Sexual Behavior",2026,"link.springer.com/10.1007/s10508-025-03399-6","Data Analysis"
"Caironi V","Endocrine care of transgender and gender-diverse adults: Swiss recommendations","Swiss Medical Weekly",2026,"smw.ch/index.php/smw/article/view/5059","Review"
"Claahsenvan de Grinten H L","Endocrine Management of Transgender and Gender-Diverse Adolescents: Expert Opinion of the ESPE Working Group on Gender Incongruence and the Endo-ERN Main Thematic Group on Sexual Development and Maturation","Hormone Research in Paediatrics",2024,"doi.org/10.1159/000542904","Review"
"Brown G R","Standards of care for the health of transgender and gender diverse people, version 8","International Journal of Transgender Health",2022,"www.tandfonline.com/doi/full/10.1080/26895269.2022.2100644","Review"
"Hannema S E","Endocrine Treatment of Gender-Dysphoric/Gender-Incongruent Persons: An Endocrine Society Clinical Practice Guideline","Endocrine Practice",2017,"academic.oup.com/jcem/article/102/11/3869/4157558","Review"
"Hill A","Gender Dysphoria in children and young people: The implications for clinical staff of the Bell V’s Tavistock Judicial Review and Appeal Ruling","Journal of Clinical Nursing",2021,"onlinelibrary.wiley.com/doi/10.1111/jocn.16164","Editorial"
"Caspian J","The communication of evidence to inform trans youth health care","The Lancet Child & Adolescent Health",2021,"www.thelancet.com/journals/lanchi/article/PIIS2352-4642(21)00197-8/abstract","Editorial"
"Beck S","Letter to the Editor from William J. Malone et al: “Proper Care of Transgender and Gender-diverse Persons in the Setting of Proposed Discrimination: A Policy Perspective”","The Journal of Clinical Endocrinology & Metabolism",2021,"academic.oup.com/jcem/advance-article/doi/10.1210/clinem/dgab205/6190133","Editorial"
"Lopez X","Proper Care of Transgender and Gender Diverse Persons in the Setting of Proposed Discrimination: A Policy Perspective*","The Journal of Clinical Endocrinology & Metabolism",2021,"academic.oup.com/jcem/article/106/2/305/6031005","Editorial"
"Speranza A M","Gender Diverse Children and Adolescents in Italy: A Qualitative Study on Specialized Centers’ Model of Care and Network","International Journal of Environmental Research and Public Health",2020,"www.mdpi.com/1660-4601/17/24/9536","Data Analysis"
"Middelberg T","Gender incongruence and gender dysphoria in childhood and adolescence—current insights in diagnostics, management, and follow-up","European Journal of Pediatrics",2020,"http://link.springer.com/10.1007/s00431-020-03906-y","Review"
"Bewley S","Sex, gender and gender identity: a re-evaluation of the evidence","BJPsych Bulletin",2020,"www.cambridge.org/core/product/identifier/S205646942000073X/type/journal_article","Editorial"
"McCartney M","Redesigning gender identity services: an opportunity to generate evidence","BMJ",2018,"www.bmj.com/lookup/doi/10.1136/bmj.k4490","Editorial"
"Hannema S E","From Concept to Protocol: Iterative Approach of a Target Trial Emulation on GnRH Analogue Safety in Transgender and Gender Diverse Youth","European Journal of Endocrinology",2026,"doi.org/10.1093/ejendo/lvag105","Data Analysis"
"Sinai J","Puberty blockers for gender dysphoric youth: A lack of sound science","Journal of the American College of Clinical Pharmacy",2022,"accpjournals.onlinelibrary.wiley.com/doi/full/10.1002/jac5.1691","Editorial"
"Mason J W","Commentary: The Signal and the Noise—questioning the benefits of puberty blockers for youth with gender dysphoria—a commentary on Rew et al. (2021)","Child and Adolescent Mental Health",2021,"onlinelibrary.wiley.com/doi/10.1111/camh.12533","Editorial"
"Mason J W","Puberty blockers for gender dysphoria: the science is far from settled","The Lancet Child & Adolescent Health",2021,"linkinghub.elsevier.com/retrieve/pii/S2352464221002352","Editorial"
"McDougall R J","Forever young? The ethics of ongoing puberty suppression for non-binary adults","Journal of Medical Ethics",2020,"jme.bmj.com/lookup/doi/10.1136/medethics-2019-106012","Case Study"
"Barker A","Correspondence: Psychosocial Functioning in Transgender Youth after Hormones","New England Journal of Medicine",2023,"doi.org/10.1056/nejmc2302030","Editorial"
"Hansen J E","Letter to the Editor from Laidlaw et al: “Erythrocytosis in a Large Cohort of Transgender Men Using Testosterone: A Long-Term Follow-Up Study on Prevalence, Determinants, and Exposure Years”","The Journal of Clinical Endocrinology & Metabolism",2021,"academic.oup.com/jcem/advance-article/doi/10.1210/clinem/dgab514/6326472","Editorial"
"Van Mol A","Letter to the Editor: “Endocrine Treatment of Gender-Dysphoric/Gender-Incongruent Persons: An Endocrine Society Clinical Practice Guideline”","The Journal of Clinical Endocrinology & Metabolism",2019,"academic.oup.com/jcem/article/104/3/686/5198654","Editorial"
"Lehmkuhl U","Gender Identity Disorders in Childhood and Adolescence","Deutsches Ärzteblatt International",2008,"www.aerzteblatt.de/int/archive/article/62554","Review"
"Barbi E","Nonmedical Gender-Affirming Practices in Transgender and Gender Diverse Adolescents: A Narrative Review","Transgender Health",2026,"doi.org/10.1089/trgh.2023.0194","Review"
"Olson K R","Stability and Change in Gender Identity and Sexual Orientation Across Childhood and Adolescence","Monographs of the Society for Research in Child Development",2025,"srcd.onlinelibrary.wiley.com/doi/10.1111/mono.12479","Review"
"Malouf P","Is Social Gender Transition Associated with Mental Health Status in Children and Adolescents with Gender Dysphoria?","Archives of Sexual Behavior",2023,"link.springer.com/10.1007/s10508-023-02588-5","Data Analysis"
"Gallagher N M","Gender Identity 5 Years After Social Transition","Pediatrics",2022,"publications.aap.org/pediatrics/article/doi/10.1542/peds.2021-056082/186992/Gender-Identity-5-Years-After-Social-Transition","Data Analysis"
"Fahrenkrug S","Not social transition status, but peer relations and family functioning predict psychological functioning in a German clinical sample of children with Gender Dysphoria","Clinical Child Psychology and Psychiatry",2020,"http://journals.sagepub.com/doi/10.1177/1359104520964530","Data Analysis"
"Li G","Predictors and Mental Health Benefits of Chosen Name Use Among Transgender Youth","Youth & Society",2019,"http://journals.sagepub.com/doi/10.1177/0044118X19855898","Data Analysis"
"MacMullin L N","Childhood social gender transition and psychosocial well-being: A comparison to cisgender gender-variant children","Clinical Practice in Pediatric Psychology",2019,"journals.sagepub.com/doi/10.1037/cpp0000295","Data Analysis"
"Grossman A H","Chosen Name Use Is Linked to Reduced Depressive Symptoms, Suicidal Ideation, and Suicidal Behavior Among Transgender Youth","The Journal of Adolescent Health: Official Publication of the Society for Adolescent Medicine",2018,"www.jahonline.org/article/S1054-139X(18)30085-5/fulltext","Data Analysis"
"Corbet A","Health impact of chest binding among transgender adults: a community-engaged, cross-sectional study","Culture, Health & Sexuality",2017,"www.tandfonline.com/doi/full/10.1080/13691058.2016.1191675","Data Analysis"
"McLaughlin K A","Mental Health of Transgender Children Who Are Supported in Their Identities","Pediatrics",2016,"http://pediatrics.aappublications.org/lookup/doi/10.1542/peds.2015-3223","Data Analysis"
"Beekman A J","Factors Associated With Desistence and Persistence of Childhood Gender Dysphoria: A Quantitative Follow-Up Study","Journal of the American Academy of Child & Adolescent Psychiatry",2013,"linkinghub.elsevier.com/retrieve/pii/S0890856713001871","Data Analysis"
"Corman J","Gender-affirming care for transgender and gender-diverse youth in Oregon: trends over time","Research Connections",2026,"academic.oup.com/rescon/article/doi/10.1093/rescon/vmag049/8657075","Data Analysis"
"van de Grift T C","The Dutch approach for transgender adolescents; past, present and future perspectives","European Journal of Developmental Psychology",2026,"www.tandfonline.com/doi/full/10.1080/17405629.2026.2615311","Review"
"den Heijer M","Continuation of gender-affirming hormones in transgender people starting puberty suppression in adolescence: a cohort study in the Netherlands","The Lancet Child & Adolescent Health",2022,"pubmed.ncbi.nlm.nih.gov/36273487/","Data Analysis"
"Hannema S E","Medical decision-making competence regarding puberty suppression: perceptions of transgender adolescents, their parents and clinicians","European Child & Adolescent Psychiatry",2022,"link.springer.com/10.1007/s00787-022-02076-6","Data Analysis"
"Stepney C","Mental health outcomes in transgender and nonbinary youths receiving gender-affirming care","JAMA Network Open",2022,"jamanetwork.com/journals/jamanetworkopen/fullarticle/2789423","Data Analysis"
"Cole T J","Short-term outcomes of pubertal suppression in a selected cohort of 12 to 15 year old young people with persistent gender dysphoria in the UK","PLOS ONE",2021,"dx.plos.org/10.1371/journal.pone.0243894","Data Analysis"
"Steensma T D","Sexual Experiences of Young Transgender Persons During and After Gender-Affirmative Treatment","Pediatrics",2020,"http://pediatrics.aappublications.org/lookup/doi/10.1542/peds.2019-1411","Data Analysis"
"Gooren L J G","Bone Development in Transgender Adolescents Treated With GnRH Analogues and Subsequent Gender-Affirming Hormones","The Journal of Clinical Endocrinology & Metabolism",2020,"academic.oup.com/jcem/article/doi/10.1210/clinem/dgaa604/5903559","Data Analysis"
"Osipoff J","Longitudinal impact of gender-affirming endocrine intervention on the mental health and well-being of transgender youths: preliminary results","International Journal of Pediatric Endocrinology",2020,"ijpeonline.biomedcentral.com/articles/10.1186/s13633-020-00078-2","Data Analysis"
"Fontanari A M V","Brain Maturation, Cognition and Voice Pattern in a Gender Dysphoria Case under Pubertal Suppression","Frontiers in Human Neuroscience",2017,"http://journal.frontiersin.org/article/10.3389/fnhum.2017.00528/full","Data Analysis"
"Blankenstein M A","Effect of pubertal suppression and cross-sex hormone therapy on bone turnover markers and bone mineral apparent density (BMAD) in transgender adolescents","Bone",2017,"linkinghub.elsevier.com/retrieve/pii/S8756328216303337","Data Analysis"
"Hannema S E","Efficacy and Safety of Gonadotropin-Releasing Hormone Agonist Treatment to Suppress Puberty in Gender Dysphoric Adolescents","The Journal of Sexual Medicine",2016,"linkinghub.elsevier.com/retrieve/pii/S1743609516302193","Data Analysis"
"Van Trotsenburg M","Bone Mass in Young Adulthood Following Gonadotropin-Releasing Hormone Analog Treatment and Cross-Sex Hormone Treatment in Adolescents With Gender Dysphoria","The Journal of Clinical Endocrinology & Metabolism",2015,"academic.oup.com/jcem/article-lookup/doi/10.1210/jc.2014-2439","Data Analysis"
"Holt V","Psychological Support, Puberty Suppression, and Psychosocial Functioning in Adolescents with Gender Dysphoria","The Journal of Sexual Medicine",2015,"https://doi.org/10.1111/jsm.13034","Data Analysis"
"Wagenaar E C F","Young Adult Psychological Outcome After Puberty Suppression and Gender Reassignment","Pediatrics",2014,"http://pediatrics.aappublications.org/cgi/doi/10.1542/peds.2013-2958","Data Analysis"
"CohenKettenis P T","Puberty Suppression in Adolescents With Gender Identity Disorder: A Prospective Follow‐Up Study","The Journal of Sexual Medicine",2011,"linkinghub.elsevier.com/retrieve/pii/S1743609515336171","Data Analysis"
"de Vries A L C","Puberty Suppression in a Gender-Dysphoric Adolescent: A 22-Year Follow-Up","Archives of Sexual Behavior",2011,"http://link.springer.com/10.1007/s10508-011-9758-9","Case Study"
"van der Miesen A I R","Socioeconomic status among Dutch adults using gender-affirming hormone therapy: comparison with the general population and trajectories around hormone therapy initiation","International Journal of Transgender Health",2026,"doi.org/10.1080/26895269.2026.2636978","Data Analysis"
"Ehrensaft D","Anger, Aggression, and Irritability in Transgender and Gender Diverse Youth Following Testosterone Initiation: A 12-Month Longitudinal Analysis","Journal of Adolescent Health",2026,"www.jahonline.org/article/S1054-139X(25)00827-4/","Data Analysis"
"Fighera T M","Heart rate variability in transgender people receiving Gender-Affirming hormone therapy","Endocrine",2026,"link.springer.com/article/10.1007/s12020-025-04512-4","Data Analysis"
"Nolan B J","All-cause and cause-specific mortality among transgender and gender diverse people: a nationwide cohort study in Australia","The Lancet Regional Health – Western Pacific",2026,"www.thelancet.com/journals/lanwpc/article/PIIS2666-6065(26)00017-9/fulltext","Data Analysis"
"TSjoen G G","Effects of gender-affirming hormone therapy from adolescence to adulthood on bone mineral density, body composition and muscle strength","eClinicalMedicine",2026,"linkinghub.elsevier.com/retrieve/pii/S2589537025006595","Data Analysis"
"Mejía Pérez D L","Cerebral Venous Sinus Thrombosis Associated With Testosterone Use as Gender-Affirming Hormone Therapy in a Transgender Patient: Case Report and Literature Review","Clinical Case Reports",2026,"onlinelibrary.wiley.com/doi/abs/10.1002/ccr3.72714","Case Study"
"Mendoza C D","Emerging and accumulating safety signals for the use of estrogen among transgender women","Discover Mental Health",2025,"doi.org/10.1007/s44192-025-00216-3","Review"
"Barbosa L","Pelvic Floor Dysfunction in Transgender Men on Gender-affirming Hormone Therapy: A Descriptive Cross-sectional Study","International Urogynecology Journal",2024,"link.springer.com/10.1007/s00192-024-05779-3","Data Analysis"
"Kreukels B P C","Changes in depression symptom profile with gender-affirming hormone use in transgender persons","Journal of Affective Disorders",2024,"linkinghub.elsevier.com/retrieve/pii/S0165032723015252","Data Analysis"
"Van Trotsenburg A S P","The dose-dependent effect of estrogen on bone mineral density in trans girls","European Journal of Endocrinology",2023,"academic.oup.com/ejendo/advance-article/doi/10.1093/ejendo/lvad116/7244658","Data Analysis"
"Gold S","Adherence to Gender Affirming Hormone Therapy in Transgender Adolescents and Adults: A Retrospective Cohort Study","The Journal of Clinical Endocrinology & Metabolism",2023,"academic.oup.com/jcem/advance-article/doi/10.1210/clinem/dgad306/7184149","Data Analysis"
"Ehrensaft D","Psychosocial functioning in transgender youth after 2 years of hormones","New England Journal of Medicine",2023,"http://www.nejm.org/doi/10.1056/NEJMoa2206297","Data Analysis"
"Mann N","The effect of gender-affirming hormone treatment on serum creatinine in transgender and gender-diverse youth: implications for estimating GFR","Pediatric Nephrology",2022,"link.springer.com/article/10.1007/s00467-022-05445-0","Data Analysis"
"Schvey N A","Continuation of Gender-affirming Hormones Among Transgender Adolescents and Adults","The Journal of Clinical Endocrinology & Metabolism",2022,"academic.oup.com/jcem/advance-article/doi/10.1210/clinem/dgac251/6572526","Data Analysis"
"Panagiotakopoulos L","Is There a Link Between Hormone Use and Diabetes Incidence in Transgender People? Data from the STRONG Cohort","The Journal of Clinical Endocrinology & Metabolism",2021,"academic.oup.com/jcem/article/107/4/e1549/6429721","Data Analysis"
"Dawood K","Timing of peripubertal steroid exposure predicts visuospatial cognition in men: Evidence from three samples","Hormones and Behavior",2020,"linkinghub.elsevier.com/retrieve/pii/S0018506X20300386","Data Analysis"
"Suomalainen L","Adolescent development and psychosocial functioning after starting cross-sex hormones for gender dysphoria","Nordic Journal of Psychiatry",2020,"www.tandfonline.com/doi/full/10.1080/08039488.2019.1691260","Data Analysis"
"Defreyne J","Effects of Gender-Affirming Hormone Therapy on Insulin Sensitivity and Incretin Responses in Transgender People","Diabetes Care",2020,"diabetesjournals.org/care/article/43/2/411/36004/Effects-of-Gender-Affirming-Hormone-Therapy-on","Data Analysis"
"van den Berg M","Bone Mineral Density in Transgender Individuals After Gonadectomy and Long-Term Gender-Affirming Hormonal Treatment","The Journal of Sexual Medicine",2019,"linkinghub.elsevier.com/retrieve/pii/S174360951931238X","Data Analysis"
"Gooren L J G","Occurrence of Acute Cardiovascular Events in Transgender Individuals Receiving Hormone Therapy: Results From a Large Cohort Study","Circulation",2019,"www.ahajournals.org/doi/10.1161/CIRCULATIONAHA.118.038584","Data Analysis"
"Baird T C","Cross-sex Hormones and Acute Cardiovascular Events in Transgender Persons","Annals of internal medicine",2018,"www.ncbi.nlm.nih.gov/pmc/articles/PMC6636681/","Data Analysis"
"Gooren L J G","The occurrence of benign brain tumours in transgender individuals during cross-sex hormone treatment","Brain",2018,"academic.oup.com/brain/article/141/7/2047/4983052","Data Analysis"
"Belzer M","Physiologic Response to Gender-Affirming Hormones Among Transgender Youth","Journal of Adolescent Health",2018,"linkinghub.elsevier.com/retrieve/pii/S1054139X17304123","Data Analysis"
"Tik M","Effects of testosterone treatment on hypothalamic neuroplasticity in female-to-male transgender individuals","Brain Structure & Function",2018,"link.springer.com/article/10.1007/s00429-017-1494-z","Data Analysis"
"Montoya E R","Testosterone reduces functional connectivity during the ‘Reading the Mind in the Eyes’ Test","Psychoneuroendocrinology",2016,"pmc.ncbi.nlm.nih.gov/articles/PMC6345363/","Data Analysis"
"Deshazo S J","Risk of Suicide and Self-Harm Following Gender-Affirmation Surgery","Cureus",2024,"www.cureus.com/articles/201512-risk-of-suicide-and-self-harm-following-gender-affirmation-surgery","Data Analysis"
"Danker S J","Major complications of sigmoid vaginoplasty: a case series","Journal of Surgical Case Reports",2023,"academic.oup.com/jscr/article/doi/10.1093/jscr/rjad333/7195771","Data Analysis"
"Ramamurthi A","Non-typhoidal Salmonella soft-tissue infection after gender affirming subcutaneous mastectomy case report","Case Reports in Plastic Surgery & Hand Surgery",2023,"www.tandfonline.com/doi/10.1080/23320885.2023.2185621","Case Study"
"Ibrahim A M","Mastectomy in Transgender and Cisgender Patients: A Comparative Analysis of Epidemiology and Postoperative Outcomes","Plastic and Reconstructive Surgery - Global Open",2019,"journals.lww.com/01720096-201906000-00007","Data Analysis"
"Massie J P","Masculinizing Top Surgery: A Systematic Review of Techniques and Outcomes","Annals of Plastic Surgery",2018,"journals.lww.com/annalsplasticsurgery/abstract/2018/06000/masculinizing_top_surgery__a_systematic_review_of.18.aspx","Data Analysis"
"Belzer M","Chest Reconstruction and Chest Dysphoria in Transmasculine Minors and Young Adults: Comparisons of Nonsurgical and Postsurgical Cohorts","JAMA Pediatrics",2018,"http://archpedi.jamanetwork.com/article.aspx?doi=10.1001/jamapediatrics.2017.5440","Data Analysis"
"Walzer N K","Quality of life improvement after chest wall masculinization in female-to-male transgender patients: A prospective study using the BREAST-Q and Body Uneasiness Test","Journal of Plastic, Reconstructive & Aesthetic Surgery",2018,"www.researchgate.net/publication/394441514_Improvement_in_Quality_of_Life_in_Transmasculine_Individuals_After_Chest_Masculinization_Surgery","Review"
"Özer M","Body Image in Transmen: Multidimensional Measurement and the Effects of Mastectomy","The Journal of Sexual Medicine",2016,"www.sciencedirect.com/science/article/pii/S1743609516304052?via%3Dihub","Data Analysis"
"Landén M","An Analysis of All Applications for Sex Reassignment Surgery in Sweden, 1960–2010: Prevalence, Incidence, and Regrets","Archives of Sexual Behavior",2014,"http://link.springer.com/10.1007/s10508-014-0300-8","Data Analysis"
"Haugen P","Patient-Reported Outcomes and Body Mass Index in Adolescents and Young Adults After Gender-Affirming Chest Surgery: A Single-Center Cross-Sectional Study","Annals of Surgery Open",2026,"journals.lww.com/aosopen/fulltext/2026/06000/patient_reported_outcomes_and_body_mass_index_in.28.aspx","Data Analysis"
"Verroken C","Bone health in gender-diverse individuals: current challenges and future directions","Hormones",2026,"doi.org/10.1007/s42000-026-00793-0","Review"
"Hannema S E","Bone Mineral Density in Transgender Adolescents Treated With Puberty Suppression and Subsequent Gender-Affirming Hormones","JAMA Pediatrics",2023,"jamanetwork.com/journals/jamapediatrics/fullarticle/2811155","Data Analysis"
"Vajapeyam S","Changes in Bone Marrow Adipose Tissue in Transgender and Gender Non-Conforming Youth Undergoing Pubertal Suppression: A Pilot Study","Journal of Clinical Densitometry",2022,"linkinghub.elsevier.com/retrieve/pii/S1094695022000713","Data Analysis"
"Garofalo R","Low Bone Mineral Density in Early Pubertal Transgender/Gender Diverse Youth: Findings From the Trans Youth Care Study","Journal of the Endocrine Society",2020,"academic.oup.com/jes/article/doi/10.1210/jendso/bvaa065/5866143","Data Analysis"
"Jack S","The ovaries of transgender men indicate effects of high dose testosterone on the primordial and early growing follicle pool","Reproduction and Fertility",2023,"raf.bioscientifica.com/view/journals/raf/4/2/RAF-22-0102.xml","Data Analysis"
"van den Boogaard E","Desire for children and fertility preservation in transgender and gender-diverse people: A systematic review","Best Practice & Research Clinical Obstetrics & Gynaecology",2023,"linkinghub.elsevier.com/retrieve/pii/S1521693423000019","Review"
"Telfer M","Rates of Fertility Preservation Use Among Transgender Adolescents","JAMA Pediatrics",2020,"jamanetwork.com/journals/jamapediatrics/fullarticle/2764075","Data Analysis"
"Liedl B","How do elevated levels of testosterone affect the function of the human fallopian tube and fertility?—New insights","Molecular Reproduction and Development",2020,"onlinelibrary.wiley.com/doi/abs/10.1002/mrd.23291","Data Analysis"
"Librach C L","Fertility preservation for transgender adolescents and young adults: a systematic review","Human Reproduction Update",2019,"academic.oup.com/humupd/article/25/6/694/5601536","Data Analysis"
"Thornton K","Assisted reproductive technology outcomes in female-to-male transgender patients compared with cisgender patients: a new frontier in reproductive medicine","Fertility and Sterility",2019,"www.fertstert.org/article/S0015-0282(19)30619-3/fulltext","Data Analysis"
"Goodwin I A","Fertility concerns of the transgender patient","Translational Andrology and Urology",2019,"http://tau.amegroups.com/article/view/26091/24253","Review"
"Tangpricha V","Fertility preservation options in transgender people: A review","Reviews in Endocrine and Metabolic Disorders",2018,"http://link.springer.com/10.1007/s11154-018-9462-3","Review"
"Stojanovic B","Gender Dysphoria: Bioethical Aspects of Medical Treatment","BioMed Research International",2018,"www.hindawi.com/journals/bmri/2018/9652305/","Review"
"Quinn G P","Low Fertility Preservation Utilization Among Transgender Youth","The Journal of Adolescent Health: Official Publication of the Society for Adolescent Medicine",2017,"www.jahonline.org/article/S1054-139X(16)30958-2/fulltext","Data Analysis"
"Butts S","Fertility preservation in transgender youth from initial counseling through preservation procedures: A retrospective cross-sectional study","Journal of Pediatric and Adolescent Gynecology",2026,"www.jpagonline.org/article/S1083-3188(26)00005-7/abstract","Data Analysis"
"Caballero L M M","Semen Quality in Transgender Individuals Seeking Fertility Preservation","Andrology",2026,"onlinelibrary.wiley.com/doi/abs/10.1111/andr.70268","Data Analysis"
"Chelghaf I","Sexuality and erectile function in transgender women prior to gender-affirming surgery: a descriptive study","The Journal of Sexual Medicine",2026,"doi.org/10.1093/jsxmed/qdag125","Data Analysis"
"Flentje A","Testosterone use and sexual function among transgender men and gender diverse people assigned female at birth","American Journal of Obstetrics and Gynecology",2023,"linkinghub.elsevier.com/retrieve/pii/S0002937823006051","Data Analysis"
"Cicero A F G","Changes in cardiometabolic risk factors in transmasculine individuals over 10 years of Gender-Affirming Hormone Therapy","Journal of Endocrinological Investigation",2026,"doi.org/10.1007/s40618-026-02906-3","Data Analysis"
"Genet T","Testosterone therapy and the risk of atrial fibrillation, venous thromboembolism and cardiovascular events in cis men with hypogonadism and trans men","European Journal of Endocrinology",2025,"doi.org/10.1093/ejendo/lvaf183","Data Analysis"
"Zeitler P","Body Composition and Markers of Cardiometabolic Health in Transgender Youth on Gonadotropin-Releasing Hormone Agonists","Transgender Health",2021,"www.liebertpub.com/doi/10.1089/trgh.2020.0029","Data Analysis"
"Dwairy A","Cardiovascular Disease Risk Factors and Myocardial Infarction in the Transgender Population","Circulation: Cardiovascular Quality and Outcomes",2019,"www.ahajournals.org/doi/10.1161/CIRCOUTCOMES.119.005597","Data Analysis"
"Mazza A","Transgender Vascular Health: Interactions Between Gender Identity, Hormone Therapy, and Vascular Disease Risk","Journal of Vascular Diseases",2026,"www.mdpi.com/2813-2475/5/3/23","Review"
"Jones Q","Venous Thromboembolism in Transgender and Gender Diverse Individuals on Estrogen-Based Gender-Affirming Hormone Therapy","Journal of Clinical Medicine",2026,"www.mdpi.com/2077-0383/15/11/4166","Data Analysis"
"Kaltiala R","Psychiatric Morbidity Among Adolescents and Young Adults Who Contacted Specialised Gender Identity Services in Finland in 1996–2019: A Register Study","Acta Paediatrica",2026,"onlinelibrary.wiley.com/doi/10.1111/apa.70533","Data Analysis"
"Lightfoot M","Fluidity in Reporting Gender Identity Labels in a Sample of Transgender and Gender Diverse Adolescents and Young Adults, Los Angeles, California, and New Orleans, Louisiana, 2017-2019","Public Health Reports",2024,"http://journals.sagepub.com/doi/10.1177/00333549231223922","Data Analysis"
"Draeger J H","The mean age of gender dysphoria diagnosis is decreasing","General Psychiatry",2023,"onlinelibrary.wiley.com/doi/10.1136/gpsych-2022-100972","Data Analysis"
"Maguire A M","Australian children and adolescents with gender dysphoria: Clinical presentations and challenges experienced by a multidisciplinary team and gender service","Human Systems",2021,"journals.sagepub.com/doi/10.1177/26344041211010777","Data Analysis"
"Maguire A M","Attachment Patterns in Children and Adolescents With Gender Dysphoria","Frontiers in Psychology",2021,"www.frontiersin.org/journals/psychology/articles/10.3389/fpsyg.2020.582688/full","Data Analysis"
"Byng R","Gender incongruence in children, adolescents, and adults","British Journal of General Practice",2019,"http://bjgp.org/lookup/doi/10.3399/bjgp19X701909","Editorial"
"Zucker K J","Evidence for a Change in the Sex Ratio of Children Referred for Gender Dysphoria: Data From the Gender Identity Development Service in London (2000–2017)","The Journal of Sexual Medicine",2018,"linkinghub.elsevier.com/retrieve/pii/S174360951831107X","Data Analysis"
"Carmichael P","Sex Ratio in Children and Adolescents Referred to the Gender Identity Development Service in the UK (2009–2016)","Archives of Sexual Behavior",2018,"http://link.springer.com/10.1007/s10508-018-1204-9","Editorial"
"Hohmann S","Ten years of a gender identity service for children and adolescents in Germany: demographic and clinical patterns","European Child & Adolescent Psychiatry",2026,"link.springer.com/10.1007/s00787-026-03080-w","Data Analysis"
"Popma A","Characteristics of Dutch Gender Clinic-Referred Adolescents Who Did Not Pursue Gender-Affirming Medical Treatment","Journal of Sex & Marital Therapy",2026,"www.tandfonline.com/doi/full/10.1080/0092623X.2026.2641805","Data Analysis"
"Klink D T","The evolution of pediatric transgender healthcare in Flanders: Trends in referrals, intakes and gender-affirming interventions over the last 15 years","International Journal of Transgender Health",2026,"doi.org/10.1080/26895269.2025.2452996","Data Analysis"
"Sevecke K","Gender dysphoria in adolescence: examining the rapid-onset hypothesis","neuropsychiatrie",2024,"link.springer.com/10.1007/s40211-024-00500-8","Review"
"Mathews B","Prevalence of Diverse Genders and Sexualities in Australia and Associations With Five Forms of Child Maltreatment and Multi-type Maltreatment","Child Maltreatment",2024,"http://journals.sagepub.com/doi/10.1177/10775595231226331","Data Analysis"
"Bailey J M","Detransition and Desistance Among Previously Trans-Identified Young Adults","Archives of Sexual Behavior",2023,"link.springer.com/10.1007/s10508-023-02716-1","Data Analysis"
"Kia H","Exploring the gender care experiences and perspectives of individuals who discontinued their transition or detransitioned in Canada","PLOS ONE",2023,"dx.plos.org/10.1371/journal.pone.0293868","Data Analysis"
"Athéa N","De la transidentité à la transidentification. Déclenchement rapide de la « dysphorie de genre » chez des adolescents confrontés au malaise pubertaire","L'Évolution Psychiatrique",2023,"linkinghub.elsevier.com/retrieve/pii/S0014385523000312","Data Analysis"
"van der Miesen A I R","Re-evaluation of the Dutch approach: are recently referred transgender youth different compared to earlier referrals?","European Child & Adolescent Psychiatry",2020,"http://link.springer.com/10.1007/s00787-019-01394-6","Data Analysis"
"Frisen L","Gender dysphoria in adolescence: current perspectives","Adolescent Health, Medicine and Therapeutics",2018,"www.dovepress.com/gender-dysphoria-in-adolescence-current-perspectives-peer-reviewed-article-AHMT","Review"
"Lindberg N","Two years of gender identity service for minors: overrepresentation of natal girls with severe problems in adolescent development","Child and Adolescent Psychiatry and Mental Health",2015,"http://www.capmh.com/content/9/1/9","Data Analysis"
"VanderLaan D P","Evidence for an Altered Sex Ratio in Clinic‐Referred Adolescents with Gender Dysphoria","The Journal of Sexual Medicine",2015,"www.researchgate.net/publication/271221293_Evidence_for_an_Altered_Sex_Ratio_in_Clinic-Referred_Adolescents_with_Gender_Dysphoria","Data Analysis"
"Thompson N","Stability of Transgender Identity in Adolescents Seen in Multidisciplinary Specialized Gender Centers: A Multicenter Study in Canada","Journal of Adolescent Health",2026,"www.sciencedirect.com/science/article/pii/S1054139X26001175","Data Analysis"
"Dreijerink K M A","Psychological and physical effects of short-term discontinuation of feminizing gender-affirming hormone therapy among older transgender women: a within-subject clinical trial","Human Reproduction",2026,"doi.org/10.1093/humrep/deag087","Data Analysis"
"ExpósitoCampos P","Gender fluidity and detransition: Results of a cross-sectional online survey of sexual and gender minorities living in the US and Canada","The Journal of LGBTQ+ Mental Health",2026,"doi.org/10.1080/30678935.2026.2653130","Data Analysis"
"Kaltiala R","Gender dysphoria and personality disorders: associations with proceeding to and discontinuing medical gender reassignment","Nordic Journal of Psychiatry",2025,"www.tandfonline.com/doi/full/10.1080/08039488.2025.2558931","Data Analysis"
"Ross L E","A typology of pathways to detransition: Considerations for care practice with transgender and gender diverse people who stop or reverse their gender transition.","Psychology of Sexual Orientation and Gender Diversity",2023,"MacKinnon, K. R., Kia, H., Gould, W. A., Ross, L. E., Abramovich, A., Enxuga, G., Lam, J. S. H.
(2023)
  A typology of pathways to detransition: Considerations for care practice with transgender and gender diverse people who stop or reverse their gender transition..
    Psychology of Sexual Orientation and Gender Diversity,
          http://doi.apa.org/getdoi.cfm?doi=10.1037/sgd0000678","Review"
"Ambler G R","Developmental Pathway Choices of Young People Presenting to a Gender Service with Gender Distress: A Prospective Follow-Up Study","Children",2023,"www.mdpi.com/2227-9067/10/2/314","Data Analysis"
"GómezGil E","Gender detransition: A critical review of the literature","Actas Esp Psiquiatr",2023,"actaspsiquiatria.es/index.php/actas/article/view/36","Review"
"Ashley F","Health Care Experiences of Patients Discontinuing or Reversing Prior Gender-Affirming Treatments","JAMA Network Open",2022,"jamanetwork.com/journals/jamanetworkopen/fullarticle/2794543","Data Analysis"
"Keuroghlian A S","Factors Leading to “Detransition” Among Transgender and Gender Diverse People in the United States: A Mixed-Methods Analysis","LGBT Health",2021,"pmc.ncbi.nlm.nih.gov/articles/PMC8213007/","Data Analysis"
"Hurtado Murillo F","Transsexuality: Transitions, detransitions, and regrets in Spain","Endocrinología, Diabetes y Nutrición (English ed.)",2020,"linkinghub.elsevier.com/retrieve/pii/S2530018020301360","Data Analysis"
"Klaver M","The Amsterdam Cohort of Gender Dysphoria Study (1972–2015): Trends in Prevalence, Treatment, and Regrets","The Journal of Sexual Medicine",2018,"linkinghub.elsevier.com/retrieve/pii/S1743609518300572","Data Analysis"
"Millington K","Severe Hyperandrogenism Secondary to Polycystic Ovarian Syndrome in a Gender-diverse Adolescent","JCEM Case Reports",2025,"pmc.ncbi.nlm.nih.gov/articles/PMC12418000/","Case Study"
"Whitehead J","Anticipatory Guidance for Discontinuation of Gender-Affirming Hormonal Care in Adolescent Patients","The Journal of Pediatrics",2026,"linkinghub.elsevier.com/retrieve/pii/S0022347626001733","Editorial"
"Braaten T","Suicide attempts, self-harm and suicidal ideation among Norwegian university students with eating disorders and disordered eating: the SHoT study 2018 and 2022","BMC Psychiatry",2026,"doi.org/10.1186/s12888-026-08229-0","Data Analysis"
"Budge S","Concerns Regarding Data Modelling and Interpretation in Ruuska et al.","Acta Paediatrica",2026,"onlinelibrary.wiley.com/doi/10.1111/apa.70617","Editorial"
"Kaltiala R","Response to the Critique by Edmiston et al., Banos et al. and Sandri et al. of Ruuska et al.","Acta Paediatrica",2026,"onlinelibrary.wiley.com/doi/10.1111/apa.70618","Editorial"
"Perucco F","Psychiatric Contacts Are Not Outcomes: Interpreting Evidence in Gender‐Referred Youth","Acta Paediatrica",2026,"onlinelibrary.wiley.com/doi/10.1111/apa.70619","Editorial"
"Giordano S","Letter of Concern About Ruuska et al. From 4 April 2026","Acta Paediatrica",2026,"onlinelibrary.wiley.com/doi/10.1111/apa.70620","Editorial"
"Lund J L","Trajectories of antidepressant dispensing among privately insured transgender people in the United States","Scientific Reports",2026,"www.nature.com/articles/s41598-026-51351-y","Data Analysis"
"DeChants J P","Reply to: Methodological considerations for evaluating policy impacts on transgender and non-binary youth suicidality","Nature Human Behaviour",2026,"www.nature.com/articles/s41562-026-02478-5","Editorial"
"Uyar R","Correlates of body dissatisfaction and eating disorder symptoms in transgender and gender diverse populations: A systematic review","Body Image",2026,"www.sciencedirect.com/science/article/pii/S1740144525001809","Data Analysis"
"Therman S","Depression and anxiety among transgender-identifying adolescents in psychiatric outpatient care","International Journal of Adolescent Medicine and Health",2025,"www.degruyterbrill.com/document/doi/10.1515/ijamh-2025-0104/html","Data Analysis"
"DeChants J P","State-level anti-transgender laws increase past-year suicide attempts among transgender and non-binary young people in the USA","Nature Human Behaviour",2024,"www.nature.com/articles/s41562-024-01979-5","Data Analysis"
"Ganson K T","Screen use in transgender and gender-questioning adolescents: Findings from the Adolescent Brain Cognitive Development (ABCD) Study","Annals of epidemiology",2024,"www.sciencedirect.com/science/article/pii/S1047279724000632?via%3Dihub","Data Analysis"
"Komulainen K","Transmission of Mental Disorders in Adolescent Peer Networks","JAMA Psychiatry",2024,"jamanetwork.com/journals/jamapsychiatry/fullarticle/2818735","Data Analysis"
"Blakemore S J","Mechanisms linking social media use to adolescent mental health vulnerability","Nature Reviews Psychology",2024,"www.nature.com/articles/s44159-024-00307-y","Review"
"Rijn A B V","A Pilot Study on the Effect of Peer Support on Quality of Life of Adolescents with Autism Spectrum Disorder and Gender Dysphoria","Journal of Autism and Developmental Disorders",2024,"link.springer.com/10.1007/s10803-022-05832-4","Data Analysis"
"Kaltiala R","All-cause and suicide mortalities among adolescents and young adults who contacted specialised gender identity services in Finland in 1996–2019: a register study","BMJ Mental Health",2024,"mentalhealth.bmj.com/lookup/doi/10.1136/bmjment-2023-300940","Data Analysis"
"Kaltiala R","The nature of co-morbid psychopathology in adolescents with gender dysphoria","Psychiatry Research",2022,"linkinghub.elsevier.com/retrieve/pii/S0165178122004875","Data Analysis"
"Tuisku K","Experimental treatment of gender dysphoria in patients with non-binary gender identities: A retrospective register study and quality control","Psychiatria Fennica",2019,"www.psykiatriantutkimussaatio.fi/wp-content/uploads/2021/05/Psychiatria_Fennica-2019_Kettula-et-al..pdf","Data Analysis"
"Meyer I H","Gender-affirming health care needs, barriers to care, and health and wellbeing in a broad nationwide sample of transgender people in Norway","BMC Public Health",2025,"pmc.ncbi.nlm.nih.gov/articles/PMC12681104/","Data Analysis"
"GronostajMiara A","Baseline findings from the Longitudinal Outcomes of Gender Identity in Children (LOGIC) study","The British Journal of Psychiatry",2025,"www.cambridge.org/core/journals/the-british-journal-of-psychiatry/article/baseline-findings-from-the-longitudinal-outcomes-of-gender-identity-in-children-logic-study/29C43BF6360C11D9977362F805AF0311","Data Analysis"
"Assad N","Early-onset trans-sensitive therapy as part of gender dysphoria care–a pilot randomized controlled trial","Nordic Journal of Psychiatry",2025,"doi.org/10.1080/08039488.2025.2589850","Data Analysis"
"Levy S","Demonstrating Attachment‐Based Family Therapy for Transgender and Gender Diverse Youth with Suicidal Thoughts and Behavior: A Case Study","Family process",2022,"onlinelibrary.wiley.com/doi/10.1111/famp.12677","Case Study"
"Marchiano L","One Size Does Not Fit All: In Support of Psychotherapy for Gender Dysphoria","Archives of Sexual Behavior",2020,"http://link.springer.com/10.1007/s10508-020-01844-2","Editorial"
"Ahmed S F","Global Disorders of Sex Development Update since 2006: Perceptions, Approach and Care","Hormone Research in Paediatrics",2016,"www.karger.com/Article/FullText/442975","Review"
"Hughes I A","Consensus Statement on Management of Intersex Disorders","Pediatrics",2006,"http://pediatrics.aappublications.org/cgi/doi/10.1542/peds.2006-0738","Position Statement"
"Rijsdijk F V","Genetic and Environmental Influences on Sexual Orientation: Moderation by Childhood Gender Nonconformity and Early-Life Adversity","Archives of Sexual Behavior",2024,"link.springer.com/10.1007/s10508-023-02761-w","Data Analysis"
"Frisell T","Gender dysphoria in twins: a register-based population study","Scientific Reports",2022,"doi.org/10.1038/s41598-022-17749-0","Data Analysis"
"Mathur P","Maturation of the adolescent brain","Neuropsychiatric Disease and Treatment",2013,"www.dovepress.com/maturation-of-the-adolescent-brain-peer-reviewed-fulltext-article-NDT","Review"
"ComerasChueca C","Strength, power and aerobic capacity of transgender athletes: a cross-sectional study","British Journal of Sports Medicine",2024,"bjsm.bmj.com/lookup/doi/10.1136/bjsports-2023-108029","Data Analysis"
"Mathisen R","Effective Communication About Pregnancy, Birth, Lactation, Breastfeeding and Newborn Care: The Importance of Sexed Language","Frontiers in Global Women's Health",2022,"www.frontiersin.org/articles/10.3389/fgwh.2022.818856/full","Editorial"
"Rogers A","Sex, gender, and medical data","BMJ",2021,"www.researchgate.net/publication/350208937_Sex_gender_and_medical_data","Editorial"
"Denton K M","Considering Sex as a Biological Variable in Basic and Clinical Studies: An Endocrine Society Scientific Statement","Endocrine Reviews",2021,"academic.oup.com/edrv/advance-article/doi/10.1210/endrev/bnaa034/6159361","Position Statement"
"Kebapçı M N","Body composition and cardiometabolic changes during gender-affirming hormone therapy: 12-month longitudinal study","Endocrine Research",2026,"doi.org/10.1080/07435800.2026.2692682","Data Analysis"
"Köroglu E P","Impact of testosterone-based gender-affirming hormone therapy on toll-like receptor transcript levels and peripheral blood leukocyte counts in transmasculine individuals","Frontiers in Immunology",2026,"www.frontiersin.org/journals/immunology/articles/10.3389/fimmu.2026.1752956/full","Data Analysis"
"Huang X","Non-Medical Gender Affirming Practices Among Transgender Individuals: A Systematic Review on the Health Implications of Chest Binding and Genital Tucking","International Journal of Sexual Health",2026,"doi.org/10.1080/19317611.2025.2560416","Data Analysis"
"Kaliebe K","Obstacles to progress in paediatric gender medicine","European Journal of Developmental Psychology",2025,"www.tandfonline.com/doi/full/10.1080/17405629.2025.2546574","Editorial"
"Bickendorf X","Plasma testosterone concentration is correlated with circulating immune cell abundance in transgender young people on gender-affirming hormone treatment","Frontiers in Immunology",2025,"www.frontiersin.org/journals/immunology/articles/10.3389/fimmu.2025.1608543/full","Data Analysis"
"Quinn É","Critically appraising the Cass Report: Methodological flaws and unsupported claims","BMC Medical Research Methodology",2025,"doi.org/10.1186/s12874-025-02581-7","Review"
"Pang K C","Epigenetic remodeling by sex hormone receptors and implications for gender affirming hormone therapy","Frontiers in Immunology",2025,"www.frontiersin.org/journals/immunology/articles/10.3389/fimmu.2025.1501959/full","Review"
"Landegren N","Immune dynamics throughout life in relation to sex hormones and perspectives gained from gender-affirming hormone therapy","Frontiers in Immunology",2025,"www.frontiersin.org/journals/immunology/articles/10.3389/fimmu.2024.1501364/full","Review"
"Hewitt C E","Clinical guidelines for children and adolescents experiencing gender dysphoria or incongruence: a systematic review of guideline quality (part 1)","Archives of Disease in Childhood",2024,"adc.bmj.com/lookup/doi/10.1136/archdischild-2023-326499","Data Analysis"
"Fraser L","Care pathways of children and adolescents referred to specialist gender services: a systematic review","Archives of Disease in Childhood",2024,"adc.bmj.com/content/early/2024/04/09/archdischild-2023-326760","Data Analysis"
"Hewitt C E","Clinical guidelines for children and adolescents experiencing gender dysphoria or incongruence: a systematic review of recommendations (part 2)","Archives of Disease in Childhood",2024,"adc.bmj.com/lookup/doi/10.1136/archdischild-2023-326500","Data Analysis"
"Fraser L","Characteristics of children and adolescents referred to specialist gender services: a systematic review","Archives of Disease in Childhood",2024,"adc.bmj.com/lookup/doi/10.1136/archdischild-2023-326681","Data Analysis"
"Sämfjord A","A PRISMA systematic review of adolescent gender dysphoria literature: 2) mental health","PLOS Global Public Health",2024,"journals.plos.org/globalpublichealth/article?id=10.1371/journal.pgph.0000426","Review"
"Frank L","Bicalutamide-Induced Hepatotoxicity in a Transgender Male-to-Female Adolescent","Journal of Adolescent Health",2024,"linkinghub.elsevier.com/retrieve/pii/S1054139X23004342","Case Study"
"Hellinga I","Transgender Girls Grow Tall: Adult Height Is Unaffected by GnRH Analogue and Estradiol Treatment","The Journal of Clinical Endocrinology & Metabolism",2022,"academic.oup.com/jcem/advance-article/doi/10.1210/clinem/dgac349/6603101","Data Analysis"
"Sämfjord A","A PRISMA systematic review of adolescent gender dysphoria literature: 1) Epidemiology","PLOS Global Public Health",2022,"dx.plos.org/10.1371/journal.pgph.0000245","Data Analysis"
"Estrada C","Prostatic metaplasia of the vagina in transmasculine individuals","World Journal of Urology",2022,"link.springer.com/10.1007/s00345-021-03907-y","Data Analysis"
"Eade D","A Waitlist Intervention for Transgender Young People and Psychosocial Outcomes","Pediatrics",2021,"publications.aap.org/pediatrics/article/148/2/e2020042762/179754/A-Waitlist-Intervention-for-Transgender-Young","Data Analysis"
"Biggiani C","Acute Pancreatitis in the Transgender Population","Cureus",2021,"www.cureus.com/articles/63707-acute-pancreatitis-in-the-transgender-population","Case Study"
"Junejo M H","International clinical practice guidelines for gender minority/trans people: systematic review and quality assessment","BMJ Open",2021,"bmjopen.bmj.com/lookup/doi/10.1136/bmjopen-2021-048943","Data Analysis"
"Cárdenas R","Pubertal timing predicts adult psychosexuality: Evidence from typically developing adults and adults with isolated GnRH deficiency","Psychoneuroendocrinology",2020,"linkinghub.elsevier.com/retrieve/pii/S0306453020301529","Data Analysis"
"McHugh P R","Gender-Affirmation Surgery Conclusion Lacks Evidence","American Journal of Psychiatry",2020,"http://ajp.psychiatryonline.org/doi/10.1176/appi.ajp.2020.19111130","Editorial"
"McLaughlin M","Spatial memory is impaired by peripubertal GnRH agonist treatment and testosterone replacement in sheep","Psychoneuroendocrinology",2017,"www.sciencedirect.com/science/article/pii/S0306453016305595","Data Analysis"
"Pujia C","Nutritional Monitoring During Gender-Affirming Hormone Therapy: Body Composition and Metabolic Implications","Nutrients",2026,"www.mdpi.com/2072-6643/18/12/1967","Data Analysis"
"Joffe A R","The Cass Review and Gender-Related Care for Young People in Canada: A Commentary on the Canadian Paediatric Society Position Statement on Transgender and Gender-Diverse Youth","Archives of Sexual Behavior",2025,"doi.org/10.1007/s10508-025-03335-8","Editorial"
"Scher S","Obstacles to progress in paediatric gender medicine","European Journal of Developmental Psychology",2025,"www.tandfonline.com/doi/full/10.1080/17405629.2025.2546574","Editorial"
"Steensma T D","Sexual satisfaction and dysfunction in transgender adults following puberty suppression treatment during adolescence","The Journal of Sexual Medicine",2025,"doi.org/10.1093/jsxmed/qdaf095","Data Analysis"
"Rosen M","“Providers had no idea what to do with me”: A mixed-methods analysis of detransition/retransition support, care, and information needs among sexual and gender minority individuals","International Journal of Transgender Health",2025,"www.tandfonline.com/doi/full/10.1080/26895269.2025.2538744","Data Analysis"
"Chen D","Mental and Emotional Health of Youth after 24 months of Gender-Affirming Medical Care Initiated with Pubertal Suppression","medRxiv",2025,"www.medrxiv.org/content/10.1101/2025.05.14.25327614v1","Preprint"
"de Vries A L C","Gender-affirming medical treatment for adolescents: A critical reflection on “effective” treatment outcomes","BMC Medical Ethics",2024,"bmcmedethics.biomedcentral.com/articles/10.1186/s12910-024-01143-8","Review"
"Dahlin K","Mastectomy for individuals with gender dysphoria below 26 years of age: A systematic review and meta-analysis","Plastic and Reconstructive Surgery",2024,"journals.lww.com/10.1097/PRS.0000000000011734","Data Analysis"
"Sahoo S","Gender-affirming hormone therapy and suicide-related outcomes in transgender and gender-diverse populations: a systematic review and meta-analysis","Mental Wellness",2026,"www.mental-wellness-journal.net/mw/article/view/42","Data Analysis"
"Langton T","Psychosocial support interventions for children and adolescents experiencing gender dysphoria or incongruence: a systematic review","Archives of Disease in Childhood",2024,"adc.bmj.com/content/early/2024/04/09/archdischild-2023-326347","Data Analysis"
"Jarvis S W","Impact of social transition in relation to gender for children and adolescents: a systematic review","Archives of Disease in Childhood",2024,"adc.bmj.com/content/early/2024/04/09/archdischild-2023-326112","Data Analysis"
"Montante S","Puberty blockers for gender dysphoria in youth: A systematic review and meta-analysis","Archives of Disease in Childhood",2025,"adc.bmj.com/content/early/2025/01/29/archdischild-2024-327909","Data Analysis"
"Ligges M","Beyond NICE: Updated systematic review on the current evidence for using puberty blockers and cross-sex hormones in minors with gender dysphoria: Electronic supplementary online materials I: adapted abbreviated English version","Zeitschrift für Kinder- und Jugendpsychiatrie und Psychotherapie",2024,"econtent.hogrefe.com/doi/suppl/10.1024/1422-4917/a000972/suppl_file/1422-4917_a000972_esm1.pdf","Data Analysis"
"Langton T","Interventions to suppress puberty in adolescents experiencing gender dysphoria or incongruence: a systematic review","Archives of Disease in Childhood",2024,"adc.bmj.com/content/early/2024/04/09/archdischild-2023-326669","Data Analysis"
"Visnitchi D","A PRISMA systematic review of adolescent gender dysphoria literature: 3) treatment","PLOS Global Public Health",2023,"dx.plos.org/10.1371/journal.pgph.0001478","Data Analysis"
"Kriström B","A systematic review of hormone treatment for children with gender dysphoria and recommendations for research","Acta Paediatrica",2023,"onlinelibrary.wiley.com/doi/abs/10.1111/apa.16791","Data Analysis"
"Montante S","Gender affirming hormone therapy for individuals with gender dysphoria aged <26 years: a systematic review and meta-analysis","Archives of Disease in Childhood",2025,"adc.bmj.com/content/early/2025/02/06/archdischild-2024-327921","Data Analysis"
"Fraser L","Masculinising and feminising hormone interventions for adolescents experiencing gender dysphoria or incongruence: a systematic review","Archives of Disease in Childhood",2024,"adc.bmj.com/content/early/2024/04/09/archdischild-2023-326670","Data Analysis"
"Spritzer P M","The Effect of Gender-Affirming Hormone Therapy on the Risk of Subclinical Atherosclerosis in the Transgender Population: A Systematic Review","Endocrine Practice",2023,"linkinghub.elsevier.com/retrieve/pii/S1530891X22009090","Data Analysis"
"McArthur K","Hormone Therapy, Mental Health, and Quality of Life Among Transgender People: A Systematic Review","Journal of the Endocrine Society",2021,"academic.oup.com/jes/article/doi/10.1210/jendso/bvab011/6126016","Data Analysis"
"Pang K C","Hormonal Treatment in Young People With Gender Dysphoria: A Systematic Review","Pediatrics",2018,"www.academia.edu/57779740/Hormonal_Treatment_in_Young_People_With_Gender_Dysphoria_A_Systematic_Review","Data Analysis"
"Ptak J J","Quality of the World Professional Association for Transgender Health Guideline Standards of Care 8: An Appraisal Using the AGREE II Instrument","Archives of Sexual Behavior",2026,"link.springer.com/10.1007/s10508-025-03399-6","Data Analysis"
"Claude F","Endocrine care of transgender and gender-diverse adults: Swiss recommendations","Swiss Medical Weekly",2026,"smw.ch/index.php/smw/article/view/5059","Review"
"Cools M","Endocrine Management of Transgender and Gender-Diverse Adolescents: Expert Opinion of the ESPE Working Group on Gender Incongruence and the Endo-ERN Main Thematic Group on Sexual Development and Maturation","Hormone Research in Paediatrics",2024,"doi.org/10.1159/000542904","Review"
"de Vries A L C","Standards of care for the health of transgender and gender diverse people, version 8","International Journal of Transgender Health",2022,"www.tandfonline.com/doi/full/10.1080/26895269.2022.2100644","Review"
"Meyer W J","Endocrine Treatment of Gender-Dysphoric/Gender-Incongruent Persons: An Endocrine Society Clinical Practice Guideline","Endocrine Practice",2017,"academic.oup.com/jcem/article/102/11/3869/4157558","Review"
"Ion R","Gender Dysphoria in children and young people: The implications for clinical staff of the Bell V’s Tavistock Judicial Review and Appeal Ruling","Journal of Clinical Nursing",2021,"onlinelibrary.wiley.com/doi/10.1111/jocn.16164","Editorial"
"Jenkins P","The communication of evidence to inform trans youth health care","The Lancet Child & Adolescent Health",2021,"www.thelancet.com/journals/lanchi/article/PIIS2352-4642(21)00197-8/abstract","Editorial"
"Tangpricha V","Proper Care of Transgender and Gender Diverse Persons in the Setting of Proposed Discrimination: A Policy Perspective*","The Journal of Clinical Endocrinology & Metabolism",2021,"academic.oup.com/jcem/article/106/2/305/6031005","Editorial"
"Lingiardi V","Gender Diverse Children and Adolescents in Italy: A Qualitative Study on Specialized Centers’ Model of Care and Network","International Journal of Environmental Research and Public Health",2020,"www.mdpi.com/1660-4601/17/24/9536","Data Analysis"
"Roeffen J","Gender incongruence and gender dysphoria in childhood and adolescence—current insights in diagnostics, management, and follow-up","European Journal of Pediatrics",2020,"http://link.springer.com/10.1007/s00431-020-03906-y","Review"
"Malone W J","Puberty blockers for gender dysphoric youth: A lack of sound science","Journal of the American College of Clinical Pharmacy",2022,"accpjournals.onlinelibrary.wiley.com/doi/full/10.1002/jac5.1691","Editorial"
"DAngelo R","Commentary: The Signal and the Noise—questioning the benefits of puberty blockers for youth with gender dysphoria—a commentary on Rew et al. (2021)","Child and Adolescent Mental Health",2021,"onlinelibrary.wiley.com/doi/10.1111/camh.12533","Editorial"
"Evans M","Puberty blockers for gender dysphoria: the science is far from settled","The Lancet Child & Adolescent Health",2021,"linkinghub.elsevier.com/retrieve/pii/S2352464221002352","Editorial"
"Savulescu J","Forever young? The ethics of ongoing puberty suppression for non-binary adults","Journal of Medical Ethics",2020,"jme.bmj.com/lookup/doi/10.1136/medethics-2019-106012","Case Study"
"Malone W J","Letter to the Editor: “Endocrine Treatment of Gender-Dysphoric/Gender-Incongruent Persons: An Endocrine Society Clinical Practice Guideline”","The Journal of Clinical Endocrinology & Metabolism",2019,"academic.oup.com/jcem/article/104/3/686/5198654","Editorial"
"GrütersKieslich A","Gender Identity Disorders in Childhood and Adolescence","Deutsches Ärzteblatt International",2008,"www.aerzteblatt.de/int/archive/article/62554","Review"
"Tornese G","Nonmedical Gender-Affirming Practices in Transgender and Gender Diverse Adolescents: A Narrative Review","Transgender Health",2026,"doi.org/10.1089/trgh.2023.0194","Review"
"Guerin E","Is Social Gender Transition Associated with Mental Health Status in Children and Adolescents with Gender Dysphoria?","Archives of Sexual Behavior",2023,"link.springer.com/10.1007/s10508-023-02588-5","Data Analysis"
"Devor A","Gender Identity 5 Years After Social Transition","Pediatrics",2022,"publications.aap.org/pediatrics/article/doi/10.1542/peds.2021-056082/186992/Gender-Identity-5-Years-After-Social-Transition","Data Analysis"
"BeckerHebly I","Not social transition status, but peer relations and family functioning predict psychological functioning in a German clinical sample of children with Gender Dysphoria","Clinical Child Psychology and Psychiatry",2020,"http://journals.sagepub.com/doi/10.1177/1359104520964530","Data Analysis"
"Grossman A H","Predictors and Mental Health Benefits of Chosen Name Use Among Transgender Youth","Youth & Society",2019,"http://journals.sagepub.com/doi/10.1177/0044118X19855898","Data Analysis"
"VanderLaan D P","Childhood social gender transition and psychosocial well-being: A comparison to cisgender gender-variant children","Clinical Practice in Pediatric Psychology",2019,"journals.sagepub.com/doi/10.1037/cpp0000295","Data Analysis"
"Acevedo K","Health impact of chest binding among transgender adults: a community-engaged, cross-sectional study","Culture, Health & Sexuality",2017,"www.tandfonline.com/doi/full/10.1080/13691058.2016.1191675","Data Analysis"
"CohenKettenis P T","Factors Associated With Desistence and Persistence of Childhood Gender Dysphoria: A Quantitative Follow-Up Study","Journal of the American Academy of Child & Adolescent Psychiatry",2013,"linkinghub.elsevier.com/retrieve/pii/S0890856713001871","Data Analysis"
"Leichtling G","Gender-affirming care for transgender and gender-diverse youth in Oregon: trends over time","Research Connections",2026,"academic.oup.com/rescon/article/doi/10.1093/rescon/vmag049/8657075","Data Analysis"
"Van Mello N M","The Dutch approach for transgender adolescents; past, present and future perspectives","European Journal of Developmental Psychology",2026,"www.tandfonline.com/doi/full/10.1080/17405629.2026.2615311","Review"
"Wiepjes C M","Continuation of gender-affirming hormones in transgender people starting puberty suppression in adolescence: a cohort study in the Netherlands","The Lancet Child & Adolescent Health",2022,"pubmed.ncbi.nlm.nih.gov/36273487/","Data Analysis"
"Lindauer R J L","Medical decision-making competence regarding puberty suppression: perceptions of transgender adolescents, their parents and clinicians","European Child & Adolescent Psychiatry",2022,"link.springer.com/10.1007/s00787-022-02076-6","Data Analysis"
"InwardsBreland D J","Mental health outcomes in transgender and nonbinary youths receiving gender-affirming care","JAMA Network Open",2022,"jamanetwork.com/journals/jamanetworkopen/fullarticle/2789423","Data Analysis"
"De Stavola B L","Short-term outcomes of pubertal suppression in a selected cohort of 12 to 15 year old young people with persistent gender dysphoria in the UK","PLOS ONE",2021,"dx.plos.org/10.1371/journal.pone.0243894","Data Analysis"
"Hannema S E","Bone Development in Transgender Adolescents Treated With GnRH Analogues and Subsequent Gender-Affirming Hormones","The Journal of Clinical Endocrinology & Metabolism",2020,"academic.oup.com/jcem/article/doi/10.1210/clinem/dgaa604/5903559","Data Analysis"
"Tafuri K","Longitudinal impact of gender-affirming endocrine intervention on the mental health and well-being of transgender youths: preliminary results","International Journal of Pediatric Endocrinology",2020,"ijpeonline.biomedcentral.com/articles/10.1186/s13633-020-00078-2","Data Analysis"
"Carneiro M","Brain Maturation, Cognition and Voice Pattern in a Gender Dysphoria Case under Pubertal Suppression","Frontiers in Human Neuroscience",2017,"http://journal.frontiersin.org/article/10.3389/fnhum.2017.00528/full","Data Analysis"
"Rotteveel J","Effect of pubertal suppression and cross-sex hormone therapy on bone turnover markers and bone mineral apparent density (BMAD) in transgender adolescents","Bone",2017,"linkinghub.elsevier.com/retrieve/pii/S8756328216303337","Data Analysis"
"Rotteveel J","Bone Mass in Young Adulthood Following Gonadotropin-Releasing Hormone Analog Treatment and Cross-Sex Hormone Treatment in Adolescents With Gender Dysphoria","The Journal of Clinical Endocrinology & Metabolism",2015,"academic.oup.com/jcem/article-lookup/doi/10.1210/jc.2014-2439","Data Analysis"
"Carmichael P","Psychological Support, Puberty Suppression, and Psychosocial Functioning in Adolescents with Gender Dysphoria","The Journal of Sexual Medicine",2015,"https://doi.org/10.1111/jsm.13034","Data Analysis"
"Doreleijers T A H","Young Adult Psychological Outcome After Puberty Suppression and Gender Reassignment","Pediatrics",2014,"http://pediatrics.aappublications.org/cgi/doi/10.1542/peds.2013-2958","Data Analysis"
"Delemarrevan de Waal H A","Puberty Suppression in a Gender-Dysphoric Adolescent: A 22-Year Follow-Up","Archives of Sexual Behavior",2011,"http://link.springer.com/10.1007/s10508-011-9758-9","Case Study"
"de Vries A L C","Socioeconomic status among Dutch adults using gender-affirming hormone therapy: comparison with the general population and trajectories around hormone therapy initiation","International Journal of Transgender Health",2026,"doi.org/10.1080/26895269.2026.2636978","Data Analysis"
"Garofalo R","Anger, Aggression, and Irritability in Transgender and Gender Diverse Youth Following Testosterone Initiation: A 12-Month Longitudinal Analysis","Journal of Adolescent Health",2026,"www.jahonline.org/article/S1054-139X(25)00827-4/","Data Analysis"
"Moraes R S","Heart rate variability in transgender people receiving Gender-Affirming hormone therapy","Endocrine",2026,"link.springer.com/article/10.1007/s12020-025-04512-4","Data Analysis"
"Cools M","Effects of gender-affirming hormone therapy from adolescence to adulthood on bone mineral density, body composition and muscle strength","eClinicalMedicine",2026,"linkinghub.elsevier.com/retrieve/pii/S2589537025006595","Data Analysis"
"MacMillan L","Emerging and accumulating safety signals for the use of estrogen among transgender women","Discover Mental Health",2025,"doi.org/10.1007/s44192-025-00216-3","Review"
"van der Tuuk K","Changes in depression symptom profile with gender-affirming hormone use in transgender persons","Journal of Affective Disorders",2024,"linkinghub.elsevier.com/retrieve/pii/S0165032723015252","Data Analysis"
"Den Heijer M","The dose-dependent effect of estrogen on bone mineral density in trans girls","European Journal of Endocrinology",2023,"academic.oup.com/ejendo/advance-article/doi/10.1093/ejendo/lvad116/7244658","Data Analysis"
"Amos S","Adherence to Gender Affirming Hormone Therapy in Transgender Adolescents and Adults: A Retrospective Cohort Study","The Journal of Clinical Endocrinology & Metabolism",2023,"academic.oup.com/jcem/advance-article/doi/10.1210/clinem/dgad306/7184149","Data Analysis"
"Garofalo R","Psychosocial functioning in transgender youth after 2 years of hormones","New England Journal of Medicine",2023,"http://www.nejm.org/doi/10.1056/NEJMoa2206297","Data Analysis"
"OlsonKennedy J","The effect of gender-affirming hormone treatment on serum creatinine in transgender and gender-diverse youth: implications for estimating GFR","Pediatric Nephrology",2022,"link.springer.com/article/10.1007/s00467-022-05445-0","Data Analysis"
"HisleGorman E","Continuation of Gender-affirming Hormones Among Transgender Adolescents and Adults","The Journal of Clinical Endocrinology & Metabolism",2022,"academic.oup.com/jcem/advance-article/doi/10.1210/clinem/dgac251/6572526","Data Analysis"
"Daley T","Is There a Link Between Hormone Use and Diabetes Incidence in Transgender People? Data from the STRONG Cohort","The Journal of Clinical Endocrinology & Metabolism",2021,"academic.oup.com/jcem/article/107/4/e1549/6429721","Data Analysis"
"Cárdenas R","Timing of peripubertal steroid exposure predicts visuospatial cognition in men: Evidence from three samples","Hormones and Behavior",2020,"linkinghub.elsevier.com/retrieve/pii/S0018506X20300386","Data Analysis"
"Veldeman L","Effects of Gender-Affirming Hormone Therapy on Insulin Sensitivity and Incretin Responses in Transgender People","Diabetes Care",2020,"diabetesjournals.org/care/article/43/2/411/36004/Effects-of-Gender-Affirming-Hormone-Therapy-on","Data Analysis"
"Schuringa A","Bone Mineral Density in Transgender Individuals After Gonadectomy and Long-Term Gender-Affirming Hormonal Treatment","The Journal of Sexual Medicine",2019,"linkinghub.elsevier.com/retrieve/pii/S174360951931238X","Data Analysis"
"Kreukels B P C","Occurrence of Acute Cardiovascular Events in Transgender Individuals Receiving Hormone Therapy: Results From a Large Cohort Study","Circulation",2019,"www.ahajournals.org/doi/10.1161/CIRCULATIONAHA.118.038584","Data Analysis"
"BecerraCulqui T A","Cross-sex Hormones and Acute Cardiovascular Events in Transgender Persons","Annals of internal medicine",2018,"www.ncbi.nlm.nih.gov/pmc/articles/PMC6636681/","Data Analysis"
"Peerdeman S M","The occurrence of benign brain tumours in transgender individuals during cross-sex hormone treatment","Brain",2018,"academic.oup.com/brain/article/141/7/2047/4983052","Data Analysis"
"Ganger S","Effects of testosterone treatment on hypothalamic neuroplasticity in female-to-male transgender individuals","Brain Structure & Function",2018,"link.springer.com/article/10.1007/s00429-017-1494-z","Data Analysis"
"BaronCohen S","Testosterone reduces functional connectivity during the ‘Reading the Mind in the Eyes’ Test","Psychoneuroendocrinology",2016,"pmc.ncbi.nlm.nih.gov/articles/PMC6345363/","Data Analysis"
"Golovko G","Risk of Suicide and Self-Harm Following Gender-Affirmation Surgery","Cureus",2024,"www.cureus.com/articles/201512-risk-of-suicide-and-self-harm-following-gender-affirmation-surgery","Data Analysis"
"Paluvoi N V","Major complications of sigmoid vaginoplasty: a case series","Journal of Surgical Case Reports",2023,"academic.oup.com/jscr/article/doi/10.1093/jscr/rjad333/7195771","Data Analysis"
"Lalezari S","Non-typhoidal Salmonella soft-tissue infection after gender affirming subcutaneous mastectomy case report","Case Reports in Plastic Surgery & Hand Surgery",2023,"www.tandfonline.com/doi/10.1080/23320885.2023.2185621","Case Study"
"Blankensteijn L L","Mastectomy in Transgender and Cisgender Patients: A Comparative Analysis of Epidemiology and Postoperative Outcomes","Plastic and Reconstructive Surgery - Global Open",2019,"journals.lww.com/01720096-201906000-00007","Data Analysis"
"Poudrier G","Masculinizing Top Surgery: A Systematic Review of Techniques and Outcomes","Annals of Plastic Surgery",2018,"journals.lww.com/annalsplasticsurgery/abstract/2018/06000/masculinizing_top_surgery__a_systematic_review_of.18.aspx","Data Analysis"
"Clark L F","Chest Reconstruction and Chest Dysphoria in Transmasculine Minors and Young Adults: Comparisons of Nonsurgical and Postsurgical Cohorts","JAMA Pediatrics",2018,"http://archpedi.jamanetwork.com/article.aspx?doi=10.1001/jamapediatrics.2017.5440","Data Analysis"
"Rivera A","Quality of life improvement after chest wall masculinization in female-to-male transgender patients: A prospective study using the BREAST-Q and Body Uneasiness Test","Journal of Plastic, Reconstructive & Aesthetic Surgery",2018,"www.researchgate.net/publication/394441514_Improvement_in_Quality_of_Life_in_Transmasculine_Individuals_After_Chest_Masculinization_Surgery","Review"
"Bouman M B","Body Image in Transmen: Multidimensional Measurement and the Effects of Mastectomy","The Journal of Sexual Medicine",2016,"www.sciencedirect.com/science/article/pii/S1743609516304052?via%3Dihub","Data Analysis"
"ArayaColvin J","Patient-Reported Outcomes and Body Mass Index in Adolescents and Young Adults After Gender-Affirming Chest Surgery: A Single-Center Cross-Sectional Study","Annals of Surgery Open",2026,"journals.lww.com/aosopen/fulltext/2026/06000/patient_reported_outcomes_and_body_mass_index_in.28.aspx","Data Analysis"
"TSjoen G G","Bone health in gender-diverse individuals: current challenges and future directions","Hormones",2026,"doi.org/10.1007/s42000-026-00793-0","Review"
"den Heijer M","Bone Mineral Density in Transgender Adolescents Treated With Puberty Suppression and Subsequent Gender-Affirming Hormones","JAMA Pediatrics",2023,"jamanetwork.com/journals/jamapediatrics/fullarticle/2811155","Data Analysis"
"Cecil K M","Changes in Bone Marrow Adipose Tissue in Transgender and Gender Non-Conforming Youth Undergoing Pubertal Suppression: A Pilot Study","Journal of Clinical Densitometry",2022,"linkinghub.elsevier.com/retrieve/pii/S1094695022000713","Data Analysis"
"Chan Y M","Low Bone Mineral Density in Early Pubertal Transgender/Gender Diverse Youth: Findings From the Trans Youth Care Study","Journal of the Endocrine Society",2020,"academic.oup.com/jes/article/doi/10.1210/jendso/bvaa065/5866143","Data Analysis"
"Watson N","The ovaries of transgender men indicate effects of high dose testosterone on the primordial and early growing follicle pool","Reproduction and Fertility",2023,"raf.bioscientifica.com/view/journals/raf/4/2/RAF-22-0102.xml","Data Analysis"
"Van Mello N M","Desire for children and fertility preservation in transgender and gender-diverse people: A systematic review","Best Practice & Research Clinical Obstetrics & Gynaecology",2023,"linkinghub.elsevier.com/retrieve/pii/S1521693423000019","Review"
"Elder C V","Rates of Fertility Preservation Use Among Transgender Adolescents","JAMA Pediatrics",2020,"jamanetwork.com/journals/jamapediatrics/fullarticle/2764075","Data Analysis"
"AlbaAlejandre I","How do elevated levels of testosterone affect the function of the human fallopian tube and fertility?—New insights","Molecular Reproduction and Development",2020,"onlinelibrary.wiley.com/doi/abs/10.1002/mrd.23291","Data Analysis"
"Resetkova N","Assisted reproductive technology outcomes in female-to-male transgender patients compared with cisgender patients: a new frontier in reproductive medicine","Fertility and Sterility",2019,"www.fertstert.org/article/S0015-0282(19)30619-3/fulltext","Data Analysis"
"Hotaling J M","Fertility concerns of the transgender patient","Translational Andrology and Urology",2019,"http://tau.amegroups.com/article/view/26091/24253","Review"
"Duisin D","Gender Dysphoria: Bioethical Aspects of Medical Treatment","BioMed Research International",2018,"www.hindawi.com/journals/bmri/2018/9652305/","Review"
"Roden R C","Fertility preservation in transgender youth from initial counseling through preservation procedures: A retrospective cross-sectional study","Journal of Pediatric and Adolescent Gynecology",2026,"www.jpagonline.org/article/S1083-3188(26)00005-7/abstract","Data Analysis"
"Ferlin A","Semen Quality in Transgender Individuals Seeking Fertility Preservation","Andrology",2026,"onlinelibrary.wiley.com/doi/abs/10.1111/andr.70268","Data Analysis"
"Couteau N","Sexuality and erectile function in transgender women prior to gender-affirming surgery: a descriptive study","The Journal of Sexual Medicine",2026,"doi.org/10.1093/jsxmed/qdag125","Data Analysis"
"Dastur Z","Testosterone use and sexual function among transgender men and gender diverse people assigned female at birth","American Journal of Obstetrics and Gynecology",2023,"linkinghub.elsevier.com/retrieve/pii/S0002937823006051","Data Analysis"
"Siconolfi A","Changes in cardiometabolic risk factors in transmasculine individuals over 10 years of Gender-Affirming Hormone Therapy","Journal of Endocrinological Investigation",2026,"doi.org/10.1007/s40618-026-02906-3","Data Analysis"
"de Freminville J B","Testosterone therapy and the risk of atrial fibrillation, venous thromboembolism and cardiovascular events in cis men with hypogonadism and trans men","European Journal of Endocrinology",2025,"doi.org/10.1093/ejendo/lvaf183","Data Analysis"
"Nadeau K J","Body Composition and Markers of Cardiometabolic Health in Transgender Youth on Gonadotropin-Releasing Hormone Agonists","Transgender Health",2021,"www.liebertpub.com/doi/10.1089/trgh.2020.0029","Data Analysis"
"McCaffrey J","Cardiovascular Disease Risk Factors and Myocardial Infarction in the Transgender Population","Circulation: Cardiovascular Quality and Outcomes",2019,"www.ahajournals.org/doi/10.1161/CIRCOUTCOMES.119.005597","Data Analysis"
"Serra R","Transgender Vascular Health: Interactions Between Gender Identity, Hormone Therapy, and Vascular Disease Risk","Journal of Vascular Diseases",2026,"www.mdpi.com/2813-2475/5/3/23","Review"
"Kelley C E","Venous Thromboembolism in Transgender and Gender Diverse Individuals on Estrogen-Based Gender-Affirming Hormone Therapy","Journal of Clinical Medicine",2026,"www.mdpi.com/2077-0383/15/11/4166","Data Analysis"
"Swendeman D","Fluidity in Reporting Gender Identity Labels in a Sample of Transgender and Gender Diverse Adolescents and Young Adults, Los Angeles, California, and New Orleans, Louisiana, 2017-2019","Public Health Reports",2024,"http://journals.sagepub.com/doi/10.1177/00333549231223922","Data Analysis"
"Lin Y","The mean age of gender dysphoria diagnosis is decreasing","General Psychiatry",2023,"onlinelibrary.wiley.com/doi/10.1136/gpsych-2022-100972","Data Analysis"
"Gessler D","Australian children and adolescents with gender dysphoria: Clinical presentations and challenges experienced by a multidisciplinary team and gender service","Human Systems",2021,"journals.sagepub.com/doi/10.1177/26344041211010777","Data Analysis"
"Ambler G R","Attachment Patterns in Children and Adolescents With Gender Dysphoria","Frontiers in Psychology",2021,"www.frontiersin.org/journals/psychology/articles/10.3389/fpsyg.2020.582688/full","Data Analysis"
"Bindt C","Ten years of a gender identity service for children and adolescents in Germany: demographic and clinical patterns","European Child & Adolescent Psychiatry",2026,"link.springer.com/10.1007/s00787-026-03080-w","Data Analysis"
"Kreukels B P C","Characteristics of Dutch Gender Clinic-Referred Adolescents Who Did Not Pursue Gender-Affirming Medical Treatment","Journal of Sex & Marital Therapy",2026,"www.tandfonline.com/doi/full/10.1080/0092623X.2026.2641805","Data Analysis"
"Dhondt K","The evolution of pediatric transgender healthcare in Flanders: Trends in referrals, intakes and gender-affirming interventions over the last 15 years","International Journal of Transgender Health",2026,"doi.org/10.1080/26895269.2025.2452996","Data Analysis"
"Malacova E","Prevalence of Diverse Genders and Sexualities in Australia and Associations With Five Forms of Child Maltreatment and Multi-type Maltreatment","Child Maltreatment",2024,"http://journals.sagepub.com/doi/10.1177/10775595231226331","Data Analysis"
"Abramovich A","Exploring the gender care experiences and perspectives of individuals who discontinued their transition or detransitioned in Canada","PLOS ONE",2023,"dx.plos.org/10.1371/journal.pone.0293868","Data Analysis"
"Twisk J W R","Re-evaluation of the Dutch approach: are recently referred transgender youth different compared to earlier referrals?","European Child & Adolescent Psychiatry",2020,"http://link.springer.com/10.1007/s00787-019-01394-6","Data Analysis"
"Wood H","Evidence for an Altered Sex Ratio in Clinic‐Referred Adolescents with Gender Dysphoria","The Journal of Sexual Medicine",2015,"www.researchgate.net/publication/271221293_Evidence_for_an_Altered_Sex_Ratio_in_Clinic-Referred_Adolescents_with_Gender_Dysphoria","Data Analysis"
"Belaghi R","Stability of Transgender Identity in Adolescents Seen in Multidisciplinary Specialized Gender Centers: A Multicenter Study in Canada","Journal of Adolescent Health",2026,"www.sciencedirect.com/science/article/pii/S1054139X26001175","Data Analysis"
"Kreukels B P C","Psychological and physical effects of short-term discontinuation of feminizing gender-affirming hormone therapy among older transgender women: a within-subject clinical trial","Human Reproduction",2026,"doi.org/10.1093/humrep/deag087","Data Analysis"
"Marshall G","Gender fluidity and detransition: Results of a cross-sectional online survey of sexual and gender minorities living in the US and Canada","The Journal of LGBTQ+ Mental Health",2026,"doi.org/10.1080/30678935.2026.2653130","Data Analysis"
"Abramovich A","A typology of pathways to detransition: Considerations for care practice with transgender and gender diverse people who stop or reverse their gender transition.","Psychology of Sexual Orientation and Gender Diversity",2023,"MacKinnon, K. R., Kia, H., Gould, W. A., Ross, L. E., Abramovich, A., Enxuga, G., Lam, J. S. H.
(2023)
  A typology of pathways to detransition: Considerations for care practice with transgender and gender diverse people who stop or reverse their gender transition..
    Psychology of Sexual Orientation and Gender Diversity,
          http://doi.apa.org/getdoi.cfm?doi=10.1037/sgd0000678","Review"
"Scher S","Developmental Pathway Choices of Young People Presenting to a Gender Service with Gender Distress: A Prospective Follow-Up Study","Children",2023,"www.mdpi.com/2227-9067/10/2/314","Data Analysis"
"LacombeDuncan A","Health Care Experiences of Patients Discontinuing or Reversing Prior Gender-Affirming Treatments","JAMA Network Open",2022,"jamanetwork.com/journals/jamanetworkopen/fullarticle/2794543","Data Analysis"
"Solá Izquierdo E","Transsexuality: Transitions, detransitions, and regrets in Spain","Endocrinología, Diabetes y Nutrición (English ed.)",2020,"linkinghub.elsevier.com/retrieve/pii/S2530018020301360","Data Analysis"
"de Vries A L C","The Amsterdam Cohort of Gender Dysphoria Study (1972–2015): Trends in Prevalence, Treatment, and Regrets","The Journal of Sexual Medicine",2018,"linkinghub.elsevier.com/retrieve/pii/S1743609518300572","Data Analysis"
"Roberts S A","Anticipatory Guidance for Discontinuation of Gender-Affirming Hormonal Care in Adolescent Patients","The Journal of Pediatrics",2026,"linkinghub.elsevier.com/retrieve/pii/S0022347626001733","Editorial"
"Sivertsen B","Suicide attempts, self-harm and suicidal ideation among Norwegian university students with eating disorders and disordered eating: the SHoT study 2018 and 2022","BMC Psychiatry",2026,"doi.org/10.1186/s12888-026-08229-0","Data Analysis"
"Ventresca C","Concerns Regarding Data Modelling and Interpretation in Ruuska et al.","Acta Paediatrica",2026,"onlinelibrary.wiley.com/doi/10.1111/apa.70617","Editorial"
"Tornese G","Psychiatric Contacts Are Not Outcomes: Interpreting Evidence in Gender‐Referred Youth","Acta Paediatrica",2026,"onlinelibrary.wiley.com/doi/10.1111/apa.70619","Editorial"
"Hiitola J","Letter of Concern About Ruuska et al. From 4 April 2026","Acta Paediatrica",2026,"onlinelibrary.wiley.com/doi/10.1111/apa.70620","Editorial"
"Poteat T C","Trajectories of antidepressant dispensing among privately insured transgender people in the United States","Scientific Reports",2026,"www.nature.com/articles/s41598-026-51351-y","Data Analysis"
"Price M N","Reply to: Methodological considerations for evaluating policy impacts on transgender and non-binary youth suicidality","Nature Human Behaviour",2026,"www.nature.com/articles/s41562-026-02478-5","Editorial"
"Marmara J","Correlates of body dissatisfaction and eating disorder symptoms in transgender and gender diverse populations: A systematic review","Body Image",2026,"www.sciencedirect.com/science/article/pii/S1740144525001809","Data Analysis"
"Kekkonen V","Depression and anxiety among transgender-identifying adolescents in psychiatric outpatient care","International Journal of Adolescent Medicine and Health",2025,"www.degruyterbrill.com/document/doi/10.1515/ijamh-2025-0104/html","Data Analysis"
"Price M N","State-level anti-transgender laws increase past-year suicide attempts among transgender and non-binary young people in the USA","Nature Human Behaviour",2024,"www.nature.com/articles/s41562-024-01979-5","Data Analysis"
"Testa A","Screen use in transgender and gender-questioning adolescents: Findings from the Adolescent Brain Cognitive Development (ABCD) Study","Annals of epidemiology",2024,"www.sciencedirect.com/science/article/pii/S1047279724000632?via%3Dihub","Data Analysis"
"Böckerman P","Transmission of Mental Disorders in Adolescent Peer Networks","JAMA Psychiatry",2024,"jamanetwork.com/journals/jamapsychiatry/fullarticle/2818735","Data Analysis"
"Dekker L","A Pilot Study on the Effect of Peer Support on Quality of Life of Adolescents with Autism Spectrum Disorder and Gender Dysphoria","Journal of Autism and Developmental Disorders",2024,"link.springer.com/10.1007/s10803-022-05832-4","Data Analysis"
"Puustinen N","Experimental treatment of gender dysphoria in patients with non-binary gender identities: A retrospective register study and quality control","Psychiatria Fennica",2019,"www.psykiatriantutkimussaatio.fi/wp-content/uploads/2021/05/Psychiatria_Fennica-2019_Kettula-et-al..pdf","Data Analysis"
"Hanson C","Baseline findings from the Longitudinal Outcomes of Gender Identity in Children (LOGIC) study","The British Journal of Psychiatry",2025,"www.cambridge.org/core/journals/the-british-journal-of-psychiatry/article/baseline-findings-from-the-longitudinal-outcomes-of-gender-identity-in-children-logic-study/29C43BF6360C11D9977362F805AF0311","Data Analysis"
"Tuisku K","Early-onset trans-sensitive therapy as part of gender dysphoria care–a pilot randomized controlled trial","Nordic Journal of Psychiatry",2025,"doi.org/10.1080/08039488.2025.2589850","Data Analysis"
"Diamond G","Demonstrating Attachment‐Based Family Therapy for Transgender and Gender Diverse Youth with Suicidal Thoughts and Behavior: A Case Study","Family process",2022,"onlinelibrary.wiley.com/doi/10.1111/famp.12677","Case Study"
"Kenny D T","One Size Does Not Fit All: In Support of Psychotherapy for Gender Dysphoria","Archives of Sexual Behavior",2020,"http://link.springer.com/10.1007/s10508-020-01844-2","Editorial"
"Auchus R","Global Disorders of Sex Development Update since 2006: Perceptions, Approach and Care","Hormone Research in Paediatrics",2016,"www.karger.com/Article/FullText/442975","Review"
"in collaboration with the participants in the International Consensus Conference on Intersex organized by the Lawson Wilkins Pediatric Endocrine Society and the European Society for Paediatric Endocrinology","Consensus Statement on Management of Intersex Disorders","Pediatrics",2006,"http://pediatrics.aappublications.org/cgi/doi/10.1542/peds.2006-0738","Position Statement"
"Isaksson J","Gender dysphoria in twins: a register-based population study","Scientific Reports",2022,"doi.org/10.1038/s41598-022-17749-0","Data Analysis"
"Nel W","Maturation of the adolescent brain","Neuropsychiatric Disease and Treatment",2013,"www.dovepress.com/maturation-of-the-adolescent-brain-peer-reviewed-fulltext-article-NDT","Review"
"Bush P G","Strength, power and aerobic capacity of transgender athletes: a cross-sectional study","British Journal of Sports Medicine",2024,"bjsm.bmj.com/lookup/doi/10.1136/bjsports-2023-108029","Data Analysis"
"Walker S","Effective Communication About Pregnancy, Birth, Lactation, Breastfeeding and Newborn Care: The Importance of Sexed Language","Frontiers in Global Women's Health",2022,"www.frontiersin.org/articles/10.3389/fgwh.2022.818856/full","Editorial"
"Gupta A","Considering Sex as a Biological Variable in Basic and Clinical Studies: An Endocrine Society Scientific Statement","Endocrine Reviews",2021,"academic.oup.com/edrv/advance-article/doi/10.1210/endrev/bnaa034/6159361","Position Statement"
"Çolak E","Body composition and cardiometabolic changes during gender-affirming hormone therapy: 12-month longitudinal study","Endocrine Research",2026,"doi.org/10.1080/07435800.2026.2692682","Data Analysis"
"Gülpinar K","Impact of testosterone-based gender-affirming hormone therapy on toll-like receptor transcript levels and peripheral blood leukocyte counts in transmasculine individuals","Frontiers in Immunology",2026,"www.frontiersin.org/journals/immunology/articles/10.3389/fimmu.2026.1752956/full","Data Analysis"
"Hataiyusuk S","Non-Medical Gender Affirming Practices Among Transgender Individuals: A Systematic Review on the Health Implications of Chest Binding and Genital Tucking","International Journal of Sexual Health",2026,"doi.org/10.1080/19317611.2025.2560416","Data Analysis"
"Scher S","Obstacles to progress in paediatric gender medicine","European Journal of Developmental Psychology",2025,"www.tandfonline.com/doi/full/10.1080/17405629.2025.2546574","Editorial"
"Moore J K","Plasma testosterone concentration is correlated with circulating immune cell abundance in transgender young people on gender-affirming hormone treatment","Frontiers in Immunology",2025,"www.frontiersin.org/journals/immunology/articles/10.3389/fimmu.2025.1608543/full","Data Analysis"
"Comer D","Critically appraising the Cass Report: Methodological flaws and unsupported claims","BMC Medical Research Methodology",2025,"doi.org/10.1186/s12874-025-02581-7","Review"
"Saffery R","Epigenetic remodeling by sex hormone receptors and implications for gender affirming hormone therapy","Frontiers in Immunology",2025,"www.frontiersin.org/journals/immunology/articles/10.3389/fimmu.2025.1501959/full","Review"
"Langton T","Clinical guidelines for children and adolescents experiencing gender dysphoria or incongruence: a systematic review of guideline quality (part 1)","Archives of Disease in Childhood",2024,"adc.bmj.com/lookup/doi/10.1136/archdischild-2023-326499","Data Analysis"
"Hewitt C E","Care pathways of children and adolescents referred to specialist gender services: a systematic review","Archives of Disease in Childhood",2024,"adc.bmj.com/content/early/2024/04/09/archdischild-2023-326760","Data Analysis"
"Langton T","Clinical guidelines for children and adolescents experiencing gender dysphoria or incongruence: a systematic review of recommendations (part 2)","Archives of Disease in Childhood",2024,"adc.bmj.com/lookup/doi/10.1136/archdischild-2023-326500","Data Analysis"
"Hewitt C E","Characteristics of children and adolescents referred to specialist gender services: a systematic review","Archives of Disease in Childhood",2024,"adc.bmj.com/lookup/doi/10.1136/archdischild-2023-326681","Data Analysis"
"Gillberg C","A PRISMA systematic review of adolescent gender dysphoria literature: 2) mental health","PLOS Global Public Health",2024,"journals.plos.org/globalpublichealth/article?id=10.1371/journal.pgph.0000426","Review"
"OGorman M A","Bicalutamide-Induced Hepatotoxicity in a Transgender Male-to-Female Adolescent","Journal of Adolescent Health",2024,"linkinghub.elsevier.com/retrieve/pii/S1054139X23004342","Case Study"
"Van Trotsenburg A S P","Transgender Girls Grow Tall: Adult Height Is Unaffected by GnRH Analogue and Estradiol Treatment","The Journal of Clinical Endocrinology & Metabolism",2022,"academic.oup.com/jcem/advance-article/doi/10.1210/clinem/dgac349/6603101","Data Analysis"
"Gillberg C","A PRISMA systematic review of adolescent gender dysphoria literature: 1) Epidemiology","PLOS Global Public Health",2022,"dx.plos.org/10.1371/journal.pgph.0000245","Data Analysis"
"Yu R","Prostatic metaplasia of the vagina in transmasculine individuals","World Journal of Urology",2022,"link.springer.com/10.1007/s00345-021-03907-y","Data Analysis"
"Hoq M","A Waitlist Intervention for Transgender Young People and Psychosocial Outcomes","Pediatrics",2021,"publications.aap.org/pediatrics/article/148/2/e2020042762/179754/A-Waitlist-Intervention-for-Transgender-Young","Data Analysis"
"Upadhyay S","Acute Pancreatitis in the Transgender Population","Cureus",2021,"www.cureus.com/articles/63707-acute-pancreatitis-in-the-transgender-population","Case Study"
"Bewley S","International clinical practice guidelines for gender minority/trans people: systematic review and quality assessment","BMJ Open",2021,"bmjopen.bmj.com/lookup/doi/10.1136/bmjopen-2021-048943","Data Analysis"
"Welling L L","Pubertal timing predicts adult psychosexuality: Evidence from typically developing adults and adults with isolated GnRH deficiency","Psychoneuroendocrinology",2020,"linkinghub.elsevier.com/retrieve/pii/S0306453020301529","Data Analysis"
"Rennie M","Spatial memory is impaired by peripubertal GnRH agonist treatment and testosterone replacement in sheep","Psychoneuroendocrinology",2017,"www.sciencedirect.com/science/article/pii/S0306453016305595","Data Analysis"
"Monge T","Nutritional Monitoring During Gender-Affirming Hormone Therapy: Body Composition and Metabolic Implications","Nutrients",2026,"www.mdpi.com/2072-6643/18/12/1967","Data Analysis"
"de Vries A L C","Sexual satisfaction and dysfunction in transgender adults following puberty suppression treatment during adolescence","The Journal of Sexual Medicine",2025,"doi.org/10.1093/jsxmed/qdaf095","Data Analysis"
"Rudd S","“Providers had no idea what to do with me”: A mixed-methods analysis of detransition/retransition support, care, and information needs among sexual and gender minority individuals","International Journal of Transgender Health",2025,"www.tandfonline.com/doi/full/10.1080/26895269.2025.2538744","Data Analysis"
"Ehrensaft D","Mental and Emotional Health of Youth after 24 months of Gender-Affirming Medical Care Initiated with Pubertal Suppression","medRxiv",2025,"www.medrxiv.org/content/10.1101/2025.05.14.25327614v1","Preprint"
"Montante S","Mastectomy for individuals with gender dysphoria below 26 years of age: A systematic review and meta-analysis","Plastic and Reconstructive Surgery",2024,"journals.lww.com/10.1097/PRS.0000000000011734","Data Analysis"
"Aminov Z","Gender-affirming hormone therapy and suicide-related outcomes in transgender and gender-diverse populations: a systematic review and meta-analysis","Mental Wellness",2026,"www.mental-wellness-journal.net/mw/article/view/42","Data Analysis"
"Hewitt C E","Psychosocial support interventions for children and adolescents experiencing gender dysphoria or incongruence: a systematic review","Archives of Disease in Childhood",2024,"adc.bmj.com/content/early/2024/04/09/archdischild-2023-326347","Data Analysis"
"Langton T","Impact of social transition in relation to gender for children and adolescents: a systematic review","Archives of Disease in Childhood",2024,"adc.bmj.com/content/early/2024/04/09/archdischild-2023-326112","Data Analysis"
"Couban R","Puberty blockers for gender dysphoria in youth: A systematic review and meta-analysis","Archives of Disease in Childhood",2025,"adc.bmj.com/content/early/2025/01/29/archdischild-2024-327909","Data Analysis"
"Roessner V","Beyond NICE: Updated systematic review on the current evidence for using puberty blockers and cross-sex hormones in minors with gender dysphoria: Electronic supplementary online materials I: adapted abbreviated English version","Zeitschrift für Kinder- und Jugendpsychiatrie und Psychotherapie",2024,"econtent.hogrefe.com/doi/suppl/10.1024/1422-4917/a000972/suppl_file/1422-4917_a000972_esm1.pdf","Data Analysis"
"Fraser L","Interventions to suppress puberty in adolescents experiencing gender dysphoria or incongruence: a systematic review","Archives of Disease in Childhood",2024,"adc.bmj.com/content/early/2024/04/09/archdischild-2023-326669","Data Analysis"
"Sämfjord A","A PRISMA systematic review of adolescent gender dysphoria literature: 3) treatment","PLOS Global Public Health",2023,"dx.plos.org/10.1371/journal.pgph.0001478","Data Analysis"
"Landén M","A systematic review of hormone treatment for children with gender dysphoria and recommendations for research","Acta Paediatrica",2023,"onlinelibrary.wiley.com/doi/abs/10.1111/apa.16791","Data Analysis"
"Couban R","Gender affirming hormone therapy for individuals with gender dysphoria aged <26 years: a systematic review and meta-analysis","Archives of Disease in Childhood",2025,"adc.bmj.com/content/early/2025/02/06/archdischild-2024-327921","Data Analysis"
"Hewitt C E","Masculinising and feminising hormone interventions for adolescents experiencing gender dysphoria or incongruence: a systematic review","Archives of Disease in Childhood",2024,"adc.bmj.com/content/early/2024/04/09/archdischild-2023-326670","Data Analysis"
"Robinson K A","Hormone Therapy, Mental Health, and Quality of Life Among Transgender People: A Systematic Review","Journal of the Endocrine Society",2021,"academic.oup.com/jes/article/doi/10.1210/jendso/bvab011/6126016","Data Analysis"
"YepesNuñez J J","Quality of the World Professional Association for Transgender Health Guideline Standards of Care 8: An Appraisal Using the AGREE II Instrument","Archives of Sexual Behavior",2026,"link.springer.com/10.1007/s10508-025-03399-6","Data Analysis"
"Vento F D","Endocrine care of transgender and gender-diverse adults: Swiss recommendations","Swiss Medical Weekly",2026,"smw.ch/index.php/smw/article/view/5059","Review"
"GawlikStarzyk A M","Endocrine Management of Transgender and Gender-Diverse Adolescents: Expert Opinion of the ESPE Working Group on Gender Incongruence and the Endo-ERN Main Thematic Group on Sexual Development and Maturation","Hormone Research in Paediatrics",2024,"doi.org/10.1159/000542904","Review"
"Deutsch M B","Standards of care for the health of transgender and gender diverse people, version 8","International Journal of Transgender Health",2022,"www.tandfonline.com/doi/full/10.1080/26895269.2022.2100644","Review"
"Murad M H","Endocrine Treatment of Gender-Dysphoric/Gender-Incongruent Persons: An Endocrine Society Clinical Practice Guideline","Endocrine Practice",2017,"academic.oup.com/jcem/article/102/11/3869/4157558","Review"
"Iwamoto S J","Proper Care of Transgender and Gender Diverse Persons in the Setting of Proposed Discrimination: A Policy Perspective*","The Journal of Clinical Endocrinology & Metabolism",2021,"academic.oup.com/jcem/article/106/2/305/6031005","Editorial"
"Klink D T","Gender incongruence and gender dysphoria in childhood and adolescence—current insights in diagnostics, management, and follow-up","European Journal of Pediatrics",2020,"http://link.springer.com/10.1007/s00431-020-03906-y","Review"
"Telfer M","Forever young? The ethics of ongoing puberty suppression for non-binary adults","Journal of Medical Ethics",2020,"jme.bmj.com/lookup/doi/10.1136/medethics-2019-106012","Case Study"
"Beier K M","Gender Identity Disorders in Childhood and Adolescence","Deutsches Ärzteblatt International",2008,"www.aerzteblatt.de/int/archive/article/62554","Review"
"DarNimrod I","Is Social Gender Transition Associated with Mental Health Status in Children and Adolescents with Gender Dysphoria?","Archives of Sexual Behavior",2023,"link.springer.com/10.1007/s10508-023-02588-5","Data Analysis"
"Hannema S E","The Dutch approach for transgender adolescents; past, present and future perspectives","European Journal of Developmental Psychology",2026,"www.tandfonline.com/doi/full/10.1080/17405629.2026.2615311","Review"
"de Vries M C","Medical decision-making competence regarding puberty suppression: perceptions of transgender adolescents, their parents and clinicians","European Child & Adolescent Psychiatry",2022,"link.springer.com/10.1007/s00787-022-02076-6","Data Analysis"
"Ahrens K","Mental health outcomes in transgender and nonbinary youths receiving gender-affirming care","JAMA Network Open",2022,"jamanetwork.com/journals/jamanetworkopen/fullarticle/2789423","Data Analysis"
"Davidson S","Short-term outcomes of pubertal suppression in a selected cohort of 12 to 15 year old young people with persistent gender dysphoria in the UK","PLOS ONE",2021,"dx.plos.org/10.1371/journal.pone.0243894","Data Analysis"
"Lane A","Longitudinal impact of gender-affirming endocrine intervention on the mental health and well-being of transgender youths: preliminary results","International Journal of Pediatric Endocrinology",2020,"ijpeonline.biomedcentral.com/articles/10.1186/s13633-020-00078-2","Data Analysis"
"TovarMoll F","Brain Maturation, Cognition and Voice Pattern in a Gender Dysphoria Case under Pubertal Suppression","Frontiers in Human Neuroscience",2017,"http://journal.frontiersin.org/article/10.3389/fnhum.2017.00528/full","Data Analysis"
"Heijboer A C","Effect of pubertal suppression and cross-sex hormone therapy on bone turnover markers and bone mineral apparent density (BMAD) in transgender adolescents","Bone",2017,"linkinghub.elsevier.com/retrieve/pii/S8756328216303337","Data Analysis"
"Colizzi M","Psychological Support, Puberty Suppression, and Psychosocial Functioning in Adolescents with Gender Dysphoria","The Journal of Sexual Medicine",2015,"https://doi.org/10.1111/jsm.13034","Data Analysis"
"CohenKettenis P T","Young Adult Psychological Outcome After Puberty Suppression and Gender Reassignment","Pediatrics",2014,"http://pediatrics.aappublications.org/cgi/doi/10.1542/peds.2013-2958","Data Analysis"
"Thijs A","Socioeconomic status among Dutch adults using gender-affirming hormone therapy: comparison with the general population and trajectories around hormone therapy initiation","International Journal of Transgender Health",2026,"doi.org/10.1080/26895269.2026.2636978","Data Analysis"
"Hidalgo M A","Anger, Aggression, and Irritability in Transgender and Gender Diverse Youth Following Testosterone Initiation: A 12-Month Longitudinal Analysis","Journal of Adolescent Health",2026,"www.jahonline.org/article/S1054-139X(25)00827-4/","Data Analysis"
"Spritzer P M","Heart rate variability in transgender people receiving Gender-Affirming hormone therapy","Endocrine",2026,"link.springer.com/article/10.1007/s12020-025-04512-4","Data Analysis"
"TSjoen G G","Changes in depression symptom profile with gender-affirming hormone use in transgender persons","Journal of Affective Disorders",2024,"linkinghub.elsevier.com/retrieve/pii/S0165032723015252","Data Analysis"
"Hannema S E","The dose-dependent effect of estrogen on bone mineral density in trans girls","European Journal of Endocrinology",2023,"academic.oup.com/ejendo/advance-article/doi/10.1093/ejendo/lvad116/7244658","Data Analysis"
"Yeung H","Adherence to Gender Affirming Hormone Therapy in Transgender Adolescents and Adults: A Retrospective Cohort Study","The Journal of Clinical Endocrinology & Metabolism",2023,"academic.oup.com/jcem/advance-article/doi/10.1210/clinem/dgad306/7184149","Data Analysis"
"Hidalgo M A","Psychosocial functioning in transgender youth after 2 years of hormones","New England Journal of Medicine",2023,"http://www.nejm.org/doi/10.1056/NEJMoa2206297","Data Analysis"
"Garofalo R","The effect of gender-affirming hormone treatment on serum creatinine in transgender and gender-diverse youth: implications for estimating GFR","Pediatric Nephrology",2022,"link.springer.com/article/10.1007/s00467-022-05445-0","Data Analysis"
"Bhasin S","Is There a Link Between Hormone Use and Diabetes Incidence in Transgender People? Data from the STRONG Cohort","The Journal of Clinical Endocrinology & Metabolism",2021,"academic.oup.com/jcem/article/107/4/e1549/6429721","Data Analysis"
"Rosenfield K A","Timing of peripubertal steroid exposure predicts visuospatial cognition in men: Evidence from three samples","Hormones and Behavior",2020,"linkinghub.elsevier.com/retrieve/pii/S0018506X20300386","Data Analysis"
"Holst J J","Effects of Gender-Affirming Hormone Therapy on Insulin Sensitivity and Incretin Responses in Transgender People","Diabetes Care",2020,"diabetesjournals.org/care/article/43/2/411/36004/Effects-of-Gender-Affirming-Hormone-Therapy-on","Data Analysis"
"MonroyGonzalez A G","Bone Mineral Density in Transgender Individuals After Gonadectomy and Long-Term Gender-Affirming Hormonal Treatment","The Journal of Sexual Medicine",2019,"linkinghub.elsevier.com/retrieve/pii/S174360951931238X","Data Analysis"
"den Heijer M","Occurrence of Acute Cardiovascular Events in Transgender Individuals Receiving Hormone Therapy: Results From a Large Cohort Study","Circulation",2019,"www.ahajournals.org/doi/10.1161/CIRCULATIONAHA.118.038584","Data Analysis"
"Cromwell L","Cross-sex Hormones and Acute Cardiovascular Events in Transgender Persons","Annals of internal medicine",2018,"www.ncbi.nlm.nih.gov/pmc/articles/PMC6636681/","Data Analysis"
"Kreukels B P C","The occurrence of benign brain tumours in transgender individuals during cross-sex hormone treatment","Brain",2018,"academic.oup.com/brain/article/141/7/2047/4983052","Data Analysis"
"Seiger R","Effects of testosterone treatment on hypothalamic neuroplasticity in female-to-male transgender individuals","Brain Structure & Function",2018,"link.springer.com/article/10.1007/s00429-017-1494-z","Data Analysis"
"van Honk J","Testosterone reduces functional connectivity during the ‘Reading the Mind in the Eyes’ Test","Psychoneuroendocrinology",2016,"pmc.ncbi.nlm.nih.gov/articles/PMC6345363/","Data Analysis"
"Miller M S","Risk of Suicide and Self-Harm Following Gender-Affirmation Surgery","Cureus",2024,"www.cureus.com/articles/201512-risk-of-suicide-and-self-harm-following-gender-affirmation-surgery","Data Analysis"
"Tang C","Non-typhoidal Salmonella soft-tissue infection after gender affirming subcutaneous mastectomy case report","Case Reports in Plastic Surgery & Hand Surgery",2023,"www.tandfonline.com/doi/10.1080/23320885.2023.2185621","Case Study"
"Taghinia A","Mastectomy in Transgender and Cisgender Patients: A Comparative Analysis of Epidemiology and Postoperative Outcomes","Plastic and Reconstructive Surgery - Global Open",2019,"journals.lww.com/01720096-201906000-00007","Data Analysis"
"Motosko C C","Masculinizing Top Surgery: A Systematic Review of Techniques and Outcomes","Annals of Plastic Surgery",2018,"journals.lww.com/annalsplasticsurgery/abstract/2018/06000/masculinizing_top_surgery__a_systematic_review_of.18.aspx","Data Analysis"
"Buncamper M E","Body Image in Transmen: Multidimensional Measurement and the Effects of Mastectomy","The Journal of Sexual Medicine",2016,"www.sciencedirect.com/science/article/pii/S1743609516304052?via%3Dihub","Data Analysis"
"Brydges H T","Patient-Reported Outcomes and Body Mass Index in Adolescents and Young Adults After Gender-Affirming Chest Surgery: A Single-Center Cross-Sectional Study","Annals of Surgery Open",2026,"journals.lww.com/aosopen/fulltext/2026/06000/patient_reported_outcomes_and_body_mass_index_in.28.aspx","Data Analysis"
"Wiepjes C M","Bone Mineral Density in Transgender Adolescents Treated With Puberty Suppression and Subsequent Gender-Affirming Hormones","JAMA Pediatrics",2023,"jamanetwork.com/journals/jamapediatrics/fullarticle/2811155","Data Analysis"
"Tkach J A","Changes in Bone Marrow Adipose Tissue in Transgender and Gender Non-Conforming Youth Undergoing Pubertal Suppression: A Pilot Study","Journal of Clinical Densitometry",2022,"linkinghub.elsevier.com/retrieve/pii/S1094695022000713","Data Analysis"
"Glidden D V","Low Bone Mineral Density in Early Pubertal Transgender/Gender Diverse Youth: Findings From the Trans Youth Care Study","Journal of the Endocrine Society",2020,"academic.oup.com/jes/article/doi/10.1210/jendso/bvaa065/5866143","Data Analysis"
"Telfer E E","The ovaries of transgender men indicate effects of high dose testosterone on the primordial and early growing follicle pool","Reproduction and Fertility",2023,"raf.bioscientifica.com/view/journals/raf/4/2/RAF-22-0102.xml","Data Analysis"
"Grover S","Rates of Fertility Preservation Use Among Transgender Adolescents","JAMA Pediatrics",2020,"jamanetwork.com/journals/jamapediatrics/fullarticle/2764075","Data Analysis"
"Reese S","How do elevated levels of testosterone affect the function of the human fallopian tube and fertility?—New insights","Molecular Reproduction and Development",2020,"onlinelibrary.wiley.com/doi/abs/10.1002/mrd.23291","Data Analysis"
"Vujovic S","Gender Dysphoria: Bioethical Aspects of Medical Treatment","BioMed Research International",2018,"www.hindawi.com/journals/bmri/2018/9652305/","Review"
"Salonia A","Semen Quality in Transgender Individuals Seeking Fertility Preservation","Andrology",2026,"onlinelibrary.wiley.com/doi/abs/10.1111/andr.70268","Data Analysis"
"Morel Journel N","Sexuality and erectile function in transgender women prior to gender-affirming surgery: a descriptive study","The Journal of Sexual Medicine",2026,"doi.org/10.1093/jsxmed/qdag125","Data Analysis"
"Lubensky M E","Testosterone use and sexual function among transgender men and gender diverse people assigned female at birth","American Journal of Obstetrics and Gynecology",2023,"linkinghub.elsevier.com/retrieve/pii/S0002937823006051","Data Analysis"
"Seracchioli R","Changes in cardiometabolic risk factors in transmasculine individuals over 10 years of Gender-Affirming Hormone Therapy","Journal of Endocrinological Investigation",2026,"doi.org/10.1007/s40618-026-02906-3","Data Analysis"
"Ducluzeau P H","Testosterone therapy and the risk of atrial fibrillation, venous thromboembolism and cardiovascular events in cis men with hypogonadism and trans men","European Journal of Endocrinology",2025,"doi.org/10.1093/ejendo/lvaf183","Data Analysis"
"Reirden D","Body Composition and Markers of Cardiometabolic Health in Transgender Youth on Gonadotropin-Releasing Hormone Agonists","Transgender Health",2021,"www.liebertpub.com/doi/10.1089/trgh.2020.0029","Data Analysis"
"Yunus R","Cardiovascular Disease Risk Factors and Myocardial Infarction in the Transgender Population","Circulation: Cardiovascular Quality and Outcomes",2019,"www.ahajournals.org/doi/10.1161/CIRCOUTCOMES.119.005597","Data Analysis"
"Kapoor S","Venous Thromboembolism in Transgender and Gender Diverse Individuals on Estrogen-Based Gender-Affirming Hormone Therapy","Journal of Clinical Medicine",2026,"www.mdpi.com/2077-0383/15/11/4166","Data Analysis"
"Harper G W","Fluidity in Reporting Gender Identity Labels in a Sample of Transgender and Gender Diverse Adolescents and Young Adults, Los Angeles, California, and New Orleans, Louisiana, 2017-2019","Public Health Reports",2024,"http://journals.sagepub.com/doi/10.1177/00333549231223922","Data Analysis"
"Hankey M S","The mean age of gender dysphoria diagnosis is decreasing","General Psychiatry",2023,"onlinelibrary.wiley.com/doi/10.1136/gpsych-2022-100972","Data Analysis"
"Scher S","Australian children and adolescents with gender dysphoria: Clinical presentations and challenges experienced by a multidisciplinary team and gender service","Human Systems",2021,"journals.sagepub.com/doi/10.1177/26344041211010777","Data Analysis"
"Lammers C","Ten years of a gender identity service for children and adolescents in Germany: demographic and clinical patterns","European Child & Adolescent Psychiatry",2026,"link.springer.com/10.1007/s00787-026-03080-w","Data Analysis"
"de Vries A L C","Characteristics of Dutch Gender Clinic-Referred Adolescents Who Did Not Pursue Gender-Affirming Medical Treatment","Journal of Sex & Marital Therapy",2026,"www.tandfonline.com/doi/full/10.1080/0092623X.2026.2641805","Data Analysis"
"Heyse R","The evolution of pediatric transgender healthcare in Flanders: Trends in referrals, intakes and gender-affirming interventions over the last 15 years","International Journal of Transgender Health",2026,"doi.org/10.1080/26895269.2025.2452996","Data Analysis"
"Erskine H E","Prevalence of Diverse Genders and Sexualities in Australia and Associations With Five Forms of Child Maltreatment and Multi-type Maltreatment","Child Maltreatment",2024,"http://journals.sagepub.com/doi/10.1177/10775595231226331","Data Analysis"
"Lam J S H","Exploring the gender care experiences and perspectives of individuals who discontinued their transition or detransitioned in Canada","PLOS ONE",2023,"dx.plos.org/10.1371/journal.pone.0293868","Data Analysis"
"de Vries A L C","Re-evaluation of the Dutch approach: are recently referred transgender youth different compared to earlier referrals?","European Child & Adolescent Psychiatry",2020,"http://link.springer.com/10.1007/s00787-019-01394-6","Data Analysis"
"Fuentes A","Evidence for an Altered Sex Ratio in Clinic‐Referred Adolescents with Gender Dysphoria","The Journal of Sexual Medicine",2015,"www.researchgate.net/publication/271221293_Evidence_for_an_Altered_Sex_Ratio_in_Clinic-Referred_Adolescents_with_Gender_Dysphoria","Data Analysis"
"Tsampalieros A","Stability of Transgender Identity in Adolescents Seen in Multidisciplinary Specialized Gender Centers: A Multicenter Study in Canada","Journal of Adolescent Health",2026,"www.sciencedirect.com/science/article/pii/S1054139X26001175","Data Analysis"
"Gould W A","Gender fluidity and detransition: Results of a cross-sectional online survey of sexual and gender minorities living in the US and Canada","The Journal of LGBTQ+ Mental Health",2026,"doi.org/10.1080/30678935.2026.2653130","Data Analysis"
"Enxuga G","A typology of pathways to detransition: Considerations for care practice with transgender and gender diverse people who stop or reverse their gender transition.","Psychology of Sexual Orientation and Gender Diversity",2023,"MacKinnon, K. R., Kia, H., Gould, W. A., Ross, L. E., Abramovich, A., Enxuga, G., Lam, J. S. H.
(2023)
  A typology of pathways to detransition: Considerations for care practice with transgender and gender diverse people who stop or reverse their gender transition..
    Psychology of Sexual Orientation and Gender Diversity,
          http://doi.apa.org/getdoi.cfm?doi=10.1037/sgd0000678","Review"
"Kozlowska K","Developmental Pathway Choices of Young People Presenting to a Gender Service with Gender Distress: A Prospective Follow-Up Study","Children",2023,"www.mdpi.com/2227-9067/10/2/314","Data Analysis"
"Abramovich A","Health Care Experiences of Patients Discontinuing or Reversing Prior Gender-Affirming Treatments","JAMA Network Open",2022,"jamanetwork.com/journals/jamanetworkopen/fullarticle/2794543","Data Analysis"
"Morillas Ariño C","Transsexuality: Transitions, detransitions, and regrets in Spain","Endocrinología, Diabetes y Nutrición (English ed.)",2020,"linkinghub.elsevier.com/retrieve/pii/S2530018020301360","Data Analysis"
"WensingKruger S A","The Amsterdam Cohort of Gender Dysphoria Study (1972–2015): Trends in Prevalence, Treatment, and Regrets","The Journal of Sexual Medicine",2018,"linkinghub.elsevier.com/retrieve/pii/S1743609518300572","Data Analysis"
"Bjerkeset O","Suicide attempts, self-harm and suicidal ideation among Norwegian university students with eating disorders and disordered eating: the SHoT study 2018 and 2022","BMC Psychiatry",2026,"doi.org/10.1186/s12888-026-08229-0","Data Analysis"
"Aghi K","Concerns Regarding Data Modelling and Interpretation in Ruuska et al.","Acta Paediatrica",2026,"onlinelibrary.wiley.com/doi/10.1111/apa.70617","Editorial"
"Jessen R S","Letter of Concern About Ruuska et al. From 4 April 2026","Acta Paediatrica",2026,"onlinelibrary.wiley.com/doi/10.1111/apa.70620","Editorial"
"Thomas K C","Trajectories of antidepressant dispensing among privately insured transgender people in the United States","Scientific Reports",2026,"www.nature.com/articles/s41598-026-51351-y","Data Analysis"
"Nath R","Reply to: Methodological considerations for evaluating policy impacts on transgender and non-binary youth suicidality","Nature Human Behaviour",2026,"www.nature.com/articles/s41562-026-02478-5","Editorial"
"Doley J R","Correlates of body dissatisfaction and eating disorder symptoms in transgender and gender diverse populations: A systematic review","Body Image",2026,"www.sciencedirect.com/science/article/pii/S1740144525001809","Data Analysis"
"Kivimäki P","Depression and anxiety among transgender-identifying adolescents in psychiatric outpatient care","International Journal of Adolescent Medicine and Health",2025,"www.degruyterbrill.com/document/doi/10.1515/ijamh-2025-0104/html","Data Analysis"
"Nath R","State-level anti-transgender laws increase past-year suicide attempts among transgender and non-binary young people in the USA","Nature Human Behaviour",2024,"www.nature.com/articles/s41562-024-01979-5","Data Analysis"
"He J","Screen use in transgender and gender-questioning adolescents: Findings from the Adolescent Brain Cognitive Development (ABCD) Study","Annals of epidemiology",2024,"www.sciencedirect.com/science/article/pii/S1047279724000632?via%3Dihub","Data Analysis"
"Webb R T","Transmission of Mental Disorders in Adolescent Peer Networks","JAMA Psychiatry",2024,"jamanetwork.com/journals/jamapsychiatry/fullarticle/2818735","Data Analysis"
"McKay K","Baseline findings from the Longitudinal Outcomes of Gender Identity in Children (LOGIC) study","The British Journal of Psychiatry",2025,"www.cambridge.org/core/journals/the-british-journal-of-psychiatry/article/baseline-findings-from-the-longitudinal-outcomes-of-gender-identity-in-children-logic-study/29C43BF6360C11D9977362F805AF0311","Data Analysis"
"Puustinen N","Early-onset trans-sensitive therapy as part of gender dysphoria care–a pilot randomized controlled trial","Nordic Journal of Psychiatry",2025,"doi.org/10.1080/08039488.2025.2589850","Data Analysis"
"Clarke P","One Size Does Not Fit All: In Support of Psychotherapy for Gender Dysphoria","Archives of Sexual Behavior",2020,"http://link.springer.com/10.1007/s10508-020-01844-2","Editorial"
"Baratz A","Global Disorders of Sex Development Update since 2006: Perceptions, Approach and Care","Hormone Research in Paediatrics",2016,"www.karger.com/Article/FullText/442975","Review"
"Skalkidou A","Gender dysphoria in twins: a register-based population study","Scientific Reports",2022,"doi.org/10.1038/s41598-022-17749-0","Data Analysis"
"Rais A","Maturation of the adolescent brain","Neuropsychiatric Disease and Treatment",2013,"www.dovepress.com/maturation-of-the-adolescent-brain-peer-reviewed-fulltext-article-NDT","Review"
"Guppy F M","Strength, power and aerobic capacity of transgender athletes: a cross-sectional study","British Journal of Sports Medicine",2024,"bjsm.bmj.com/lookup/doi/10.1136/bjsports-2023-108029","Data Analysis"
"Gamble J","Effective Communication About Pregnancy, Birth, Lactation, Breastfeeding and Newborn Care: The Importance of Sexed Language","Frontiers in Global Women's Health",2022,"www.frontiersin.org/articles/10.3389/fgwh.2022.818856/full","Editorial"
"Hilliard Krause L M","Considering Sex as a Biological Variable in Basic and Clinical Studies: An Endocrine Society Scientific Statement","Endocrine Reviews",2021,"academic.oup.com/edrv/advance-article/doi/10.1210/endrev/bnaa034/6159361","Position Statement"
"Yorulmaz G","Body composition and cardiometabolic changes during gender-affirming hormone therapy: 12-month longitudinal study","Endocrine Research",2026,"doi.org/10.1080/07435800.2026.2692682","Data Analysis"
"Pariltay E","Impact of testosterone-based gender-affirming hormone therapy on toll-like receptor transcript levels and peripheral blood leukocyte counts in transmasculine individuals","Frontiers in Immunology",2026,"www.frontiersin.org/journals/immunology/articles/10.3389/fimmu.2026.1752956/full","Data Analysis"
"Wainipitapong S","Non-Medical Gender Affirming Practices Among Transgender Individuals: A Systematic Review on the Health Implications of Chest Binding and Genital Tucking","International Journal of Sexual Health",2026,"doi.org/10.1080/19317611.2025.2560416","Data Analysis"
"Strauss P","Plasma testosterone concentration is correlated with circulating immune cell abundance in transgender young people on gender-affirming hormone treatment","Frontiers in Immunology",2025,"www.frontiersin.org/journals/immunology/articles/10.3389/fimmu.2025.1608543/full","Data Analysis"
"Shrewsbury D","Critically appraising the Cass Report: Methodological flaws and unsupported claims","BMC Medical Research Methodology",2025,"doi.org/10.1186/s12874-025-02581-7","Review"
"Davey R A","Epigenetic remodeling by sex hormone receptors and implications for gender affirming hormone therapy","Frontiers in Immunology",2025,"www.frontiersin.org/journals/immunology/articles/10.3389/fimmu.2025.1501959/full","Review"
"Fraser L","Clinical guidelines for children and adolescents experiencing gender dysphoria or incongruence: a systematic review of guideline quality (part 1)","Archives of Disease in Childhood",2024,"adc.bmj.com/lookup/doi/10.1136/archdischild-2023-326499","Data Analysis"
"Fraser L","Clinical guidelines for children and adolescents experiencing gender dysphoria or incongruence: a systematic review of recommendations (part 2)","Archives of Disease in Childhood",2024,"adc.bmj.com/lookup/doi/10.1136/archdischild-2023-326500","Data Analysis"
"Kocolas I","Bicalutamide-Induced Hepatotoxicity in a Transgender Male-to-Female Adolescent","Journal of Adolescent Health",2024,"linkinghub.elsevier.com/retrieve/pii/S1054139X23004342","Case Study"
"den Heijer M","Transgender Girls Grow Tall: Adult Height Is Unaffected by GnRH Analogue and Estradiol Treatment","The Journal of Clinical Endocrinology & Metabolism",2022,"academic.oup.com/jcem/advance-article/doi/10.1210/clinem/dgac349/6603101","Data Analysis"
"Chen R","A PRISMA systematic review of adolescent gender dysphoria literature: 1) Epidemiology","PLOS Global Public Health",2022,"dx.plos.org/10.1371/journal.pgph.0000245","Data Analysis"
"Anderson W J","Prostatic metaplasia of the vagina in transmasculine individuals","World Journal of Urology",2022,"link.springer.com/10.1007/s00345-021-03907-y","Data Analysis"
"Pang K C","A Waitlist Intervention for Transgender Young People and Psychosocial Outcomes","Pediatrics",2021,"publications.aap.org/pediatrics/article/148/2/e2020042762/179754/A-Waitlist-Intervention-for-Transgender-Young","Data Analysis"
"Meads C","International clinical practice guidelines for gender minority/trans people: systematic review and quality assessment","BMJ Open",2021,"bmjopen.bmj.com/lookup/doi/10.1136/bmjopen-2021-048943","Data Analysis"
"Rosenfield K A","Pubertal timing predicts adult psychosexuality: Evidence from typically developing adults and adults with isolated GnRH deficiency","Psychoneuroendocrinology",2020,"linkinghub.elsevier.com/retrieve/pii/S0306453020301529","Data Analysis"
"Robinson J","Spatial memory is impaired by peripubertal GnRH agonist treatment and testosterone replacement in sheep","Psychoneuroendocrinology",2017,"www.sciencedirect.com/science/article/pii/S0306453016305595","Data Analysis"
"Troiano E","Nutritional Monitoring During Gender-Affirming Hormone Therapy: Body Composition and Metabolic Implications","Nutrients",2026,"www.mdpi.com/2072-6643/18/12/1967","Data Analysis"
"Kreukels B P C","Sexual satisfaction and dysfunction in transgender adults following puberty suppression treatment during adolescence","The Journal of Sexual Medicine",2025,"doi.org/10.1093/jsxmed/qdaf095","Data Analysis"
"Lam J S H","“Providers had no idea what to do with me”: A mixed-methods analysis of detransition/retransition support, care, and information needs among sexual and gender minority individuals","International Journal of Transgender Health",2025,"www.tandfonline.com/doi/full/10.1080/26895269.2025.2538744","Data Analysis"
"Hidalgo M A","Mental and Emotional Health of Youth after 24 months of Gender-Affirming Medical Care Initiated with Pubertal Suppression","medRxiv",2025,"www.medrxiv.org/content/10.1101/2025.05.14.25327614v1","Preprint"
"Couban R","Mastectomy for individuals with gender dysphoria below 26 years of age: A systematic review and meta-analysis","Plastic and Reconstructive Surgery",2024,"journals.lww.com/10.1097/PRS.0000000000011734","Data Analysis"
"Mishra S","Gender-affirming hormone therapy and suicide-related outcomes in transgender and gender-diverse populations: a systematic review and meta-analysis","Mental Wellness",2026,"www.mental-wellness-journal.net/mw/article/view/42","Data Analysis"
"Fraser L","Psychosocial support interventions for children and adolescents experiencing gender dysphoria or incongruence: a systematic review","Archives of Disease in Childhood",2024,"adc.bmj.com/content/early/2024/04/09/archdischild-2023-326347","Data Analysis"
"Fraser L","Impact of social transition in relation to gender for children and adolescents: a systematic review","Archives of Disease in Childhood",2024,"adc.bmj.com/content/early/2024/04/09/archdischild-2023-326112","Data Analysis"
"Guyatt G","Puberty blockers for gender dysphoria in youth: A systematic review and meta-analysis","Archives of Disease in Childhood",2025,"adc.bmj.com/content/early/2025/01/29/archdischild-2024-327909","Data Analysis"
"Banaschewski T","Beyond NICE: Updated systematic review on the current evidence for using puberty blockers and cross-sex hormones in minors with gender dysphoria: Electronic supplementary online materials I: adapted abbreviated English version","Zeitschrift für Kinder- und Jugendpsychiatrie und Psychotherapie",2024,"econtent.hogrefe.com/doi/suppl/10.1024/1422-4917/a000972/suppl_file/1422-4917_a000972_esm1.pdf","Data Analysis"
"Hewitt C E","Interventions to suppress puberty in adolescents experiencing gender dysphoria or incongruence: a systematic review","Archives of Disease in Childhood",2024,"adc.bmj.com/content/early/2024/04/09/archdischild-2023-326669","Data Analysis"
"Gillberg C","A PRISMA systematic review of adolescent gender dysphoria literature: 3) treatment","PLOS Global Public Health",2023,"dx.plos.org/10.1371/journal.pgph.0001478","Data Analysis"
"Guyatt G","Gender affirming hormone therapy for individuals with gender dysphoria aged <26 years: a systematic review and meta-analysis","Archives of Disease in Childhood",2025,"adc.bmj.com/content/early/2025/02/06/archdischild-2024-327921","Data Analysis"
"Egloff M","Endocrine care of transgender and gender-diverse adults: Swiss recommendations","Swiss Medical Weekly",2026,"smw.ch/index.php/smw/article/view/5059","Review"
"Klink D T","Endocrine Management of Transgender and Gender-Diverse Adolescents: Expert Opinion of the ESPE Working Group on Gender Incongruence and the Endo-ERN Main Thematic Group on Sexual Development and Maturation","Hormone Research in Paediatrics",2024,"doi.org/10.1159/000542904","Review"
"Ettner R","Standards of care for the health of transgender and gender diverse people, version 8","International Journal of Transgender Health",2022,"www.tandfonline.com/doi/full/10.1080/26895269.2022.2100644","Review"
"Rosenthal S M","Endocrine Treatment of Gender-Dysphoric/Gender-Incongruent Persons: An Endocrine Society Clinical Practice Guideline","Endocrine Practice",2017,"academic.oup.com/jcem/article/102/11/3869/4157558","Review"
"Pang K C","Forever young? The ethics of ongoing puberty suppression for non-binary adults","Journal of Medical Ethics",2020,"jme.bmj.com/lookup/doi/10.1136/medethics-2019-106012","Case Study"
"Carmichael P","Is Social Gender Transition Associated with Mental Health Status in Children and Adolescents with Gender Dysphoria?","Archives of Sexual Behavior",2023,"link.springer.com/10.1007/s10508-023-02588-5","Data Analysis"
"Hein I M","Medical decision-making competence regarding puberty suppression: perceptions of transgender adolescents, their parents and clinicians","European Child & Adolescent Psychiatry",2022,"link.springer.com/10.1007/s00787-022-02076-6","Data Analysis"
"Skagerberg E M","Short-term outcomes of pubertal suppression in a selected cohort of 12 to 15 year old young people with persistent gender dysphoria in the UK","PLOS ONE",2021,"dx.plos.org/10.1371/journal.pone.0243894","Data Analysis"
"Wilson T A","Longitudinal impact of gender-affirming endocrine intervention on the mental health and well-being of transgender youths: preliminary results","International Journal of Pediatric Endocrinology",2020,"ijpeonline.biomedcentral.com/articles/10.1186/s13633-020-00078-2","Data Analysis"
"Costa A B","Brain Maturation, Cognition and Voice Pattern in a Gender Dysphoria Case under Pubertal Suppression","Frontiers in Human Neuroscience",2017,"http://journal.frontiersin.org/article/10.3389/fnhum.2017.00528/full","Data Analysis"
"den Heijer M","Socioeconomic status among Dutch adults using gender-affirming hormone therapy: comparison with the general population and trajectories around hormone therapy initiation","International Journal of Transgender Health",2026,"doi.org/10.1080/26895269.2026.2636978","Data Analysis"
"OlsonKennedy J","Anger, Aggression, and Irritability in Transgender and Gender Diverse Youth Following Testosterone Initiation: A 12-Month Longitudinal Analysis","Journal of Adolescent Health",2026,"www.jahonline.org/article/S1054-139X(25)00827-4/","Data Analysis"
"den Heijer M","Changes in depression symptom profile with gender-affirming hormone use in transgender persons","Journal of Affective Disorders",2024,"linkinghub.elsevier.com/retrieve/pii/S0165032723015252","Data Analysis"
"Goodman M","Adherence to Gender Affirming Hormone Therapy in Transgender Adolescents and Adults: A Retrospective Cohort Study","The Journal of Clinical Endocrinology & Metabolism",2023,"academic.oup.com/jcem/advance-article/doi/10.1210/clinem/dgad306/7184149","Data Analysis"
"Rosenthal S M","Psychosocial functioning in transgender youth after 2 years of hormones","New England Journal of Medicine",2023,"http://www.nejm.org/doi/10.1056/NEJMoa2206297","Data Analysis"
"Rosenthal S M","The effect of gender-affirming hormone treatment on serum creatinine in transgender and gender-diverse youth: implications for estimating GFR","Pediatric Nephrology",2022,"link.springer.com/article/10.1007/s00467-022-05445-0","Data Analysis"
"Getahun D","Is There a Link Between Hormone Use and Diabetes Incidence in Transgender People? Data from the STRONG Cohort","The Journal of Clinical Endocrinology & Metabolism",2021,"academic.oup.com/jcem/article/107/4/e1549/6429721","Data Analysis"
"Ortiz T L","Timing of peripubertal steroid exposure predicts visuospatial cognition in men: Evidence from three samples","Hormones and Behavior",2020,"linkinghub.elsevier.com/retrieve/pii/S0018506X20300386","Data Analysis"
"Lapauw B","Effects of Gender-Affirming Hormone Therapy on Insulin Sensitivity and Incretin Responses in Transgender People","Diabetes Care",2020,"diabetesjournals.org/care/article/43/2/411/36004/Effects-of-Gender-Affirming-Hormone-Therapy-on","Data Analysis"
"García D V","Bone Mineral Density in Transgender Individuals After Gonadectomy and Long-Term Gender-Affirming Hormonal Treatment","The Journal of Sexual Medicine",2019,"linkinghub.elsevier.com/retrieve/pii/S174360951931238X","Data Analysis"
"Hunkeler E","Cross-sex Hormones and Acute Cardiovascular Events in Transgender Persons","Annals of internal medicine",2018,"www.ncbi.nlm.nih.gov/pmc/articles/PMC6636681/","Data Analysis"
"den Heijer M","The occurrence of benign brain tumours in transgender individuals during cross-sex hormone treatment","Brain",2018,"academic.oup.com/brain/article/141/7/2047/4983052","Data Analysis"
"Hummer A","Effects of testosterone treatment on hypothalamic neuroplasticity in female-to-male transgender individuals","Brain Structure & Function",2018,"link.springer.com/article/10.1007/s00429-017-1494-z","Data Analysis"
"Jehle D V","Risk of Suicide and Self-Harm Following Gender-Affirmation Surgery","Cureus",2024,"www.cureus.com/articles/201512-risk-of-suicide-and-self-harm-following-gender-affirmation-surgery","Data Analysis"
"Lee B T","Mastectomy in Transgender and Cisgender Patients: A Comparative Analysis of Epidemiology and Postoperative Outcomes","Plastic and Reconstructive Surgery - Global Open",2019,"journals.lww.com/01720096-201906000-00007","Data Analysis"
"Hazen A","Masculinizing Top Surgery: A Systematic Review of Techniques and Outcomes","Annals of Plastic Surgery",2018,"journals.lww.com/annalsplasticsurgery/abstract/2018/06000/masculinizing_top_surgery__a_systematic_review_of.18.aspx","Data Analysis"
"Smit J M","Body Image in Transmen: Multidimensional Measurement and the Effects of Mastectomy","The Journal of Sexual Medicine",2016,"www.sciencedirect.com/science/article/pii/S1743609516304052?via%3Dihub","Data Analysis"
"Nguyen A","Patient-Reported Outcomes and Body Mass Index in Adolescents and Young Adults After Gender-Affirming Chest Surgery: A Single-Center Cross-Sectional Study","Annals of Surgery Open",2026,"journals.lww.com/aosopen/fulltext/2026/06000/patient_reported_outcomes_and_body_mass_index_in.28.aspx","Data Analysis"
"Altaye M","Changes in Bone Marrow Adipose Tissue in Transgender and Gender Non-Conforming Youth Undergoing Pubertal Suppression: A Pilot Study","Journal of Clinical Densitometry",2022,"linkinghub.elsevier.com/retrieve/pii/S1094695022000713","Data Analysis"
"Rosenthal S M","Low Bone Mineral Density in Early Pubertal Transgender/Gender Diverse Youth: Findings From the Trans Youth Care Study","Journal of the Endocrine Society",2020,"academic.oup.com/jes/article/doi/10.1210/jendso/bvaa065/5866143","Data Analysis"
"Anderson R A","The ovaries of transgender men indicate effects of high dose testosterone on the primordial and early growing follicle pool","Reproduction and Fertility",2023,"raf.bioscientifica.com/view/journals/raf/4/2/RAF-22-0102.xml","Data Analysis"
"Jayasinghe Y","Rates of Fertility Preservation Use Among Transgender Adolescents","JAMA Pediatrics",2020,"jamanetwork.com/journals/jamapediatrics/fullarticle/2764075","Data Analysis"
"Hughes B","How do elevated levels of testosterone affect the function of the human fallopian tube and fertility?—New insights","Molecular Reproduction and Development",2020,"onlinelibrary.wiley.com/doi/abs/10.1002/mrd.23291","Data Analysis"
"Rakic V","Gender Dysphoria: Bioethical Aspects of Medical Treatment","BioMed Research International",2018,"www.hindawi.com/journals/bmri/2018/9652305/","Review"
"Castañé E R","Semen Quality in Transgender Individuals Seeking Fertility Preservation","Andrology",2026,"onlinelibrary.wiley.com/doi/abs/10.1111/andr.70268","Data Analysis"
"Madec F X","Sexuality and erectile function in transgender women prior to gender-affirming surgery: a descriptive study","The Journal of Sexual Medicine",2026,"doi.org/10.1093/jsxmed/qdag125","Data Analysis"
"Capriotti M","Testosterone use and sexual function among transgender men and gender diverse people assigned female at birth","American Journal of Obstetrics and Gynecology",2023,"linkinghub.elsevier.com/retrieve/pii/S0002937823006051","Data Analysis"
"Meriggiola M C","Changes in cardiometabolic risk factors in transmasculine individuals over 10 years of Gender-Affirming Hormone Therapy","Journal of Endocrinological Investigation",2026,"doi.org/10.1007/s40618-026-02906-3","Data Analysis"
"Fauchier L","Testosterone therapy and the risk of atrial fibrillation, venous thromboembolism and cardiovascular events in cis men with hypogonadism and trans men","European Journal of Endocrinology",2025,"doi.org/10.1093/ejendo/lvaf183","Data Analysis"
"JuarezColunga E","Body Composition and Markers of Cardiometabolic Health in Transgender Youth on Gonadotropin-Releasing Hormone Agonists","Transgender Health",2021,"www.liebertpub.com/doi/10.1089/trgh.2020.0029","Data Analysis"
"Forgione J","Cardiovascular Disease Risk Factors and Myocardial Infarction in the Transgender Population","Circulation: Cardiovascular Quality and Outcomes",2019,"www.ahajournals.org/doi/10.1161/CIRCOUTCOMES.119.005597","Data Analysis"
"Kablinger A S","The mean age of gender dysphoria diagnosis is decreasing","General Psychiatry",2023,"onlinelibrary.wiley.com/doi/10.1136/gpsych-2022-100972","Data Analysis"
"Ambler G R","Australian children and adolescents with gender dysphoria: Clinical presentations and challenges experienced by a multidisciplinary team and gender service","Human Systems",2021,"journals.sagepub.com/doi/10.1177/26344041211010777","Data Analysis"
"BeckerHebly I","Ten years of a gender identity service for children and adolescents in Germany: demographic and clinical patterns","European Child & Adolescent Psychiatry",2026,"link.springer.com/10.1007/s00787-026-03080-w","Data Analysis"
"Motmans J","The evolution of pediatric transgender healthcare in Flanders: Trends in referrals, intakes and gender-affirming interventions over the last 15 years","International Journal of Transgender Health",2026,"doi.org/10.1080/26895269.2025.2452996","Data Analysis"
"Finkelhor D","Prevalence of Diverse Genders and Sexualities in Australia and Associations With Five Forms of Child Maltreatment and Multi-type Maltreatment","Child Maltreatment",2024,"http://journals.sagepub.com/doi/10.1177/10775595231226331","Data Analysis"
"Ross L E","Exploring the gender care experiences and perspectives of individuals who discontinued their transition or detransitioned in Canada","PLOS ONE",2023,"dx.plos.org/10.1371/journal.pone.0293868","Data Analysis"
"Spegg C","Evidence for an Altered Sex Ratio in Clinic‐Referred Adolescents with Gender Dysphoria","The Journal of Sexual Medicine",2015,"www.researchgate.net/publication/271221293_Evidence_for_an_Altered_Sex_Ratio_in_Clinic-Referred_Adolescents_with_Gender_Dysphoria","Data Analysis"
"Lawson M L","Stability of Transgender Identity in Adolescents Seen in Multidisciplinary Specialized Gender Centers: A Multicenter Study in Canada","Journal of Adolescent Health",2026,"www.sciencedirect.com/science/article/pii/S1054139X26001175","Data Analysis"
"Pullen Sansfaçon A","Gender fluidity and detransition: Results of a cross-sectional online survey of sexual and gender minorities living in the US and Canada","The Journal of LGBTQ+ Mental Health",2026,"doi.org/10.1080/30678935.2026.2653130","Data Analysis"
"Lam J S H","A typology of pathways to detransition: Considerations for care practice with transgender and gender diverse people who stop or reverse their gender transition.","Psychology of Sexual Orientation and Gender Diversity",2023,"MacKinnon, K. R., Kia, H., Gould, W. A., Ross, L. E., Abramovich, A., Enxuga, G., Lam, J. S. H.
(2023)
  A typology of pathways to detransition: Considerations for care practice with transgender and gender diverse people who stop or reverse their gender transition..
    Psychology of Sexual Orientation and Gender Diversity,
          http://doi.apa.org/getdoi.cfm?doi=10.1037/sgd0000678","Review"
"Enxuga G","Health Care Experiences of Patients Discontinuing or Reversing Prior Gender-Affirming Treatments","JAMA Network Open",2022,"jamanetwork.com/journals/jamanetworkopen/fullarticle/2794543","Data Analysis"
"de Jongh R T","The Amsterdam Cohort of Gender Dysphoria Study (1972–2015): Trends in Prevalence, Treatment, and Regrets","The Journal of Sexual Medicine",2018,"linkinghub.elsevier.com/retrieve/pii/S1743609518300572","Data Analysis"
"Roepke T A","Concerns Regarding Data Modelling and Interpretation in Ruuska et al.","Acta Paediatrica",2026,"onlinelibrary.wiley.com/doi/10.1111/apa.70617","Editorial"
"Hamnvik O","Letter of Concern About Ruuska et al. From 4 April 2026","Acta Paediatrica",2026,"onlinelibrary.wiley.com/doi/10.1111/apa.70620","Editorial"
"Ranapurwala S I","Trajectories of antidepressant dispensing among privately insured transgender people in the United States","Scientific Reports",2026,"www.nature.com/articles/s41598-026-51351-y","Data Analysis"
"Kajavuori P","Depression and anxiety among transgender-identifying adolescents in psychiatric outpatient care","International Journal of Adolescent Medicine and Health",2025,"www.degruyterbrill.com/document/doi/10.1515/ijamh-2025-0104/html","Data Analysis"
"Glidden D V","Screen use in transgender and gender-questioning adolescents: Findings from the Adolescent Brain Cognitive Development (ABCD) Study","Annals of epidemiology",2024,"www.sciencedirect.com/science/article/pii/S1047279724000632?via%3Dihub","Data Analysis"
"Elovainio M","Transmission of Mental Disorders in Adolescent Peer Networks","JAMA Psychiatry",2024,"jamanetwork.com/journals/jamapsychiatry/fullarticle/2818735","Data Analysis"
"Lane C","Baseline findings from the Longitudinal Outcomes of Gender Identity in Children (LOGIC) study","The British Journal of Psychiatry",2025,"www.cambridge.org/core/journals/the-british-journal-of-psychiatry/article/baseline-findings-from-the-longitudinal-outcomes-of-gender-identity-in-children-logic-study/29C43BF6360C11D9977362F805AF0311","Data Analysis"
"Baratz Dalke K","Global Disorders of Sex Development Update since 2006: Perceptions, Approach and Care","Hormone Research in Paediatrics",2016,"www.karger.com/Article/FullText/442975","Review"
"Papadopoulos F C","Gender dysphoria in twins: a register-based population study","Scientific Reports",2022,"doi.org/10.1038/s41598-022-17749-0","Data Analysis"
"Sandhu R","Maturation of the adolescent brain","Neuropsychiatric Disease and Treatment",2013,"www.dovepress.com/maturation-of-the-adolescent-brain-peer-reviewed-fulltext-article-NDT","Review"
"Pitsiladis Y P","Strength, power and aerobic capacity of transgender athletes: a cross-sectional study","British Journal of Sports Medicine",2024,"bjsm.bmj.com/lookup/doi/10.1136/bjsports-2023-108029","Data Analysis"
"Bergman N J","Effective Communication About Pregnancy, Birth, Lactation, Breastfeeding and Newborn Care: The Importance of Sexed Language","Frontiers in Global Women's Health",2022,"www.frontiersin.org/articles/10.3389/fgwh.2022.818856/full","Editorial"
"Mayer E A","Considering Sex as a Biological Variable in Basic and Clinical Studies: An Endocrine Society Scientific Statement","Endocrine Reviews",2021,"academic.oup.com/edrv/advance-article/doi/10.1210/endrev/bnaa034/6159361","Position Statement"
"Ardeniz Ö","Impact of testosterone-based gender-affirming hormone therapy on toll-like receptor transcript levels and peripheral blood leukocyte counts in transmasculine individuals","Frontiers in Immunology",2026,"www.frontiersin.org/journals/immunology/articles/10.3389/fimmu.2026.1752956/full","Data Analysis"
"Saunders L A","Plasma testosterone concentration is correlated with circulating immune cell abundance in transgender young people on gender-affirming hormone treatment","Frontiers in Immunology",2025,"www.frontiersin.org/journals/immunology/articles/10.3389/fimmu.2025.1608543/full","Data Analysis"
"Ashley F","Critically appraising the Cass Report: Methodological flaws and unsupported claims","BMC Medical Research Methodology",2025,"doi.org/10.1186/s12874-025-02581-7","Review"
"Mhlanga M","Epigenetic remodeling by sex hormone receptors and implications for gender affirming hormone therapy","Frontiers in Immunology",2025,"www.frontiersin.org/journals/immunology/articles/10.3389/fimmu.2025.1501959/full","Review"
"Hannema S E","Transgender Girls Grow Tall: Adult Height Is Unaffected by GnRH Analogue and Estradiol Treatment","The Journal of Clinical Endocrinology & Metabolism",2022,"academic.oup.com/jcem/advance-article/doi/10.1210/clinem/dgac349/6603101","Data Analysis"
"Vargas S O","Prostatic metaplasia of the vagina in transmasculine individuals","World Journal of Urology",2022,"link.springer.com/10.1007/s00345-021-03907-y","Data Analysis"
"Ortiz T L","Pubertal timing predicts adult psychosexuality: Evidence from typically developing adults and adults with isolated GnRH deficiency","Psychoneuroendocrinology",2020,"linkinghub.elsevier.com/retrieve/pii/S0306453020301529","Data Analysis"
"Solbakk A","Spatial memory is impaired by peripubertal GnRH agonist treatment and testosterone replacement in sheep","Psychoneuroendocrinology",2017,"www.sciencedirect.com/science/article/pii/S0306453016305595","Data Analysis"
"Mazza E","Nutritional Monitoring During Gender-Affirming Hormone Therapy: Body Composition and Metabolic Implications","Nutrients",2026,"www.mdpi.com/2072-6643/18/12/1967","Data Analysis"
"Pullen Sansfaçon A","“Providers had no idea what to do with me”: A mixed-methods analysis of detransition/retransition support, care, and information needs among sexual and gender minority individuals","International Journal of Transgender Health",2025,"www.tandfonline.com/doi/full/10.1080/26895269.2025.2538744","Data Analysis"
"Chan Y M","Mental and Emotional Health of Youth after 24 months of Gender-Affirming Medical Care Initiated with Pubertal Suppression","medRxiv",2025,"www.medrxiv.org/content/10.1101/2025.05.14.25327614v1","Preprint"
"Guyatt G","Mastectomy for individuals with gender dysphoria below 26 years of age: A systematic review and meta-analysis","Plastic and Reconstructive Surgery",2024,"journals.lww.com/10.1097/PRS.0000000000011734","Data Analysis"
"BrignardelloPetersen R","Puberty blockers for gender dysphoria in youth: A systematic review and meta-analysis","Archives of Disease in Childhood",2025,"adc.bmj.com/content/early/2025/01/29/archdischild-2024-327909","Data Analysis"
"Holtmann M","Beyond NICE: Updated systematic review on the current evidence for using puberty blockers and cross-sex hormones in minors with gender dysphoria: Electronic supplementary online materials I: adapted abbreviated English version","Zeitschrift für Kinder- und Jugendpsychiatrie und Psychotherapie",2024,"econtent.hogrefe.com/doi/suppl/10.1024/1422-4917/a000972/suppl_file/1422-4917_a000972_esm1.pdf","Data Analysis"
"Robinson J","A PRISMA systematic review of adolescent gender dysphoria literature: 3) treatment","PLOS Global Public Health",2023,"dx.plos.org/10.1371/journal.pgph.0001478","Data Analysis"
"BrignardelloPetersen R","Gender affirming hormone therapy for individuals with gender dysphoria aged <26 years: a systematic review and meta-analysis","Archives of Disease in Childhood",2025,"adc.bmj.com/content/early/2025/02/06/archdischild-2024-327921","Data Analysis"
"Flütsch N","Endocrine care of transgender and gender-diverse adults: Swiss recommendations","Swiss Medical Weekly",2026,"smw.ch/index.php/smw/article/view/5059","Review"
"Main K M","Endocrine Management of Transgender and Gender-Diverse Adolescents: Expert Opinion of the ESPE Working Group on Gender Incongruence and the Endo-ERN Main Thematic Group on Sexual Development and Maturation","Hormone Research in Paediatrics",2024,"doi.org/10.1159/000542904","Review"
"Fraser L","Standards of care for the health of transgender and gender diverse people, version 8","International Journal of Transgender Health",2022,"www.tandfonline.com/doi/full/10.1080/26895269.2022.2100644","Review"
"Safer J D","Endocrine Treatment of Gender-Dysphoric/Gender-Incongruent Persons: An Endocrine Society Clinical Practice Guideline","Endocrine Practice",2017,"academic.oup.com/jcem/article/102/11/3869/4157558","Review"
"Khadr S","Short-term outcomes of pubertal suppression in a selected cohort of 12 to 15 year old young people with persistent gender dysphoria in the UK","PLOS ONE",2021,"dx.plos.org/10.1371/journal.pone.0243894","Data Analysis"
"da Silva D C","Brain Maturation, Cognition and Voice Pattern in a Gender Dysphoria Case under Pubertal Suppression","Frontiers in Human Neuroscience",2017,"http://journal.frontiersin.org/article/10.3389/fnhum.2017.00528/full","Data Analysis"
"Rosenthal S M","Anger, Aggression, and Irritability in Transgender and Gender Diverse Youth Following Testosterone Initiation: A 12-Month Longitudinal Analysis","Journal of Adolescent Health",2026,"www.jahonline.org/article/S1054-139X(25)00827-4/","Data Analysis"
"Broekman B F","Changes in depression symptom profile with gender-affirming hormone use in transgender persons","Journal of Affective Disorders",2024,"linkinghub.elsevier.com/retrieve/pii/S0165032723015252","Data Analysis"
"Tangpricha V","Adherence to Gender Affirming Hormone Therapy in Transgender Adolescents and Adults: A Retrospective Cohort Study","The Journal of Clinical Endocrinology & Metabolism",2023,"academic.oup.com/jcem/advance-article/doi/10.1210/clinem/dgad306/7184149","Data Analysis"
"Tishelman A C","Psychosocial functioning in transgender youth after 2 years of hormones","New England Journal of Medicine",2023,"http://www.nejm.org/doi/10.1056/NEJMoa2206297","Data Analysis"
"Chan Y M","The effect of gender-affirming hormone treatment on serum creatinine in transgender and gender-diverse youth: implications for estimating GFR","Pediatric Nephrology",2022,"link.springer.com/article/10.1007/s00467-022-05445-0","Data Analysis"
"Haw J S","Is There a Link Between Hormone Use and Diabetes Incidence in Transgender People? Data from the STRONG Cohort","The Journal of Clinical Endocrinology & Metabolism",2021,"academic.oup.com/jcem/article/107/4/e1549/6429721","Data Analysis"
"Carré J M","Timing of peripubertal steroid exposure predicts visuospatial cognition in men: Evidence from three samples","Hormones and Behavior",2020,"linkinghub.elsevier.com/retrieve/pii/S0018506X20300386","Data Analysis"
"Carré J M","Adolescent development and psychosocial functioning after starting cross-sex hormones for gender dysphoria","Nordic Journal of Psychiatry",2020,"www.tandfonline.com/doi/full/10.1080/08039488.2019.1691260","Data Analysis"
"Vilsbøll T","Effects of Gender-Affirming Hormone Therapy on Insulin Sensitivity and Incretin Responses in Transgender People","Diabetes Care",2020,"diabetesjournals.org/care/article/43/2/411/36004/Effects-of-Gender-Affirming-Hormone-Therapy-on","Data Analysis"
"Schultz W C W","Bone Mineral Density in Transgender Individuals After Gonadectomy and Long-Term Gender-Affirming Hormonal Treatment","The Journal of Sexual Medicine",2019,"linkinghub.elsevier.com/retrieve/pii/S174360951931238X","Data Analysis"
"Lash T L","Cross-sex Hormones and Acute Cardiovascular Events in Transgender Persons","Annals of internal medicine",2018,"www.ncbi.nlm.nih.gov/pmc/articles/PMC6636681/","Data Analysis"
"Windischberger C","Effects of testosterone treatment on hypothalamic neuroplasticity in female-to-male transgender individuals","Brain Structure & Function",2018,"link.springer.com/article/10.1007/s00429-017-1494-z","Data Analysis"
"Lin S J","Mastectomy in Transgender and Cisgender Patients: A Comparative Analysis of Epidemiology and Postoperative Outcomes","Plastic and Reconstructive Surgery - Global Open",2019,"journals.lww.com/01720096-201906000-00007","Data Analysis"
"Mullender M G","Body Image in Transmen: Multidimensional Measurement and the Effects of Mastectomy","The Journal of Sexual Medicine",2016,"www.sciencedirect.com/science/article/pii/S1743609516304052?via%3Dihub","Data Analysis"
"Tople T","Patient-Reported Outcomes and Body Mass Index in Adolescents and Young Adults After Gender-Affirming Chest Surgery: A Single-Center Cross-Sectional Study","Annals of Surgery Open",2026,"journals.lww.com/aosopen/fulltext/2026/06000/patient_reported_outcomes_and_body_mass_index_in.28.aspx","Data Analysis"
"Corathers S D","Changes in Bone Marrow Adipose Tissue in Transgender and Gender Non-Conforming Youth Undergoing Pubertal Suppression: A Pilot Study","Journal of Clinical Densitometry",2022,"linkinghub.elsevier.com/retrieve/pii/S1094695022000713","Data Analysis"
"Stief C G","How do elevated levels of testosterone affect the function of the human fallopian tube and fertility?—New insights","Molecular Reproduction and Development",2020,"onlinelibrary.wiley.com/doi/abs/10.1002/mrd.23291","Data Analysis"
"Djordjevic M L","Gender Dysphoria: Bioethical Aspects of Medical Treatment","BioMed Research International",2018,"www.hindawi.com/journals/bmri/2018/9652305/","Review"
"Scala A","Semen Quality in Transgender Individuals Seeking Fertility Preservation","Andrology",2026,"onlinelibrary.wiley.com/doi/abs/10.1111/andr.70268","Data Analysis"
"ObedinMaliver J","Testosterone use and sexual function among transgender men and gender diverse people assigned female at birth","American Journal of Obstetrics and Gynecology",2023,"linkinghub.elsevier.com/retrieve/pii/S0002937823006051","Data Analysis"
"Kelsey M M","Body Composition and Markers of Cardiometabolic Health in Transgender Youth on Gonadotropin-Releasing Hormone Agonists","Transgender Health",2021,"www.liebertpub.com/doi/10.1089/trgh.2020.0029","Data Analysis"
"Krepp J","Cardiovascular Disease Risk Factors and Myocardial Infarction in the Transgender Population","Circulation: Cardiovascular Quality and Outcomes",2019,"www.ahajournals.org/doi/10.1161/CIRCOUTCOMES.119.005597","Data Analysis"
"Cools M","The evolution of pediatric transgender healthcare in Flanders: Trends in referrals, intakes and gender-affirming interventions over the last 15 years","International Journal of Transgender Health",2026,"doi.org/10.1080/26895269.2025.2452996","Data Analysis"
"Pacella R","Prevalence of Diverse Genders and Sexualities in Australia and Associations With Five Forms of Child Maltreatment and Multi-type Maltreatment","Child Maltreatment",2024,"http://journals.sagepub.com/doi/10.1177/10775595231226331","Data Analysis"
"Hönekopp J","Exploring the gender care experiences and perspectives of individuals who discontinued their transition or detransitioned in Canada","PLOS ONE",2023,"dx.plos.org/10.1371/journal.pone.0293868","Data Analysis"
"Wasserman L","Evidence for an Altered Sex Ratio in Clinic‐Referred Adolescents with Gender Dysphoria","The Journal of Sexual Medicine",2015,"www.researchgate.net/publication/271221293_Evidence_for_an_Altered_Sex_Ratio_in_Clinic-Referred_Adolescents_with_Gender_Dysphoria","Data Analysis"
"Rackliff K","Gender fluidity and detransition: Results of a cross-sectional online survey of sexual and gender minorities living in the US and Canada","The Journal of LGBTQ+ Mental Health",2026,"doi.org/10.1080/30678935.2026.2653130","Data Analysis"
"Ross L E","Health Care Experiences of Patients Discontinuing or Reversing Prior Gender-Affirming Treatments","JAMA Network Open",2022,"jamanetwork.com/journals/jamanetworkopen/fullarticle/2794543","Data Analysis"
"Bouman M B","The Amsterdam Cohort of Gender Dysphoria Study (1972–2015): Trends in Prevalence, Treatment, and Regrets","The Journal of Sexual Medicine",2018,"linkinghub.elsevier.com/retrieve/pii/S1743609518300572","Data Analysis"
"Victor S","Concerns Regarding Data Modelling and Interpretation in Ruuska et al.","Acta Paediatrica",2026,"onlinelibrary.wiley.com/doi/10.1111/apa.70617","Editorial"
"Reed E","Letter of Concern About Ruuska et al. From 4 April 2026","Acta Paediatrica",2026,"onlinelibrary.wiley.com/doi/10.1111/apa.70620","Editorial"
"Matthews D D","Trajectories of antidepressant dispensing among privately insured transgender people in the United States","Scientific Reports",2026,"www.nature.com/articles/s41598-026-51351-y","Data Analysis"
"Tolmunen T","Depression and anxiety among transgender-identifying adolescents in psychiatric outpatient care","International Journal of Adolescent Medicine and Health",2025,"www.degruyterbrill.com/document/doi/10.1515/ijamh-2025-0104/html","Data Analysis"
"Baker F C","Screen use in transgender and gender-questioning adolescents: Findings from the Adolescent Brain Cognitive Development (ABCD) Study","Annals of epidemiology",2024,"www.sciencedirect.com/science/article/pii/S1047279724000632?via%3Dihub","Data Analysis"
"Hakulinen C","Transmission of Mental Disorders in Adolescent Peer Networks","JAMA Psychiatry",2024,"jamanetwork.com/journals/jamapsychiatry/fullarticle/2818735","Data Analysis"
"Senior R","Baseline findings from the Longitudinal Outcomes of Gender Identity in Children (LOGIC) study","The British Journal of Psychiatry",2025,"www.cambridge.org/core/journals/the-british-journal-of-psychiatry/article/baseline-findings-from-the-longitudinal-outcomes-of-gender-identity-in-children-logic-study/29C43BF6360C11D9977362F805AF0311","Data Analysis"
"Liao L M","Global Disorders of Sex Development Update since 2006: Perceptions, Approach and Care","Hormone Research in Paediatrics",2016,"www.karger.com/Article/FullText/442975","Review"
"Sharma S","Maturation of the adolescent brain","Neuropsychiatric Disease and Treatment",2013,"www.dovepress.com/maturation-of-the-adolescent-brain-peer-reviewed-fulltext-article-NDT","Review"
"Gupta A","Effective Communication About Pregnancy, Birth, Lactation, Breastfeeding and Newborn Care: The Importance of Sexed Language","Frontiers in Global Women's Health",2022,"www.frontiersin.org/articles/10.3389/fgwh.2022.818856/full","Editorial"
"McCarthy M","Considering Sex as a Biological Variable in Basic and Clinical Studies: An Endocrine Society Scientific Statement","Endocrine Reviews",2021,"academic.oup.com/edrv/advance-article/doi/10.1210/endrev/bnaa034/6159361","Position Statement"
"TSjoen G G","Impact of testosterone-based gender-affirming hormone therapy on toll-like receptor transcript levels and peripheral blood leukocyte counts in transmasculine individuals","Frontiers in Immunology",2026,"www.frontiersin.org/journals/immunology/articles/10.3389/fimmu.2026.1752956/full","Data Analysis"
"Chaplyn G","Plasma testosterone concentration is correlated with circulating immune cell abundance in transgender young people on gender-affirming hormone treatment","Frontiers in Immunology",2025,"www.frontiersin.org/journals/immunology/articles/10.3389/fimmu.2025.1608543/full","Data Analysis"
"Hartland J","Critically appraising the Cass Report: Methodological flaws and unsupported claims","BMC Medical Research Methodology",2025,"doi.org/10.1186/s12874-025-02581-7","Review"
"Cheung A S","Epigenetic remodeling by sex hormone receptors and implications for gender affirming hormone therapy","Frontiers in Immunology",2025,"www.frontiersin.org/journals/immunology/articles/10.3389/fimmu.2025.1501959/full","Review"
"Carré J M","Pubertal timing predicts adult psychosexuality: Evidence from typically developing adults and adults with isolated GnRH deficiency","Psychoneuroendocrinology",2020,"linkinghub.elsevier.com/retrieve/pii/S0306453020301529","Data Analysis"
"Evans N","Spatial memory is impaired by peripubertal GnRH agonist treatment and testosterone replacement in sheep","Psychoneuroendocrinology",2017,"www.sciencedirect.com/science/article/pii/S0306453016305595","Data Analysis"
"MacKinnon K R","“Providers had no idea what to do with me”: A mixed-methods analysis of detransition/retransition support, care, and information needs among sexual and gender minority individuals","International Journal of Transgender Health",2025,"www.tandfonline.com/doi/full/10.1080/26895269.2025.2538744","Data Analysis"
"Garofalo R","Mental and Emotional Health of Youth after 24 months of Gender-Affirming Medical Care Initiated with Pubertal Suppression","medRxiv",2025,"www.medrxiv.org/content/10.1101/2025.05.14.25327614v1","Preprint"
"BrignardelloPetersen R","Mastectomy for individuals with gender dysphoria below 26 years of age: A systematic review and meta-analysis","Plastic and Reconstructive Surgery",2024,"journals.lww.com/10.1097/PRS.0000000000011734","Data Analysis"
"Nuñez D G","Endocrine care of transgender and gender-diverse adults: Swiss recommendations","Swiss Medical Weekly",2026,"smw.ch/index.php/smw/article/view/5059","Review"
"Martinerie L","Endocrine Management of Transgender and Gender-Diverse Adolescents: Expert Opinion of the ESPE Working Group on Gender Incongruence and the Endo-ERN Main Thematic Group on Sexual Development and Maturation","Hormone Research in Paediatrics",2024,"doi.org/10.1159/000542904","Review"
"Goodman M","Standards of care for the health of transgender and gender diverse people, version 8","International Journal of Transgender Health",2022,"www.tandfonline.com/doi/full/10.1080/26895269.2022.2100644","Review"
"Tangpricha V","Endocrine Treatment of Gender-Dysphoric/Gender-Incongruent Persons: An Endocrine Society Clinical Practice Guideline","Endocrine Practice",2017,"academic.oup.com/jcem/article/102/11/3869/4157558","Review"
"Viner R M","Short-term outcomes of pubertal suppression in a selected cohort of 12 to 15 year old young people with persistent gender dysphoria in the UK","PLOS ONE",2021,"dx.plos.org/10.1371/journal.pone.0243894","Data Analysis"
"Schwarz K","Brain Maturation, Cognition and Voice Pattern in a Gender Dysphoria Case under Pubertal Suppression","Frontiers in Human Neuroscience",2017,"http://journal.frontiersin.org/article/10.3389/fnhum.2017.00528/full","Data Analysis"
"Chen D","Anger, Aggression, and Irritability in Transgender and Gender Diverse Youth Following Testosterone Initiation: A 12-Month Longitudinal Analysis","Journal of Adolescent Health",2026,"www.jahonline.org/article/S1054-139X(25)00827-4/","Data Analysis"
"OlsonKennedy J","Psychosocial functioning in transgender youth after 2 years of hormones","New England Journal of Medicine",2023,"http://www.nejm.org/doi/10.1056/NEJMoa2206297","Data Analysis"
"McCracken C","Is There a Link Between Hormone Use and Diabetes Incidence in Transgender People? Data from the STRONG Cohort","The Journal of Clinical Endocrinology & Metabolism",2021,"academic.oup.com/jcem/article/107/4/e1549/6429721","Data Analysis"
"McDaniel M A","Timing of peripubertal steroid exposure predicts visuospatial cognition in men: Evidence from three samples","Hormones and Behavior",2020,"linkinghub.elsevier.com/retrieve/pii/S0018506X20300386","Data Analysis"
"TSjoen G G","Effects of Gender-Affirming Hormone Therapy on Insulin Sensitivity and Incretin Responses in Transgender People","Diabetes Care",2020,"diabetesjournals.org/care/article/43/2/411/36004/Effects-of-Gender-Affirming-Hormone-Therapy-on","Data Analysis"
"Slart R H","Bone Mineral Density in Transgender Individuals After Gonadectomy and Long-Term Gender-Affirming Hormonal Treatment","The Journal of Sexual Medicine",2019,"linkinghub.elsevier.com/retrieve/pii/S174360951931238X","Data Analysis"
"Millman A","Cross-sex Hormones and Acute Cardiovascular Events in Transgender Persons","Annals of internal medicine",2018,"www.ncbi.nlm.nih.gov/pmc/articles/PMC6636681/","Data Analysis"
"Kasper S","Effects of testosterone treatment on hypothalamic neuroplasticity in female-to-male transgender individuals","Brain Structure & Function",2018,"link.springer.com/article/10.1007/s00429-017-1494-z","Data Analysis"
"Ganor O","Mastectomy in Transgender and Cisgender Patients: A Comparative Analysis of Epidemiology and Postoperative Outcomes","Plastic and Reconstructive Surgery - Global Open",2019,"journals.lww.com/01720096-201906000-00007","Data Analysis"
"Faino A V","Patient-Reported Outcomes and Body Mass Index in Adolescents and Young Adults After Gender-Affirming Chest Surgery: A Single-Center Cross-Sectional Study","Annals of Surgery Open",2026,"journals.lww.com/aosopen/fulltext/2026/06000/patient_reported_outcomes_and_body_mass_index_in.28.aspx","Data Analysis"
"Conard L A","Changes in Bone Marrow Adipose Tissue in Transgender and Gender Non-Conforming Youth Undergoing Pubertal Suppression: A Pilot Study","Journal of Clinical Densitometry",2022,"linkinghub.elsevier.com/retrieve/pii/S1094695022000713","Data Analysis"
"Kölle S","How do elevated levels of testosterone affect the function of the human fallopian tube and fertility?—New insights","Molecular Reproduction and Development",2020,"onlinelibrary.wiley.com/doi/abs/10.1002/mrd.23291","Data Analysis"
"Garolla A","Semen Quality in Transgender Individuals Seeking Fertility Preservation","Andrology",2026,"onlinelibrary.wiley.com/doi/abs/10.1111/andr.70268","Data Analysis"
"Nagy C","Cardiovascular Disease Risk Factors and Myocardial Infarction in the Transgender Population","Circulation: Cardiovascular Quality and Outcomes",2019,"www.ahajournals.org/doi/10.1161/CIRCOUTCOMES.119.005597","Data Analysis"
"Meinck F","Prevalence of Diverse Genders and Sexualities in Australia and Associations With Five Forms of Child Maltreatment and Multi-type Maltreatment","Child Maltreatment",2024,"http://journals.sagepub.com/doi/10.1177/10775595231226331","Data Analysis"
"Ames M","Evidence for an Altered Sex Ratio in Clinic‐Referred Adolescents with Gender Dysphoria","The Journal of Sexual Medicine",2015,"www.researchgate.net/publication/271221293_Evidence_for_an_Altered_Sex_Ratio_in_Clinic-Referred_Adolescents_with_Gender_Dysphoria","Data Analysis"
"Lam J S H","Gender fluidity and detransition: Results of a cross-sectional online survey of sexual and gender minorities living in the US and Canada","The Journal of LGBTQ+ Mental Health",2026,"doi.org/10.1080/30678935.2026.2653130","Data Analysis"
"Steensma T D","The Amsterdam Cohort of Gender Dysphoria Study (1972–2015): Trends in Prevalence, Treatment, and Regrets","The Journal of Sexual Medicine",2018,"linkinghub.elsevier.com/retrieve/pii/S1743609518300572","Data Analysis"
"Blomqvist L","Letter of Concern About Ruuska et al. From 4 April 2026","Acta Paediatrica",2026,"onlinelibrary.wiley.com/doi/10.1111/apa.70620","Editorial"
"HincapieCastillo J M","Trajectories of antidepressant dispensing among privately insured transgender people in the United States","Scientific Reports",2026,"www.nature.com/articles/s41598-026-51351-y","Data Analysis"
"Carmichael P","Baseline findings from the Longitudinal Outcomes of Gender Identity in Children (LOGIC) study","The British Journal of Psychiatry",2025,"www.cambridge.org/core/journals/the-british-journal-of-psychiatry/article/baseline-findings-from-the-longitudinal-outcomes-of-gender-identity-in-children-logic-study/29C43BF6360C11D9977362F805AF0311","Data Analysis"
"LinSu K","Global Disorders of Sex Development Update since 2006: Perceptions, Approach and Care","Hormone Research in Paediatrics",2016,"www.karger.com/Article/FullText/442975","Review"
"Hocking J J","Effective Communication About Pregnancy, Birth, Lactation, Breastfeeding and Newborn Care: The Importance of Sexed Language","Frontiers in Global Women's Health",2022,"www.frontiersin.org/articles/10.3389/fgwh.2022.818856/full","Editorial"
"Miller W L","Considering Sex as a Biological Variable in Basic and Clinical Studies: An Endocrine Society Scientific Statement","Endocrine Reviews",2021,"academic.oup.com/edrv/advance-article/doi/10.1210/endrev/bnaa034/6159361","Position Statement"
"Leffler J","Impact of testosterone-based gender-affirming hormone therapy on toll-like receptor transcript levels and peripheral blood leukocyte counts in transmasculine individuals","Frontiers in Immunology",2026,"www.frontiersin.org/journals/immunology/articles/10.3389/fimmu.2026.1752956/full","Data Analysis"
"Siafarikas A","Plasma testosterone concentration is correlated with circulating immune cell abundance in transgender young people on gender-affirming hormone treatment","Frontiers in Immunology",2025,"www.frontiersin.org/journals/immunology/articles/10.3389/fimmu.2025.1608543/full","Data Analysis"
"Paschedag J","Critically appraising the Cass Report: Methodological flaws and unsupported claims","BMC Medical Research Methodology",2025,"doi.org/10.1186/s12874-025-02581-7","Review"
"Novakovic B","Epigenetic remodeling by sex hormone receptors and implications for gender affirming hormone therapy","Frontiers in Immunology",2025,"www.frontiersin.org/journals/immunology/articles/10.3389/fimmu.2025.1501959/full","Review"
"Balasubramanian R","Pubertal timing predicts adult psychosexuality: Evidence from typically developing adults and adults with isolated GnRH deficiency","Psychoneuroendocrinology",2020,"linkinghub.elsevier.com/retrieve/pii/S0306453020301529","Data Analysis"
"Rosenthal S M","Mental and Emotional Health of Youth after 24 months of Gender-Affirming Medical Care Initiated with Pubertal Suppression","medRxiv",2025,"www.medrxiv.org/content/10.1101/2025.05.14.25327614v1","Preprint"
"Winzeler B","Endocrine care of transgender and gender-diverse adults: Swiss recommendations","Swiss Medical Weekly",2026,"smw.ch/index.php/smw/article/view/5059","Review"
"de Vries M C","Endocrine Management of Transgender and Gender-Diverse Adolescents: Expert Opinion of the ESPE Working Group on Gender Incongruence and the Endo-ERN Main Thematic Group on Sexual Development and Maturation","Hormone Research in Paediatrics",2024,"doi.org/10.1159/000542904","Review"
"Arcelus J","Standards of care for the health of transgender and gender diverse people, version 8","International Journal of Transgender Health",2022,"www.tandfonline.com/doi/full/10.1080/26895269.2022.2100644","Review"
"TSjoen G G","Endocrine Treatment of Gender-Dysphoric/Gender-Incongruent Persons: An Endocrine Society Clinical Practice Guideline","Endocrine Practice",2017,"academic.oup.com/jcem/article/102/11/3869/4157558","Review"
"Santana G L","Short-term outcomes of pubertal suppression in a selected cohort of 12 to 15 year old young people with persistent gender dysphoria in the UK","PLOS ONE",2021,"dx.plos.org/10.1371/journal.pone.0243894","Data Analysis"
"Lobato M I R","Brain Maturation, Cognition and Voice Pattern in a Gender Dysphoria Case under Pubertal Suppression","Frontiers in Human Neuroscience",2017,"http://journal.frontiersin.org/article/10.3389/fnhum.2017.00528/full","Data Analysis"
"Goodman M","Is There a Link Between Hormone Use and Diabetes Incidence in Transgender People? Data from the STRONG Cohort","The Journal of Clinical Endocrinology & Metabolism",2021,"academic.oup.com/jcem/article/107/4/e1549/6429721","Data Analysis"
"Puts D A","Timing of peripubertal steroid exposure predicts visuospatial cognition in men: Evidence from three samples","Hormones and Behavior",2020,"linkinghub.elsevier.com/retrieve/pii/S0018506X20300386","Data Analysis"
"Goodman M","Cross-sex Hormones and Acute Cardiovascular Events in Transgender Persons","Annals of internal medicine",2018,"www.ncbi.nlm.nih.gov/pmc/articles/PMC6636681/","Data Analysis"
"Lanzenberger R","Effects of testosterone treatment on hypothalamic neuroplasticity in female-to-male transgender individuals","Brain Structure & Function",2018,"link.springer.com/article/10.1007/s00429-017-1494-z","Data Analysis"
"Morrison S D","Patient-Reported Outcomes and Body Mass Index in Adolescents and Young Adults After Gender-Affirming Chest Surgery: A Single-Center Cross-Sectional Study","Annals of Surgery Open",2026,"journals.lww.com/aosopen/fulltext/2026/06000/patient_reported_outcomes_and_body_mass_index_in.28.aspx","Data Analysis"
"Gordon C M","Changes in Bone Marrow Adipose Tissue in Transgender and Gender Non-Conforming Youth Undergoing Pubertal Suppression: A Pilot Study","Journal of Clinical Densitometry",2022,"linkinghub.elsevier.com/retrieve/pii/S1094695022000713","Data Analysis"
"Group GIIG T G I I","Semen Quality in Transgender Individuals Seeking Fertility Preservation","Andrology",2026,"onlinelibrary.wiley.com/doi/abs/10.1111/andr.70268","Data Analysis"
"Reiner J","Cardiovascular Disease Risk Factors and Myocardial Infarction in the Transgender Population","Circulation: Cardiovascular Quality and Outcomes",2019,"www.ahajournals.org/doi/10.1161/CIRCOUTCOMES.119.005597","Data Analysis"
"Scott J G","Prevalence of Diverse Genders and Sexualities in Australia and Associations With Five Forms of Child Maltreatment and Multi-type Maltreatment","Child Maltreatment",2024,"http://journals.sagepub.com/doi/10.1177/10775595231226331","Data Analysis"
"Zucker K J","Evidence for an Altered Sex Ratio in Clinic‐Referred Adolescents with Gender Dysphoria","The Journal of Sexual Medicine",2015,"www.researchgate.net/publication/271221293_Evidence_for_an_Altered_Sex_Ratio_in_Clinic-Referred_Adolescents_with_Gender_Dysphoria","Data Analysis"
"den Heijer M","The Amsterdam Cohort of Gender Dysphoria Study (1972–2015): Trends in Prevalence, Treatment, and Regrets","The Journal of Sexual Medicine",2018,"linkinghub.elsevier.com/retrieve/pii/S1743609518300572","Data Analysis"
"Korbmacher M","Letter of Concern About Ruuska et al. From 4 April 2026","Acta Paediatrica",2026,"onlinelibrary.wiley.com/doi/10.1111/apa.70620","Editorial"
"Omar R","Baseline findings from the Longitudinal Outcomes of Gender Identity in Children (LOGIC) study","The British Journal of Psychiatry",2025,"www.cambridge.org/core/journals/the-british-journal-of-psychiatry/article/baseline-findings-from-the-longitudinal-outcomes-of-gender-identity-in-children-logic-study/29C43BF6360C11D9977362F805AF0311","Data Analysis"
"and the Global DSD Update Consortium","Global Disorders of Sex Development Update since 2006: Perceptions, Approach and Care","Hormone Research in Paediatrics",2016,"www.karger.com/Article/FullText/442975","Review"
"Dahlen H G","Effective Communication About Pregnancy, Birth, Lactation, Breastfeeding and Newborn Care: The Importance of Sexed Language","Frontiers in Global Women's Health",2022,"www.frontiersin.org/articles/10.3389/fgwh.2022.818856/full","Editorial"
"Verma R","Considering Sex as a Biological Variable in Basic and Clinical Studies: An Endocrine Society Scientific Statement","Endocrine Reviews",2021,"academic.oup.com/edrv/advance-article/doi/10.1210/endrev/bnaa034/6159361","Position Statement"
"Yürekli B S","Impact of testosterone-based gender-affirming hormone therapy on toll-like receptor transcript levels and peripheral blood leukocyte counts in transmasculine individuals","Frontiers in Immunology",2026,"www.frontiersin.org/journals/immunology/articles/10.3389/fimmu.2026.1752956/full","Data Analysis"
"Leffler J","Plasma testosterone concentration is correlated with circulating immune cell abundance in transgender young people on gender-affirming hormone treatment","Frontiers in Immunology",2025,"www.frontiersin.org/journals/immunology/articles/10.3389/fimmu.2025.1608543/full","Data Analysis"
"McLamore Q","Critically appraising the Cass Report: Methodological flaws and unsupported claims","BMC Medical Research Methodology",2025,"doi.org/10.1186/s12874-025-02581-7","Review"
"Puts D A","Pubertal timing predicts adult psychosexuality: Evidence from typically developing adults and adults with isolated GnRH deficiency","Psychoneuroendocrinology",2020,"linkinghub.elsevier.com/retrieve/pii/S0306453020301529","Data Analysis"
"Radix A E","Mental and Emotional Health of Youth after 24 months of Gender-Affirming Medical Care Initiated with Pubertal Suppression","medRxiv",2025,"www.medrxiv.org/content/10.1101/2025.05.14.25327614v1","Preprint"
"Vibert V","Endocrine care of transgender and gender-diverse adults: Swiss recommendations","Swiss Medical Weekly",2026,"smw.ch/index.php/smw/article/view/5059","Review"
"Skordis N","Endocrine Management of Transgender and Gender-Diverse Adolescents: Expert Opinion of the ESPE Working Group on Gender Incongruence and the Endo-ERN Main Thematic Group on Sexual Development and Maturation","Hormone Research in Paediatrics",2024,"doi.org/10.1159/000542904","Review"
"Green J","Standards of care for the health of transgender and gender diverse people, version 8","International Journal of Transgender Health",2022,"www.tandfonline.com/doi/full/10.1080/26895269.2022.2100644","Review"
"Anes M","Brain Maturation, Cognition and Voice Pattern in a Gender Dysphoria Case under Pubertal Suppression","Frontiers in Human Neuroscience",2017,"http://journal.frontiersin.org/article/10.3389/fnhum.2017.00528/full","Data Analysis"
"Silverberg M J","Is There a Link Between Hormone Use and Diabetes Incidence in Transgender People? Data from the STRONG Cohort","The Journal of Clinical Endocrinology & Metabolism",2021,"academic.oup.com/jcem/article/107/4/e1549/6429721","Data Analysis"
"Blanchard R","Timing of peripubertal steroid exposure predicts visuospatial cognition in men: Evidence from three samples","Hormones and Behavior",2020,"linkinghub.elsevier.com/retrieve/pii/S0018506X20300386","Data Analysis"
"Quinn V P","Cross-sex Hormones and Acute Cardiovascular Events in Transgender Persons","Annals of internal medicine",2018,"www.ncbi.nlm.nih.gov/pmc/articles/PMC6636681/","Data Analysis"
"Gopalan M","Patient-Reported Outcomes and Body Mass Index in Adolescents and Young Adults After Gender-Affirming Chest Surgery: A Single-Center Cross-Sectional Study","Annals of Surgery Open",2026,"journals.lww.com/aosopen/fulltext/2026/06000/patient_reported_outcomes_and_body_mass_index_in.28.aspx","Data Analysis"
"Conard L A","Changes in Bone Marrow Adipose Tissue in Transgender and Gender Non-Conforming Youth Undergoing Pubertal Suppression: A Pilot Study","Journal of Clinical Densitometry",2022,"linkinghub.elsevier.com/retrieve/pii/S1094695022000713","Data Analysis"
"Mazhari R","Cardiovascular Disease Risk Factors and Myocardial Infarction in the Transgender Population","Circulation: Cardiovascular Quality and Outcomes",2019,"www.ahajournals.org/doi/10.1161/CIRCOUTCOMES.119.005597","Data Analysis"
"Thomas H J","Prevalence of Diverse Genders and Sexualities in Australia and Associations With Five Forms of Child Maltreatment and Multi-type Maltreatment","Child Maltreatment",2024,"http://journals.sagepub.com/doi/10.1177/10775595231226331","Data Analysis"
"Fitzsimmons C L","Evidence for an Altered Sex Ratio in Clinic‐Referred Adolescents with Gender Dysphoria","The Journal of Sexual Medicine",2015,"www.researchgate.net/publication/271221293_Evidence_for_an_Altered_Sex_Ratio_in_Clinic-Referred_Adolescents_with_Gender_Dysphoria","Data Analysis"
"CohenKettenis P T","The Amsterdam Cohort of Gender Dysphoria Study (1972–2015): Trends in Prevalence, Treatment, and Regrets","The Journal of Sexual Medicine",2018,"linkinghub.elsevier.com/retrieve/pii/S1743609518300572","Data Analysis"
"Gronroos M","Letter of Concern About Ruuska et al. From 4 April 2026","Acta Paediatrica",2026,"onlinelibrary.wiley.com/doi/10.1111/apa.70620","Editorial"
"Allison C","Baseline findings from the Longitudinal Outcomes of Gender Identity in Children (LOGIC) study","The British Journal of Psychiatry",2025,"www.cambridge.org/core/journals/the-british-journal-of-psychiatry/article/baseline-findings-from-the-longitudinal-outcomes-of-gender-identity-in-children-logic-study/29C43BF6360C11D9977362F805AF0311","Data Analysis"
"Mouriquand P","Global Disorders of Sex Development Update since 2006: Perceptions, Approach and Care","Hormone Research in Paediatrics",2016,"www.karger.com/Article/FullText/442975","Review"
"Raznahan A","Considering Sex as a Biological Variable in Basic and Clinical Studies: An Endocrine Society Scientific Statement","Endocrine Reviews",2021,"academic.oup.com/edrv/advance-article/doi/10.1210/endrev/bnaa034/6159361","Position Statement"
"Winzeler B","Impact of testosterone-based gender-affirming hormone therapy on toll-like receptor transcript levels and peripheral blood leukocyte counts in transmasculine individuals","Frontiers in Immunology",2026,"www.frontiersin.org/journals/immunology/articles/10.3389/fimmu.2026.1752956/full","Data Analysis"
"Lin A","Plasma testosterone concentration is correlated with circulating immune cell abundance in transgender young people on gender-affirming hormone treatment","Frontiers in Immunology",2025,"www.frontiersin.org/journals/immunology/articles/10.3389/fimmu.2025.1608543/full","Data Analysis"
"Gilmore J","Critically appraising the Cass Report: Methodological flaws and unsupported claims","BMC Medical Research Methodology",2025,"doi.org/10.1186/s12874-025-02581-7","Review"
"Delaney A","Pubertal timing predicts adult psychosexuality: Evidence from typically developing adults and adults with isolated GnRH deficiency","Psychoneuroendocrinology",2020,"linkinghub.elsevier.com/retrieve/pii/S0306453020301529","Data Analysis"
"Thalmann S","Endocrine care of transgender and gender-diverse adults: Swiss recommendations","Swiss Medical Weekly",2026,"smw.ch/index.php/smw/article/view/5059","Review"
"RichterUnruh A","Endocrine Management of Transgender and Gender-Diverse Adolescents: Expert Opinion of the ESPE Working Group on Gender Incongruence and the Endo-ERN Main Thematic Group on Sexual Development and Maturation","Hormone Research in Paediatrics",2024,"doi.org/10.1159/000542904","Review"
"Hancock A B","Standards of care for the health of transgender and gender diverse people, version 8","International Journal of Transgender Health",2022,"www.tandfonline.com/doi/full/10.1080/26895269.2022.2100644","Review"
"Tramontina S","Brain Maturation, Cognition and Voice Pattern in a Gender Dysphoria Case under Pubertal Suppression","Frontiers in Human Neuroscience",2017,"http://journal.frontiersin.org/article/10.3389/fnhum.2017.00528/full","Data Analysis"
"Tangpricha V","Is There a Link Between Hormone Use and Diabetes Incidence in Transgender People? Data from the STRONG Cohort","The Journal of Clinical Endocrinology & Metabolism",2021,"academic.oup.com/jcem/article/107/4/e1549/6429721","Data Analysis"
"Balasubramanian R","Timing of peripubertal steroid exposure predicts visuospatial cognition in men: Evidence from three samples","Hormones and Behavior",2020,"linkinghub.elsevier.com/retrieve/pii/S0018506X20300386","Data Analysis"
"Robinson B","Cross-sex Hormones and Acute Cardiovascular Events in Transgender Persons","Annals of internal medicine",2018,"www.ncbi.nlm.nih.gov/pmc/articles/PMC6636681/","Data Analysis"
"Eble D","Patient-Reported Outcomes and Body Mass Index in Adolescents and Young Adults After Gender-Affirming Chest Surgery: A Single-Center Cross-Sectional Study","Annals of Surgery Open",2026,"journals.lww.com/aosopen/fulltext/2026/06000/patient_reported_outcomes_and_body_mass_index_in.28.aspx","Data Analysis"
"Kalkwarf H J","Changes in Bone Marrow Adipose Tissue in Transgender and Gender Non-Conforming Youth Undergoing Pubertal Suppression: A Pilot Study","Journal of Clinical Densitometry",2022,"linkinghub.elsevier.com/retrieve/pii/S1094695022000713","Data Analysis"
"Leef J","Evidence for an Altered Sex Ratio in Clinic‐Referred Adolescents with Gender Dysphoria","The Journal of Sexual Medicine",2015,"www.researchgate.net/publication/271221293_Evidence_for_an_Altered_Sex_Ratio_in_Clinic-Referred_Adolescents_with_Gender_Dysphoria","Data Analysis"
"Gooren L J G","The Amsterdam Cohort of Gender Dysphoria Study (1972–2015): Trends in Prevalence, Treatment, and Regrets","The Journal of Sexual Medicine",2018,"linkinghub.elsevier.com/retrieve/pii/S1743609518300572","Data Analysis"
"Olakivi O","Letter of Concern About Ruuska et al. From 4 April 2026","Acta Paediatrica",2026,"onlinelibrary.wiley.com/doi/10.1111/apa.70620","Editorial"
"Wright T","Baseline findings from the Longitudinal Outcomes of Gender Identity in Children (LOGIC) study","The British Journal of Psychiatry",2025,"www.cambridge.org/core/journals/the-british-journal-of-psychiatry/article/baseline-findings-from-the-longitudinal-outcomes-of-gender-identity-in-children-logic-study/29C43BF6360C11D9977362F805AF0311","Data Analysis"
"MeyerBahlburg H F L","Global Disorders of Sex Development Update since 2006: Perceptions, Approach and Care","Hormone Research in Paediatrics",2016,"www.karger.com/Article/FullText/442975","Review"
"French M","Plasma testosterone concentration is correlated with circulating immune cell abundance in transgender young people on gender-affirming hormone treatment","Frontiers in Immunology",2025,"www.frontiersin.org/journals/immunology/articles/10.3389/fimmu.2025.1608543/full","Data Analysis"
"Kennedy N","Critically appraising the Cass Report: Methodological flaws and unsupported claims","BMC Medical Research Methodology",2025,"doi.org/10.1186/s12874-025-02581-7","Review"
"Crowley W","Pubertal timing predicts adult psychosexuality: Evidence from typically developing adults and adults with isolated GnRH deficiency","Psychoneuroendocrinology",2020,"linkinghub.elsevier.com/retrieve/pii/S0306453020301529","Data Analysis"
"Streuli M I","Endocrine care of transgender and gender-diverse adults: Swiss recommendations","Swiss Medical Weekly",2026,"smw.ch/index.php/smw/article/view/5059","Review"
"Johnson T W","Standards of care for the health of transgender and gender diverse people, version 8","International Journal of Transgender Health",2022,"www.tandfonline.com/doi/full/10.1080/26895269.2022.2100644","Review"
"Vupputuri S","Is There a Link Between Hormone Use and Diabetes Incidence in Transgender People? Data from the STRONG Cohort","The Journal of Clinical Endocrinology & Metabolism",2021,"academic.oup.com/jcem/article/107/4/e1549/6429721","Data Analysis"
"Delaney A","Timing of peripubertal steroid exposure predicts visuospatial cognition in men: Evidence from three samples","Hormones and Behavior",2020,"linkinghub.elsevier.com/retrieve/pii/S0018506X20300386","Data Analysis"
"Roblin D","Cross-sex Hormones and Acute Cardiovascular Events in Transgender Persons","Annals of internal medicine",2018,"www.ncbi.nlm.nih.gov/pmc/articles/PMC6636681/","Data Analysis"
"Ettinger R E","Patient-Reported Outcomes and Body Mass Index in Adolescents and Young Adults After Gender-Affirming Chest Surgery: A Single-Center Cross-Sectional Study","Annals of Surgery Open",2026,"journals.lww.com/aosopen/fulltext/2026/06000/patient_reported_outcomes_and_body_mass_index_in.28.aspx","Data Analysis"
"Dolan L M","Changes in Bone Marrow Adipose Tissue in Transgender and Gender Non-Conforming Youth Undergoing Pubertal Suppression: A Pilot Study","Journal of Clinical Densitometry",2022,"linkinghub.elsevier.com/retrieve/pii/S1094695022000713","Data Analysis"
"Lishak V","Evidence for an Altered Sex Ratio in Clinic‐Referred Adolescents with Gender Dysphoria","The Journal of Sexual Medicine",2015,"www.researchgate.net/publication/271221293_Evidence_for_an_Altered_Sex_Ratio_in_Clinic-Referred_Adolescents_with_Gender_Dysphoria","Data Analysis"
"Kreukels B P C","The Amsterdam Cohort of Gender Dysphoria Study (1972–2015): Trends in Prevalence, Treatment, and Regrets","The Journal of Sexual Medicine",2018,"linkinghub.elsevier.com/retrieve/pii/S1743609518300572","Data Analysis"
"Bolstad S H","Letter of Concern About Ruuska et al. From 4 April 2026","Acta Paediatrica",2026,"onlinelibrary.wiley.com/doi/10.1111/apa.70620","Editorial"
"Butler G","Baseline findings from the Longitudinal Outcomes of Gender Identity in Children (LOGIC) study","The British Journal of Psychiatry",2025,"www.cambridge.org/core/journals/the-british-journal-of-psychiatry/article/baseline-findings-from-the-longitudinal-outcomes-of-gender-identity-in-children-logic-study/29C43BF6360C11D9977362F805AF0311","Data Analysis"
"Mazur T","Global Disorders of Sex Development Update since 2006: Perceptions, Approach and Care","Hormone Research in Paediatrics",2016,"www.karger.com/Article/FullText/442975","Review"
"Tjiam C","Plasma testosterone concentration is correlated with circulating immune cell abundance in transgender young people on gender-affirming hormone treatment","Frontiers in Immunology",2025,"www.frontiersin.org/journals/immunology/articles/10.3389/fimmu.2025.1608543/full","Data Analysis"
"Woolley T E","Critically appraising the Cass Report: Methodological flaws and unsupported claims","BMC Medical Research Methodology",2025,"doi.org/10.1186/s12874-025-02581-7","Review"
"Breedlove S M","Pubertal timing predicts adult psychosexuality: Evidence from typically developing adults and adults with isolated GnRH deficiency","Psychoneuroendocrinology",2020,"linkinghub.elsevier.com/retrieve/pii/S0306453020301529","Data Analysis"
"Slahor L","Endocrine care of transgender and gender-diverse adults: Swiss recommendations","Swiss Medical Weekly",2026,"smw.ch/index.php/smw/article/view/5059","Review"
"Karasic D H","Standards of care for the health of transgender and gender diverse people, version 8","International Journal of Transgender Health",2022,"www.tandfonline.com/doi/full/10.1080/26895269.2022.2100644","Review"
"Crowley W","Timing of peripubertal steroid exposure predicts visuospatial cognition in men: Evidence from three samples","Hormones and Behavior",2020,"linkinghub.elsevier.com/retrieve/pii/S0018506X20300386","Data Analysis"
"Silverberg M J","Cross-sex Hormones and Acute Cardiovascular Events in Transgender Persons","Annals of internal medicine",2018,"www.ncbi.nlm.nih.gov/pmc/articles/PMC6636681/","Data Analysis"
"Reim E","Evidence for an Altered Sex Ratio in Clinic‐Referred Adolescents with Gender Dysphoria","The Journal of Sexual Medicine",2015,"www.researchgate.net/publication/271221293_Evidence_for_an_Altered_Sex_Ratio_in_Clinic-Referred_Adolescents_with_Gender_Dysphoria","Data Analysis"
"Jacobsen I L","Letter of Concern About Ruuska et al. From 4 April 2026","Acta Paediatrica",2026,"onlinelibrary.wiley.com/doi/10.1111/apa.70620","Editorial"
"BaronCohen S","Baseline findings from the Longitudinal Outcomes of Gender Identity in Children (LOGIC) study","The British Journal of Psychiatry",2025,"www.cambridge.org/core/journals/the-british-journal-of-psychiatry/article/baseline-findings-from-the-longitudinal-outcomes-of-gender-identity-in-children-logic-study/29C43BF6360C11D9977362F805AF0311","Data Analysis"
"Looijenga L H J","Global Disorders of Sex Development Update since 2006: Perceptions, Approach and Care","Hormone Research in Paediatrics",2016,"www.karger.com/Article/FullText/442975","Review"
"Strickland D","Plasma testosterone concentration is correlated with circulating immune cell abundance in transgender young people on gender-affirming hormone treatment","Frontiers in Immunology",2025,"www.frontiersin.org/journals/immunology/articles/10.3389/fimmu.2025.1608543/full","Data Analysis"
"Heath R","Critically appraising the Cass Report: Methodological flaws and unsupported claims","BMC Medical Research Methodology",2025,"doi.org/10.1186/s12874-025-02581-7","Review"
"Rieben C","Endocrine care of transgender and gender-diverse adults: Swiss recommendations","Swiss Medical Weekly",2026,"smw.ch/index.php/smw/article/view/5059","Review"
"Knudson G A","Standards of care for the health of transgender and gender diverse people, version 8","International Journal of Transgender Health",2022,"www.tandfonline.com/doi/full/10.1080/26895269.2022.2100644","Review"
"Breedlove S M","Timing of peripubertal steroid exposure predicts visuospatial cognition in men: Evidence from three samples","Hormones and Behavior",2020,"linkinghub.elsevier.com/retrieve/pii/S0018506X20300386","Data Analysis"
"Safer J D","Cross-sex Hormones and Acute Cardiovascular Events in Transgender Persons","Annals of internal medicine",2018,"www.ncbi.nlm.nih.gov/pmc/articles/PMC6636681/","Data Analysis"
"Takagi A","Evidence for an Altered Sex Ratio in Clinic‐Referred Adolescents with Gender Dysphoria","The Journal of Sexual Medicine",2015,"www.researchgate.net/publication/271221293_Evidence_for_an_Altered_Sex_Ratio_in_Clinic-Referred_Adolescents_with_Gender_Dysphoria","Data Analysis"
"Ganesh A","Letter of Concern About Ruuska et al. From 4 April 2026","Acta Paediatrica",2026,"onlinelibrary.wiley.com/doi/10.1111/apa.70620","Editorial"
"Hunter R M","Baseline findings from the Longitudinal Outcomes of Gender Identity in Children (LOGIC) study","The British Journal of Psychiatry",2025,"www.cambridge.org/core/journals/the-british-journal-of-psychiatry/article/baseline-findings-from-the-longitudinal-outcomes-of-gender-identity-in-children-logic-study/29C43BF6360C11D9977362F805AF0311","Data Analysis"
"Quigley C A","Global Disorders of Sex Development Update since 2006: Perceptions, Approach and Care","Hormone Research in Paediatrics",2016,"www.karger.com/Article/FullText/442975","Review"
"Goulding R B","Critically appraising the Cass Report: Methodological flaws and unsupported claims","BMC Medical Research Methodology",2025,"doi.org/10.1186/s12874-025-02581-7","Review"
"Papadakis G","Endocrine care of transgender and gender-diverse adults: Swiss recommendations","Swiss Medical Weekly",2026,"smw.ch/index.php/smw/article/view/5059","Review"
"Leibowitz S F","Standards of care for the health of transgender and gender diverse people, version 8","International Journal of Transgender Health",2022,"www.tandfonline.com/doi/full/10.1080/26895269.2022.2100644","Review"
"Slovis J","Cross-sex Hormones and Acute Cardiovascular Events in Transgender Persons","Annals of internal medicine",2018,"www.ncbi.nlm.nih.gov/pmc/articles/PMC6636681/","Data Analysis"
"Vinik J","Evidence for an Altered Sex Ratio in Clinic‐Referred Adolescents with Gender Dysphoria","The Journal of Sexual Medicine",2015,"www.researchgate.net/publication/271221293_Evidence_for_an_Altered_Sex_Ratio_in_Clinic-Referred_Adolescents_with_Gender_Dysphoria","Data Analysis"
"Era R","Letter of Concern About Ruuska et al. From 4 April 2026","Acta Paediatrica",2026,"onlinelibrary.wiley.com/doi/10.1111/apa.70620","Editorial"
"Sandberg D E","Global Disorders of Sex Development Update since 2006: Perceptions, Approach and Care","Hormone Research in Paediatrics",2016,"www.karger.com/Article/FullText/442975","Review"
"Simpson V","Critically appraising the Cass Report: Methodological flaws and unsupported claims","BMC Medical Research Methodology",2025,"doi.org/10.1186/s12874-025-02581-7","Review"
"Meier C","Endocrine care of transgender and gender-diverse adults: Swiss recommendations","Swiss Medical Weekly",2026,"smw.ch/index.php/smw/article/view/5059","Review"
"MeyerBahlburg H F L","Standards of care for the health of transgender and gender diverse people, version 8","International Journal of Transgender Health",2022,"www.tandfonline.com/doi/full/10.1080/26895269.2022.2100644","Review"
"Tangpricha V","Cross-sex Hormones and Acute Cardiovascular Events in Transgender Persons","Annals of internal medicine",2018,"www.ncbi.nlm.nih.gov/pmc/articles/PMC6636681/","Data Analysis"
"Wreford J","Evidence for an Altered Sex Ratio in Clinic‐Referred Adolescents with Gender Dysphoria","The Journal of Sexual Medicine",2015,"www.researchgate.net/publication/271221293_Evidence_for_an_Altered_Sex_Ratio_in_Clinic-Referred_Adolescents_with_Gender_Dysphoria","Data Analysis"
"Christiansen M","Letter of Concern About Ruuska et al. From 4 April 2026","Acta Paediatrica",2026,"onlinelibrary.wiley.com/doi/10.1111/apa.70620","Editorial"
"Vilain E","Global Disorders of Sex Development Update since 2006: Perceptions, Approach and Care","Hormone Research in Paediatrics",2016,"www.karger.com/Article/FullText/442975","Review"
"Kiely E","Critically appraising the Cass Report: Methodological flaws and unsupported claims","BMC Medical Research Methodology",2025,"doi.org/10.1186/s12874-025-02581-7","Review"
"Mavromato M","Endocrine care of transgender and gender-diverse adults: Swiss recommendations","Swiss Medical Weekly",2026,"smw.ch/index.php/smw/article/view/5059","Review"
"Monstrey S J","Standards of care for the health of transgender and gender diverse people, version 8","International Journal of Transgender Health",2022,"www.tandfonline.com/doi/full/10.1080/26895269.2022.2100644","Review"
"CohenKettenis P T","Evidence for an Altered Sex Ratio in Clinic‐Referred Adolescents with Gender Dysphoria","The Journal of Sexual Medicine",2015,"www.researchgate.net/publication/271221293_Evidence_for_an_Altered_Sex_Ratio_in_Clinic-Referred_Adolescents_with_Gender_Dysphoria","Data Analysis"
"Bromseth J","Letter of Concern About Ruuska et al. From 4 April 2026","Acta Paediatrica",2026,"onlinelibrary.wiley.com/doi/10.1111/apa.70620","Editorial"
"Witchel S","Global Disorders of Sex Development Update since 2006: Perceptions, Approach and Care","Hormone Research in Paediatrics",2016,"www.karger.com/Article/FullText/442975","Review"
"Coll S","Critically appraising the Cass Report: Methodological flaws and unsupported claims","BMC Medical Research Methodology",2025,"doi.org/10.1186/s12874-025-02581-7","Review"
"Kliebhan J","Endocrine care of transgender and gender-diverse adults: Swiss recommendations","Swiss Medical Weekly",2026,"smw.ch/index.php/smw/article/view/5059","Review"
"Motmans J","Standards of care for the health of transgender and gender diverse people, version 8","International Journal of Transgender Health",2022,"www.tandfonline.com/doi/full/10.1080/26895269.2022.2100644","Review"
"de Vries A L C","Evidence for an Altered Sex Ratio in Clinic‐Referred Adolescents with Gender Dysphoria","The Journal of Sexual Medicine",2015,"www.researchgate.net/publication/271221293_Evidence_for_an_Altered_Sex_Ratio_in_Clinic-Referred_Adolescents_with_Gender_Dysphoria","Data Analysis"
"Kennedy N","Letter of Concern About Ruuska et al. From 4 April 2026","Acta Paediatrica",2026,"onlinelibrary.wiley.com/doi/10.1111/apa.70620","Editorial"
"White M","Critically appraising the Cass Report: Methodological flaws and unsupported claims","BMC Medical Research Methodology",2025,"doi.org/10.1186/s12874-025-02581-7","Review"
"JacotGuillarmod M","Endocrine care of transgender and gender-diverse adults: Swiss recommendations","Swiss Medical Weekly",2026,"smw.ch/index.php/smw/article/view/5059","Review"
"Nahata L","Standards of care for the health of transgender and gender diverse people, version 8","International Journal of Transgender Health",2022,"www.tandfonline.com/doi/full/10.1080/26895269.2022.2100644","Review"
"Kreukels B P C","Evidence for an Altered Sex Ratio in Clinic‐Referred Adolescents with Gender Dysphoria","The Journal of Sexual Medicine",2015,"www.researchgate.net/publication/271221293_Evidence_for_an_Altered_Sex_Ratio_in_Clinic-Referred_Adolescents_with_Gender_Dysphoria","Data Analysis"
"Keyes O","Letter of Concern About Ruuska et al. From 4 April 2026","Acta Paediatrica",2026,"onlinelibrary.wiley.com/doi/10.1111/apa.70620","Editorial"
"Grijseels D M","Critically appraising the Cass Report: Methodological flaws and unsupported claims","BMC Medical Research Methodology",2025,"doi.org/10.1186/s12874-025-02581-7","Review"
"Itne U","Endocrine care of transgender and gender-diverse adults: Swiss recommendations","Swiss Medical Weekly",2026,"smw.ch/index.php/smw/article/view/5059","Review"
"Nieder T O","Standards of care for the health of transgender and gender diverse people, version 8","International Journal of Transgender Health",2022,"www.tandfonline.com/doi/full/10.1080/26895269.2022.2100644","Review"
"Koi P","Letter of Concern About Ruuska et al. From 4 April 2026","Acta Paediatrica",2026,"onlinelibrary.wiley.com/doi/10.1111/apa.70620","Editorial"
"Ouafik M","Critically appraising the Cass Report: Methodological flaws and unsupported claims","BMC Medical Research Methodology",2025,"doi.org/10.1186/s12874-025-02581-7","Review"
"GobrchtKeller U","Endocrine care of transgender and gender-diverse adults: Swiss recommendations","Swiss Medical Weekly",2026,"smw.ch/index.php/smw/article/view/5059","Review"
"Reisner S L","Standards of care for the health of transgender and gender diverse people, version 8","International Journal of Transgender Health",2022,"www.tandfonline.com/doi/full/10.1080/26895269.2022.2100644","Review"
"Leino U","Letter of Concern About Ruuska et al. From 4 April 2026","Acta Paediatrica",2026,"onlinelibrary.wiley.com/doi/10.1111/apa.70620","Editorial"
"Richards C","Standards of care for the health of transgender and gender diverse people, version 8","International Journal of Transgender Health",2022,"www.tandfonline.com/doi/full/10.1080/26895269.2022.2100644","Review"
"McNamara M","Letter of Concern About Ruuska et al. From 4 April 2026","Acta Paediatrica",2026,"onlinelibrary.wiley.com/doi/10.1111/apa.70620","Editorial"
"Schechter L S","Standards of care for the health of transgender and gender diverse people, version 8","International Journal of Transgender Health",2022,"www.tandfonline.com/doi/full/10.1080/26895269.2022.2100644","Review"
"Rosenthal S M","Letter of Concern About Ruuska et al. From 4 April 2026","Acta Paediatrica",2026,"onlinelibrary.wiley.com/doi/10.1111/apa.70620","Editorial"
"Tangpricha V","Standards of care for the health of transgender and gender diverse people, version 8","International Journal of Transgender Health",2022,"www.tandfonline.com/doi/full/10.1080/26895269.2022.2100644","Review"
"Pullen Sansfaçon A","Letter of Concern About Ruuska et al. From 4 April 2026","Acta Paediatrica",2026,"onlinelibrary.wiley.com/doi/10.1111/apa.70620","Editorial"
"Tishelman A C","Standards of care for the health of transgender and gender diverse people, version 8","International Journal of Transgender Health",2022,"www.tandfonline.com/doi/full/10.1080/26895269.2022.2100644","Review"
"Söderström I","Letter of Concern About Ruuska et al. From 4 April 2026","Acta Paediatrica",2026,"onlinelibrary.wiley.com/doi/10.1111/apa.70620","Editorial"
"Van Trotsenburg M A A","Standards of care for the health of transgender and gender diverse people, version 8","International Journal of Transgender Health",2022,"www.tandfonline.com/doi/full/10.1080/26895269.2022.2100644","Review"
"Tuomenvirta K","Letter of Concern About Ruuska et al. From 4 April 2026","Acta Paediatrica",2026,"onlinelibrary.wiley.com/doi/10.1111/apa.70620","Editorial"
"Winter S","Standards of care for the health of transgender and gender diverse people, version 8","International Journal of Transgender Health",2022,"www.tandfonline.com/doi/full/10.1080/26895269.2022.2100644","Review"
"VahaSavo V","Letter of Concern About Ruuska et al. From 4 April 2026","Acta Paediatrica",2026,"onlinelibrary.wiley.com/doi/10.1111/apa.70620","Editorial"
"Ducheny K","Standards of care for the health of transgender and gender diverse people, version 8","International Journal of Transgender Health",2022,"www.tandfonline.com/doi/full/10.1080/26895269.2022.2100644","Review"
"Valaskivi L","Letter of Concern About Ruuska et al. From 4 April 2026","Acta Paediatrica",2026,"onlinelibrary.wiley.com/doi/10.1111/apa.70620","Editorial"
"Adams N J","Standards of care for the health of transgender and gender diverse people, version 8","International Journal of Transgender Health",2022,"www.tandfonline.com/doi/full/10.1080/26895269.2022.2100644","Review"
"Wolfe I","Letter of Concern About Ruuska et al. From 4 April 2026","Acta Paediatrica",2026,"onlinelibrary.wiley.com/doi/10.1111/apa.70620","Editorial"
"Adrian T M","Standards of care for the health of transgender and gender diverse people, version 8","International Journal of Transgender Health",2022,"www.tandfonline.com/doi/full/10.1080/26895269.2022.2100644","Review"
"Warenius M A S","Letter of Concern About Ruuska et al. From 4 April 2026","Acta Paediatrica",2026,"onlinelibrary.wiley.com/doi/10.1111/apa.70620","Editorial"
"Allen L R","Standards of care for the health of transgender and gender diverse people, version 8","International Journal of Transgender Health",2022,"www.tandfonline.com/doi/full/10.1080/26895269.2022.2100644","Review"
"Verlooy R","Letter of Concern About Ruuska et al. From 4 April 2026","Acta Paediatrica",2026,"onlinelibrary.wiley.com/doi/10.1111/apa.70620","Editorial"
"Azul D","Standards of care for the health of transgender and gender diverse people, version 8","International Journal of Transgender Health",2022,"www.tandfonline.com/doi/full/10.1080/26895269.2022.2100644","Review"
"Venalainen S","Letter of Concern About Ruuska et al. From 4 April 2026","Acta Paediatrica",2026,"onlinelibrary.wiley.com/doi/10.1111/apa.70620","Editorial"
"Bagga H","Standards of care for the health of transgender and gender diverse people, version 8","International Journal of Transgender Health",2022,"www.tandfonline.com/doi/full/10.1080/26895269.2022.2100644","Review"
"Vandendriessche C","Letter of Concern About Ruuska et al. From 4 April 2026","Acta Paediatrica",2026,"onlinelibrary.wiley.com/doi/10.1111/apa.70620","Editorial"
"Basar K","Standards of care for the health of transgender and gender diverse people, version 8","International Journal of Transgender Health",2022,"www.tandfonline.com/doi/full/10.1080/26895269.2022.2100644","Review"
"Allen L R","Letter of Concern About Ruuska et al. From 4 April 2026","Acta Paediatrica",2026,"onlinelibrary.wiley.com/doi/10.1111/apa.70620","Editorial"
"Bathory D S","Standards of care for the health of transgender and gender diverse people, version 8","International Journal of Transgender Health",2022,"www.tandfonline.com/doi/full/10.1080/26895269.2022.2100644","Review"
"Bjerkeli E T","Letter of Concern About Ruuska et al. From 4 April 2026","Acta Paediatrica",2026,"onlinelibrary.wiley.com/doi/10.1111/apa.70620","Editorial"
"Belinky J J","Standards of care for the health of transgender and gender diverse people, version 8","International Journal of Transgender Health",2022,"www.tandfonline.com/doi/full/10.1080/26895269.2022.2100644","Review"
"Brevik I","Letter of Concern About Ruuska et al. From 4 April 2026","Acta Paediatrica",2026,"onlinelibrary.wiley.com/doi/10.1111/apa.70620","Editorial"
"Berg D R","Standards of care for the health of transgender and gender diverse people, version 8","International Journal of Transgender Health",2022,"www.tandfonline.com/doi/full/10.1080/26895269.2022.2100644","Review"
"Dokken M","Letter of Concern About Ruuska et al. From 4 April 2026","Acta Paediatrica",2026,"onlinelibrary.wiley.com/doi/10.1111/apa.70620","Editorial"
"Berli J U","Standards of care for the health of transgender and gender diverse people, version 8","International Journal of Transgender Health",2022,"www.tandfonline.com/doi/full/10.1080/26895269.2022.2100644","Review"
"Jektvik A","Letter of Concern About Ruuska et al. From 4 April 2026","Acta Paediatrica",2026,"onlinelibrary.wiley.com/doi/10.1111/apa.70620","Editorial"
"BluebondLangner R O","Standards of care for the health of transgender and gender diverse people, version 8","International Journal of Transgender Health",2022,"www.tandfonline.com/doi/full/10.1080/26895269.2022.2100644","Review"
"Lelievre F","Letter of Concern About Ruuska et al. From 4 April 2026","Acta Paediatrica",2026,"onlinelibrary.wiley.com/doi/10.1111/apa.70620","Editorial"
"Bouman M B","Standards of care for the health of transgender and gender diverse people, version 8","International Journal of Transgender Health",2022,"www.tandfonline.com/doi/full/10.1080/26895269.2022.2100644","Review"
"Adom S","Letter of Concern About Ruuska et al. From 4 April 2026","Acta Paediatrica",2026,"onlinelibrary.wiley.com/doi/10.1111/apa.70620","Editorial"
"Bowers M L","Standards of care for the health of transgender and gender diverse people, version 8","International Journal of Transgender Health",2022,"www.tandfonline.com/doi/full/10.1080/26895269.2022.2100644","Review"
"Frydenlund S W","Letter of Concern About Ruuska et al. From 4 April 2026","Acta Paediatrica",2026,"onlinelibrary.wiley.com/doi/10.1111/apa.70620","Editorial"
"Brassard P J","Standards of care for the health of transgender and gender diverse people, version 8","International Journal of Transgender Health",2022,"www.tandfonline.com/doi/full/10.1080/26895269.2022.2100644","Review"
"vonKnorring T","Letter of Concern About Ruuska et al. From 4 April 2026","Acta Paediatrica",2026,"onlinelibrary.wiley.com/doi/10.1111/apa.70620","Editorial"
"Byrne J","Standards of care for the health of transgender and gender diverse people, version 8","International Journal of Transgender Health",2022,"www.tandfonline.com/doi/full/10.1080/26895269.2022.2100644","Review"
"Lund J L","Letter of Concern About Ruuska et al. From 4 April 2026","Acta Paediatrica",2026,"onlinelibrary.wiley.com/doi/10.1111/apa.70620","Editorial"
"Capitan L","Standards of care for the health of transgender and gender diverse people, version 8","International Journal of Transgender Health",2022,"www.tandfonline.com/doi/full/10.1080/26895269.2022.2100644","Review"
"Prevelle A P","Letter of Concern About Ruuska et al. From 4 April 2026","Acta Paediatrica",2026,"onlinelibrary.wiley.com/doi/10.1111/apa.70620","Editorial"
"Cargill C J","Standards of care for the health of transgender and gender diverse people, version 8","International Journal of Transgender Health",2022,"www.tandfonline.com/doi/full/10.1080/26895269.2022.2100644","Review"
"Saarinen M","Letter of Concern About Ruuska et al. From 4 April 2026","Acta Paediatrica",2026,"onlinelibrary.wiley.com/doi/10.1111/apa.70620","Editorial"
"Carswel J M","Standards of care for the health of transgender and gender diverse people, version 8","International Journal of Transgender Health",2022,"www.tandfonline.com/doi/full/10.1080/26895269.2022.2100644","Review"
"Tarjamo K","Letter of Concern About Ruuska et al. From 4 April 2026","Acta Paediatrica",2026,"onlinelibrary.wiley.com/doi/10.1111/apa.70620","Editorial"
"Chang S C","Standards of care for the health of transgender and gender diverse people, version 8","International Journal of Transgender Health",2022,"www.tandfonline.com/doi/full/10.1080/26895269.2022.2100644","Review"
"Hartmann A","Letter of Concern About Ruuska et al. From 4 April 2026","Acta Paediatrica",2026,"onlinelibrary.wiley.com/doi/10.1111/apa.70620","Editorial"
"Chelvakumar G","Standards of care for the health of transgender and gender diverse people, version 8","International Journal of Transgender Health",2022,"www.tandfonline.com/doi/full/10.1080/26895269.2022.2100644","Review"
"Lorentzen F","Letter of Concern About Ruuska et al. From 4 April 2026","Acta Paediatrica",2026,"onlinelibrary.wiley.com/doi/10.1111/apa.70620","Editorial"
"Corneil T","Standards of care for the health of transgender and gender diverse people, version 8","International Journal of Transgender Health",2022,"www.tandfonline.com/doi/full/10.1080/26895269.2022.2100644","Review"
"Dalke K B","Standards of care for the health of transgender and gender diverse people, version 8","International Journal of Transgender Health",2022,"www.tandfonline.com/doi/full/10.1080/26895269.2022.2100644","Review"
"DeCuypere G","Standards of care for the health of transgender and gender diverse people, version 8","International Journal of Transgender Health",2022,"www.tandfonline.com/doi/full/10.1080/26895269.2022.2100644","Review"
"EdwardsLeeper L","Standards of care for the health of transgender and gender diverse people, version 8","International Journal of Transgender Health",2022,"www.tandfonline.com/doi/full/10.1080/26895269.2022.2100644","Review"
"Edmiston E K","Standards of care for the health of transgender and gender diverse people, version 8","International Journal of Transgender Health",2022,"www.tandfonline.com/doi/full/10.1080/26895269.2022.2100644","Review"
"Dmarco A","Standards of care for the health of transgender and gender diverse people, version 8","International Journal of Transgender Health",2022,"www.tandfonline.com/doi/full/10.1080/26895269.2022.2100644","Review"
"Dhejne C","Standards of care for the health of transgender and gender diverse people, version 8","International Journal of Transgender Health",2022,"www.tandfonline.com/doi/full/10.1080/26895269.2022.2100644","Review"
"Devor A H","Standards of care for the health of transgender and gender diverse people, version 8","International Journal of Transgender Health",2022,"www.tandfonline.com/doi/full/10.1080/26895269.2022.2100644","Review"
"den Heijer M","Standards of care for the health of transgender and gender diverse people, version 8","International Journal of Transgender Health",2022,"www.tandfonline.com/doi/full/10.1080/26895269.2022.2100644","Review"
"de Vries E","Standards of care for the health of transgender and gender diverse people, version 8","International Journal of Transgender Health",2022,"www.tandfonline.com/doi/full/10.1080/26895269.2022.2100644","Review"
"Ehrbar R","Standards of care for the health of transgender and gender diverse people, version 8","International Journal of Transgender Health",2022,"www.tandfonline.com/doi/full/10.1080/26895269.2022.2100644","Review"
"Ehrensaft D","Standards of care for the health of transgender and gender diverse people, version 8","International Journal of Transgender Health",2022,"www.tandfonline.com/doi/full/10.1080/26895269.2022.2100644","Review"
"Eisfeld J","Standards of care for the health of transgender and gender diverse people, version 8","International Journal of Transgender Health",2022,"www.tandfonline.com/doi/full/10.1080/26895269.2022.2100644","Review"
"Elaut E","Standards of care for the health of transgender and gender diverse people, version 8","International Journal of Transgender Health",2022,"www.tandfonline.com/doi/full/10.1080/26895269.2022.2100644","Review"
"EricksonSchroth L","Standards of care for the health of transgender and gender diverse people, version 8","International Journal of Transgender Health",2022,"www.tandfonline.com/doi/full/10.1080/26895269.2022.2100644","Review"
"Feldman J L","Standards of care for the health of transgender and gender diverse people, version 8","International Journal of Transgender Health",2022,"www.tandfonline.com/doi/full/10.1080/26895269.2022.2100644","Review"
"Fisher A D","Standards of care for the health of transgender and gender diverse people, version 8","International Journal of Transgender Health",2022,"www.tandfonline.com/doi/full/10.1080/26895269.2022.2100644","Review"
"Garcia M M","Standards of care for the health of transgender and gender diverse people, version 8","International Journal of Transgender Health",2022,"www.tandfonline.com/doi/full/10.1080/26895269.2022.2100644","Review"
"Klink D T","Standards of care for the health of transgender and gender diverse people, version 8","International Journal of Transgender Health",2022,"www.tandfonline.com/doi/full/10.1080/26895269.2022.2100644","Review"
"Johnson K","Standards of care for the health of transgender and gender diverse people, version 8","International Journal of Transgender Health",2022,"www.tandfonline.com/doi/full/10.1080/26895269.2022.2100644","Review"
"Janssen A C","Standards of care for the health of transgender and gender diverse people, version 8","International Journal of Transgender Health",2022,"www.tandfonline.com/doi/full/10.1080/26895269.2022.2100644","Review"
"Jacobs L A","Standards of care for the health of transgender and gender diverse people, version 8","International Journal of Transgender Health",2022,"www.tandfonline.com/doi/full/10.1080/26895269.2022.2100644","Review"
"Irwig M S","Standards of care for the health of transgender and gender diverse people, version 8","International Journal of Transgender Health",2022,"www.tandfonline.com/doi/full/10.1080/26895269.2022.2100644","Review"
"Hardy T L D","Standards of care for the health of transgender and gender diverse people, version 8","International Journal of Transgender Health",2022,"www.tandfonline.com/doi/full/10.1080/26895269.2022.2100644","Review"
"Hall B P","Standards of care for the health of transgender and gender diverse people, version 8","International Journal of Transgender Health",2022,"www.tandfonline.com/doi/full/10.1080/26895269.2022.2100644","Review"
"Green S E","Standards of care for the health of transgender and gender diverse people, version 8","International Journal of Transgender Health",2022,"www.tandfonline.com/doi/full/10.1080/26895269.2022.2100644","Review"
"Gijs L","Standards of care for the health of transgender and gender diverse people, version 8","International Journal of Transgender Health",2022,"www.tandfonline.com/doi/full/10.1080/26895269.2022.2100644","Review"
"Kreukels B P C","Standards of care for the health of transgender and gender diverse people, version 8","International Journal of Transgender Health",2022,"www.tandfonline.com/doi/full/10.1080/26895269.2022.2100644","Review"
"Kuler L E","Standards of care for the health of transgender and gender diverse people, version 8","International Journal of Transgender Health",2022,"www.tandfonline.com/doi/full/10.1080/26895269.2022.2100644","Review"
"Kvach E J","Standards of care for the health of transgender and gender diverse people, version 8","International Journal of Transgender Health",2022,"www.tandfonline.com/doi/full/10.1080/26895269.2022.2100644","Review"
"Malouf M A","Standards of care for the health of transgender and gender diverse people, version 8","International Journal of Transgender Health",2022,"www.tandfonline.com/doi/full/10.1080/26895269.2022.2100644","Review"
"Massey R","Standards of care for the health of transgender and gender diverse people, version 8","International Journal of Transgender Health",2022,"www.tandfonline.com/doi/full/10.1080/26895269.2022.2100644","Review"
"Mazur T","Standards of care for the health of transgender and gender diverse people, version 8","International Journal of Transgender Health",2022,"www.tandfonline.com/doi/full/10.1080/26895269.2022.2100644","Review"
"McLachlan C","Standards of care for the health of transgender and gender diverse people, version 8","International Journal of Transgender Health",2022,"www.tandfonline.com/doi/full/10.1080/26895269.2022.2100644","Review"
"Pagkalos G","Standards of care for the health of transgender and gender diverse people, version 8","International Journal of Transgender Health",2022,"www.tandfonline.com/doi/full/10.1080/26895269.2022.2100644","Review"
"ObedinMaliver J","Standards of care for the health of transgender and gender diverse people, version 8","International Journal of Transgender Health",2022,"www.tandfonline.com/doi/full/10.1080/26895269.2022.2100644","Review"
"Oates J M","Standards of care for the health of transgender and gender diverse people, version 8","International Journal of Transgender Health",2022,"www.tandfonline.com/doi/full/10.1080/26895269.2022.2100644","Review"
"Nygren U","Standards of care for the health of transgender and gender diverse people, version 8","International Journal of Transgender Health",2022,"www.tandfonline.com/doi/full/10.1080/26895269.2022.2100644","Review"
"Neira P M","Standards of care for the health of transgender and gender diverse people, version 8","International Journal of Transgender Health",2022,"www.tandfonline.com/doi/full/10.1080/26895269.2022.2100644","Review"
"Mosser S W","Standards of care for the health of transgender and gender diverse people, version 8","International Journal of Transgender Health",2022,"www.tandfonline.com/doi/full/10.1080/26895269.2022.2100644","Review"
"Morrison S D","Standards of care for the health of transgender and gender diverse people, version 8","International Journal of Transgender Health",2022,"www.tandfonline.com/doi/full/10.1080/26895269.2022.2100644","Review"
"Patton J","Standards of care for the health of transgender and gender diverse people, version 8","International Journal of Transgender Health",2022,"www.tandfonline.com/doi/full/10.1080/26895269.2022.2100644","Review"
"Phanuphak N","Standards of care for the health of transgender and gender diverse people, version 8","International Journal of Transgender Health",2022,"www.tandfonline.com/doi/full/10.1080/26895269.2022.2100644","Review"
"Rachlin K","Standards of care for the health of transgender and gender diverse people, version 8","International Journal of Transgender Health",2022,"www.tandfonline.com/doi/full/10.1080/26895269.2022.2100644","Review"
"Reed T","Standards of care for the health of transgender and gender diverse people, version 8","International Journal of Transgender Health",2022,"www.tandfonline.com/doi/full/10.1080/26895269.2022.2100644","Review"
"Rider G N","Standards of care for the health of transgender and gender diverse people, version 8","International Journal of Transgender Health",2022,"www.tandfonline.com/doi/full/10.1080/26895269.2022.2100644","Review"
"Ristori J","Standards of care for the health of transgender and gender diverse people, version 8","International Journal of Transgender Health",2022,"www.tandfonline.com/doi/full/10.1080/26895269.2022.2100644","Review"
"RobbinsCherry S","Standards of care for the health of transgender and gender diverse people, version 8","International Journal of Transgender Health",2022,"www.tandfonline.com/doi/full/10.1080/26895269.2022.2100644","Review"
"Roberts S A","Standards of care for the health of transgender and gender diverse people, version 8","International Journal of Transgender Health",2022,"www.tandfonline.com/doi/full/10.1080/26895269.2022.2100644","Review"
"RodriguezWallberg K A","Standards of care for the health of transgender and gender diverse people, version 8","International Journal of Transgender Health",2022,"www.tandfonline.com/doi/full/10.1080/26895269.2022.2100644","Review"
"Rosenthal S M","Standards of care for the health of transgender and gender diverse people, version 8","International Journal of Transgender Health",2022,"www.tandfonline.com/doi/full/10.1080/26895269.2022.2100644","Review"
"Sabir K","Standards of care for the health of transgender and gender diverse people, version 8","International Journal of Transgender Health",2022,"www.tandfonline.com/doi/full/10.1080/26895269.2022.2100644","Review"
"Safer J D","Standards of care for the health of transgender and gender diverse people, version 8","International Journal of Transgender Health",2022,"www.tandfonline.com/doi/full/10.1080/26895269.2022.2100644","Review"
"Scheim A I","Standards of care for the health of transgender and gender diverse people, version 8","International Journal of Transgender Health",2022,"www.tandfonline.com/doi/full/10.1080/26895269.2022.2100644","Review"
"Seal L J","Standards of care for the health of transgender and gender diverse people, version 8","International Journal of Transgender Health",2022,"www.tandfonline.com/doi/full/10.1080/26895269.2022.2100644","Review"
"Sehoole T J","Standards of care for the health of transgender and gender diverse people, version 8","International Journal of Transgender Health",2022,"www.tandfonline.com/doi/full/10.1080/26895269.2022.2100644","Review"
"Vala L N","Standards of care for the health of transgender and gender diverse people, version 8","International Journal of Transgender Health",2022,"www.tandfonline.com/doi/full/10.1080/26895269.2022.2100644","Review"
"TSjoen G G","Standards of care for the health of transgender and gender diverse people, version 8","International Journal of Transgender Health",2022,"www.tandfonline.com/doi/full/10.1080/26895269.2022.2100644","Review"
"Tilleman K","Standards of care for the health of transgender and gender diverse people, version 8","International Journal of Transgender Health",2022,"www.tandfonline.com/doi/full/10.1080/26895269.2022.2100644","Review"
"Taylor G B","Standards of care for the health of transgender and gender diverse people, version 8","International Journal of Transgender Health",2022,"www.tandfonline.com/doi/full/10.1080/26895269.2022.2100644","Review"
"Strang J F","Standards of care for the health of transgender and gender diverse people, version 8","International Journal of Transgender Health",2022,"www.tandfonline.com/doi/full/10.1080/26895269.2022.2100644","Review"
"Steensma T D","Standards of care for the health of transgender and gender diverse people, version 8","International Journal of Transgender Health",2022,"www.tandfonline.com/doi/full/10.1080/26895269.2022.2100644","Review"
"StArmand C","Standards of care for the health of transgender and gender diverse people, version 8","International Journal of Transgender Health",2022,"www.tandfonline.com/doi/full/10.1080/26895269.2022.2100644","Review"
"Spencer K","Standards of care for the health of transgender and gender diverse people, version 8","International Journal of Transgender Health",2022,"www.tandfonline.com/doi/full/10.1080/26895269.2022.2100644","Review"
"Van Mello N M","Standards of care for the health of transgender and gender diverse people, version 8","International Journal of Transgender Health",2022,"www.tandfonline.com/doi/full/10.1080/26895269.2022.2100644","Review"
"Veale J F","Standards of care for the health of transgender and gender diverse people, version 8","International Journal of Transgender Health",2022,"www.tandfonline.com/doi/full/10.1080/26895269.2022.2100644","Review"
"Vencill J A","Standards of care for the health of transgender and gender diverse people, version 8","International Journal of Transgender Health",2022,"www.tandfonline.com/doi/full/10.1080/26895269.2022.2100644","Review"
"Vincent B","Standards of care for the health of transgender and gender diverse people, version 8","International Journal of Transgender Health",2022,"www.tandfonline.com/doi/full/10.1080/26895269.2022.2100644","Review"
"Wesp L M","Standards of care for the health of transgender and gender diverse people, version 8","International Journal of Transgender Health",2022,"www.tandfonline.com/doi/full/10.1080/26895269.2022.2100644","Review"
"West M A","Standards of care for the health of transgender and gender diverse people, version 8","International Journal of Transgender Health",2022,"www.tandfonline.com/doi/full/10.1080/26895269.2022.2100644","Review"
