title,journal,authors,abstract,doi_link,year,funder,type
The Cass Review and Gender-Related Care for Young People in Canada: A Commentary on the Canadian Paediatric Society Position Statement on Transgender and Gender-Diverse Youth,Archives of Sexual Behavior,"Kulatunga Moruzi, C., Sim, P., Mitchell, I., Palmer, D., Joffe, A. R.","The Canadian Paediatric Society Position Statement (CPS-PS), “An affirming approach to caring for transgender and gender-diverse youth,” (Vandermorris & Metzger, 2023) requires reconsideration. The CPS-PS describes gender identity as a “critical facet of a young person’s sense of self” (p. 439) that emerges in early childhood and evolves over time. Although it states that gender identity evolves, it makes no mention of the desistance and detransition literature or of the mental health comorbidities that may impact gender identity. The absence of any such discussion implies that gender identity development is linear and stable, reinforcing a model in which transition is understood to be a natural trajectory for youth with gender incongruity. The CPS-PS, therefore, directs pediatricians to center the “adolescent’s expertise in their own life experience” (p. 440) and proposes that doctors affirm a patient’s self-described gender identity and provide access to medical transition. The stated clinical role of the doctor is presumably not to engage in the etiology of gender distress to determine if transition is appropriate, but to facilitate the process by “support[ing] the adolescent in identifying and moving along the trajectory that best aligns with their individual goals” (p. 440).
This approach raises questions about clinical neutrality, diagnostic rigor, and safeguarding of informed decision-making. The endorsement of the treatments outlined in the CPS-PS implies that the benefits of gender-affirming treatments in children and adolescents are known, that they clearly outweigh the risks, and that young people are able to weigh such explicitly described risks and benefits in order to give informed consent. Here, we outline pertinent information Canadian physicians need to know about puberty blockers (PBs) and gender-affirming hormone therapy (GAHT) that are not covered in the CPS-PS. We also discuss critical information that should inform the care of gender-distressed young people, including the rapid rise of gender dysphoria over the last decade, the clinical presentation of these young people, and the literature on identity development, desistance, and detransitioners.
          SEGM Summary In this peer-reviewed publication Chan Kulatunga Moruzi and colleagues raise substantial concerns about the 2023 Canadian Paediatric Society Position Statement (CPS-PS), “An affirming approach to caring for transgender and gender-diverse youth.” The authors note that the CPS-PS promotes an affirmative approach rooted in a rights-based perspective, as opposed to an evidence-based approach that emphasizes patient safety and long-term health, exemplified by the Cass Review. In methodical detail, the authors outline the CPS–PS’s numerous shortcomings, including the following:  Unreliable guidelines. Dependence on unreliable clinical guidelines (WPATH SOC-8, Endocrine Society, AAP), identified by the Cass Review/York systematic reviews as lacking rigor, transparency, evidence-based grounding, and compromised by circular referencing.   Gender identity misrepresented. Presents gender identity as stable, ignoring literature on desistance and detransition and overlooking how gender-related distress may reflect underlying mental health or neurodevelopmental conditions. This promotes transition as the natural treatment trajectory, rather than encouraging open-ended exploration.   Demographic changes ignored. Does not address the recent dramatic rise in gender-distressed adolescents, especially girls with high rates of mental health and neurodevelopmental comorbidities. This ignores important epidemiologic shifts requiring deeper investigation beyond increased societal acceptance.   Neglect of regret and detransition. Fails to properly discuss increasing evidence of regret and detransition, ignoring accounts of inadequate assessment, diagnostic overshadowing (overlooking comorbidities by attributing presenting problems to gender distress), and insufficient follow-up, thus missing key insights for clinical improvement.   Misleading risk-benefit analysis.Exaggerates benefits and understates risks of puberty blockers and hormone therapy. Systematic reviews report very low-certainty evidence for psychological benefit and emerging evidence of serious medical harms. By ignoring this evidence, they are distorting the overall picture.   Simplistic approach to informed consent. Overlooks complexities in adolescent informed consent for medical transition. These include developmental limitations in appreciating lifelong health impacts and ethical concerns around progression from puberty blockers to hormones amidst significant evidentiary uncertainty.  They conclude that the CPS-PS is out of step with major international developments in the field, wherein there is a move toward an evidence-based approach prioritizing non-maleficence and beneficence. This approach has resulted in a shift in numerous countries away from the affirmative treatment model toward neutral and supportive psychological care. Five members of the CPS, including the two authors of the CPS-PS, issued a response on behalf of the Adolescent Health Committee. Their brief statement did not engage with the substantive concerns raised by Kulatunga Moruzi and colleagues. Instead, it reiterated their view that the CPS-PS reflects a careful review of a developing evidence base and is not intended to function as a clinical practice guideline. SEGM comment: By clearly contrasting a rights-based approach that emphasizes autonomy and self-determined goals with an evidence-based framework built on systematic assessment of benefits and harms, this article highlights critical vulnerabilities of the CPS-PS and similar guidelines. Genuine ethical care for gender-distressed youth requires balancing respect for autonomy with rigorous evidence appraisal and caution where certainty is low.
      
",doi.org/10.1007/s10508-025-03335-8,2025,SEGM,anti-trans organization
Observations of the effect of gonadotropin-releasing hormone analog treatment on psychosocial well-being in transgender youth and their caregivers – a pilot study,Journal of Pediatric Endocrinology and Metabolism,"Gohil, A., Donahue, K., Eugster, E. A.","Objectives
We investigated indices of mental health in transgender youth and their primary caregiver during 12 months of GnRHa therapy.
Methods
Psychological measures were completed at baseline, 6 months, and 12 months by patients and caregivers using validated questionnaires from the Patient Reported Outcomes Measurement Information System and National Institutes of Health Toolbox. One-way repeated-measures ANOVAs were performed to evaluate differences in psychological measures across time. One-sample t-tests compared the sample mean of each measure to the population mean at each time point.
Results
Of 28 patients enrolled, 16 were treated with a GnRHa alone for 12 months. No significant main effect of time on any measure of psychological functioning in patients or caregivers was found (all ps>0.05). Compared to the general population, transgender youth reported higher levels of psychological stress and lower levels of life satisfaction at all time points, and higher levels of depression and anger at later time points, while caregivers perceived decreased well-being in their child on all measures at all time points. Caregivers reported higher levels of self-reported anxiety at all time points and higher levels of self-reported depression at baseline.
Conclusions
Transgender youth and their caregivers in the early stages of medical transition experience more challenges related to psychological well-being compared to the general population. However, all measures of psychological well-being remained stable throughout the study.
          SEGM Summary This study, from the departments of adolescent medicine and pediatric endocrinology at the Riley Hospital for Children in Indianapolis, examines indices of mental health in GD youth after initiation of PB, following them for 12 months. It also assesses mental health measures of the primary caregivers. Eligible youth had to have reached Tanner stage 2 of puberty, with no prior history of PB use, and no plan to initiate cross-sex hormones (CSH) within 12 months of starting PB. Of the 28 patients initially considered eligible, only 16 remained eligible at the 12-month mark, due to unexpected early progression to CSH or dropout. In the final sample (n=16), the youth and their caregivers were overwhelmingly female (75%) and the mean age to start PB was 12 years. The young patients and their caregivers completed validated questionnaires from the Patient Reported Outcomes Measurement Information System and the National Institutes of Health Toolbox at baseline, 6 months, and 12 months. Patients completed self-report measures of anger, anxiety, depressive symptoms, psychological stress experiences, and life satisfaction. Caregivers completed proxy-report measures of their child’s anxiety, depressive symptoms, and life satisfaction, as well as self-report measures of their own anxiety, depression, and perceived stress. In the study abstract, the conclusion states that youth with gender dysphoria ""experience more challenges related to psychological well-being compared to the general population"" but emphasizes that ""psychological well-being remained stable throughout the study."" We see several important aspects of the study that are not captured by these conclusions. We discuss them below:  Youth's self-reported mental health remained within average range throughout the study. The data indicate that most mean T-scores fell within the average/ ‘normal limits’ range for the general population according to patients’ self-reports.   Mental health did not improve. Based on self reports, gender-dysphoric youth began the study with slightly worse functioning on measures of psychological stress and life satisfaction compared to the general population. After 12 months on PB, these measures showed no improvement, and two additional indicators—anger and depression—worsened relative to the general population.   Parents rated the youths' mental health worse than the youth themselves. Almost all the parental assessments of children's anxiety, depression, and life satisfaction were considerably worse than the children's self-assessment. The parents in the study themselves had worse anxiety levels than the general population at all time points and higher levels of depression at baseline.   High rates of use of psychiatric medications in PB youth. At baseline, 44% of the final participant sample were prescribed psychiatric medications, most commonly SSRIs. This proportion is considerably higher than rates observed in the general population; the CDC reported that in 2019, only 10.9% of 12- to 17-year-olds had taken mental health medications within the previous 12 months.  The study of 16 cases is too small to draw any reliable conclusions and should not be over-interpreted. However, since it's described as a ""pilot"" study—which suggests that it may give rise to future studies—it's worth noting some key limitations at this stage, so they can be avoided in the future. They include:  Significant loss of study participants. Within 12 months, 43% (12/28) no longer met inclusion criteria—6 initiated cross-sex hormones and 5 were lost to follow-up—despite the researchers selecting participants expected to remain on PB without starting CSH. This substantial loss jeopardizes validity, as dropouts and early CSH initiators may differ psychologically from those who completed PB mono-therapy.   GD levels were not assessed. Despite the fact that a primary goal of gender-affirming interventions is the amelioration of GD, the study did not attempt to measure GD at any point. Body satisfaction was also not assessed.   Psychiatric medication use and psychotherapy represent an uncontrolled confounder. Despite the high rate of psychiatric medication use reported as baseline, the authors provide no data on psychiatric medication use at the 6- or 12-month follow-up assessments. They also omit details regarding psychotherapy use, making psychiatric medication and psychological treatment unmeasured confounders in this study.  SEGM comment: Gohil et al.’s framing of unchanged mental health as “no change,” and their selective citation of studies claiming benefits of PB (e.g., the flawed Kuper et al., 2020; and Tordoff et al., 2022) while omitting systematic reviews finding no credible benefits, mirrors the “spin” seen in other clinic-origin studies struggling to account for null results (e.g., Olson-Kennedy et al., 2025; and Carmichael et al., 2021). At the same time, there appears to be growing acknowledgment that PBs may not be a neutral intervention and that decreases in sex-steroid concentrations resulting from initiation of PB later in puberty may have negative effects. The study adds to the growing body of evidence that PB are not an effective mental health treatment for GD youth.
      
",www.degruyterbrill.com/document/doi/10.1515/jpem-2025-0108/html,2025,NIH,state-sponsored research institute
"“Providers had no idea what to do with me”: A mixed-methods analysis of detransition/retransition support, care, and information needs among sexual and gender minority individuals",International Journal of Transgender Health,"Rackliff, K., Expósito-Campos, P., Gould, W. A., Kinitz, D. J., Rosen, M., Rudd, S., Lam, J. S. H., Pullen Sansfaçon, A., MacKinnon, K. R.","Background: Detransition refers to stopping, shifting, or reversal of an initial gender transition. Some people detransition temporarily, and later re-start a transition process, or retransition. Despite calls for research and care surrounding detransition/retransition, these experiences remain poorly understood by care providers and LGBTQ2S+ community-serving organizations.
Methods: Between December 2023-April 2024, a cross-sectional survey was administered to 957 individuals (aged 16 and older) living in the US or Canada who self-identified with experiences of detransition. Participants were recruited via advertisements across eight major social media platforms, direct emails sent to ~1200 former research participants, and to >615 LGBTQ2S+ organizations and gender-affirming care providers. Mixed qualitative and quantitative data were collected and analyzed regarding participants’ experiences and care needs during detransition and, if relevant, retransition. Data about care experiences and needs were analyzed descriptively using frequencies and percentages. Interpretive description was utilized to analyze qualitative responses.
Results: Participants reported a wide range of current gender identities/expressions such as: woman (n = 386; 40.3%); gender nonconforming woman (n = 241; 25.2%); nonbinary (n = 238; 24.9%); and/or detrans woman; (n = 152; 22.5%). A majority of the sample were sexual minorities. A majority reported being bisexual (n = 429; 44.8%), queer (n = 277; 28.9%), and/or lesbian (n = 254; 26.5%). Qualitative analysis identified three key themes: (1) accessing detransition-related care needs within the gender-affirming care system; (2) detransition-related social/legal needs to navigate a second transition; and (3) detransition preventative and retransition needs. Each of these themes encompassed four subthemes, including access to detrans-knowledgeable care providers (n = 162; 28.8%); medical information (n = 62; 11.0%); mental healthcare and supports (n = 92; 16.3%); interpersonal supports (n = 124; 22.0%); and community supports (n = 163; 29.0%).
Conclusion: Greater understanding and community-led care relating to detransition/ retransition from an LGBTQ2S+-affirming lens can help to mitigate minority stressors and distress associated with these experiences.
          SEGM Summary This study reports the results of a cross-sectional U.S. and Canadian survey that evaluated the care experiences of individuals who underwent an initial gender transition but later detransitioned. ""Detransition"" was broadly defined as having ever stopped, shifted, paused, or reversed an initial gender transition, or having desired detransition but feeling unable to do so. The ""initial gender transition"" did not require medical interventions, and could be limited to social or legal transition only. Individuals who ""retransitioned"" (i.e., resumed gender transition) after a period of detransition were also eligible to participate. This study is part of the broader DARE (Detransition Analysis, Representation, and Exploration) initiative described as led by LGBTQ+ researchers. The authors claim that the hallmark of the study is its recruitment strategy, which aimed to attract not only individuals who detransitioned due to an internal identity shift, but also those who felt forced to detransition, still identified as transgender, and/or resumed their transitions. The DARE sample was comprised of 957 participants age 16+, at least 75% of whom came from social media recruitment. The sample (as described in this paper and in MacKinnon et al. (2025)) had the following composition:  Age: The median age was 24. The single largest group was 18–24 years old (43%), followed by 25–29-year-olds (25%); fewer than 2% were age 50+.   Sex: 79% were female.   Detransition identification: 41% considered themselves as “detransitioned.” About the same number, 4 in 10 (40%) chose not to describe themselves as “detransitioned.” Approximately 2 in 10 (10-18%) were unsure. About 4 in 10 (42%) said they retransitioned following detransition.   Current gender identity: 20% identified as “cisgender”, 43% identified as transgender, and 33% as nonbinary.   Sexual orientation: More than half (57%) reported a sexual minority identity. Reported sexual orientations included bisexual (45%), queer (29%), lesbian/homosexual (27%), and gay/homosexual (10%). It is unclear whether participants reported their sexual orientation relative to sex or gender identity.   Sexual orientation/identity change: Specific to sexual orientation and gender identities, participants reported an average of 4.2 gender identities/expression labels across their lifespan.  The Rackliff et al. study is the second publication from the DARE project, reporting on the 957 participants' responses to a set of quantitative questions, and a subsample of 563 respondents' answers the the open ended question: ""Were there any supports you wish you could have had during your detransition?"" The key findings are presented below:  Social strain related to detransition: Loneliness, rejection, and isolation from previous ""LGBTQ2S+"" connections were “notable” among individuals who have experienced detransition. Some also reported losing family support after detransition. Of the 563 participants who answered the qualitative question, nearly 30% reported needs around more community support, and 22% reported more need for interpersonal support (see study Table 4).   Lack of technically competent healthcare: More than 4 in 10 participants (43%) reported that providers “never” appeared knowledgeable when discussing detransition (see study Table 3). A lack of medical information (11%), especially regarding protocols for discontinuing hormones, was mentioned as a key gap. There were also unmet needs related to detransition procedures (5.5%) including surgical reconstruction, and a lack of appropriate mental healthcare and support (16%) (see Table 4).   Lack of culturally competent healthcare: While some felt comfortable in ""gender-affirming"" settings, others described negative experiences, such as feeling judged, shamed, and pressured to retransition.   Care avoidance behaviors: During detransition, nearly 6 in 10 avoided healthcare providers when they needed care (13% “always” avoided and 45% ""sometimes” avoided healthcare providers, see study Table 3).   Significance of involuntary detransition: More than 4 in 10 (42%) of DARE participants retransitioned following detransition. The authors report that “many” participants said they would not have detransitioned if affirming support had been present during their initial transition, and predict that the rate of involuntary detransitions will likely increase.  The study’s strengths include recency of sample recruitment, a rigorous strategy used to remove malicious responses, and a large sample size with diverse representation of detransition experiences. Paradoxically, a key limitation of this study arises from it’s effort to capture diverse detransition experiences. By combining two markedly different populations—primary/core detransitioners, whose detransition was motivated by an internal cessation in transgender identity, and individuals whose detransition was driven by external factors—the research might have obscured important distinctions between these groups. As a result, the reported needs and experiences might not accurately reflect either population.  There are also a number of other limitations:  Question framing bias: The qualitative findings, which constitute the bulk of the paper, are based on responses to a negatively framed question: “Were there any supports you wish you could have had during your detransition?” In asking what forms of helpful support were missing, the study potentially failed to capture information about the helpful forms of support that were present, thereby limiting understanding of what type of support should be provided to detransitioners more generally.   Vague reporting of results: Key findings are reported with ambiguous descriptors such as “many,” “some,” and “only a few,” making it difficult to assess the magnitude of the effects and introducing considerable uncertainty into the paper’s conclusions. For example, the authors state that “many” say they would not have detransitioned if they had had proper support; at the same time, Table 4 lists the percentage of those who said that their detransition could have been prevented by better access to gender-affirming healthcare, financial, social, or mental health support, as ranging between 4%–9%. The authors do not provide an aggregate percentage of how many endorsed ""any"" of the above factors, but the statistics that are shared suggest a smaller effect than the adjective ""many"" implies.   One-sided commentary: There are several examples of unbalanced discussion. For example, the authors frame restrictions on pediatric transition as inherently problematic and leading to future forced detransitions, without discussing the alternative possibility that such restrictions may also decrease detransition rates by avoiding premature/misguided early transitions. There is also evidence of selective quoting of the literature, with the authors referencing Gelly et al. (2025) to support the narrative of the “weaponization” of detransition to impose legal restrictions on youth transitions, while failing to reference numerous documented counterexamples of detransitioners publicly advocating for such policy restrictions.  SEGM comment: This publication represents an important contribution to the study of the complex topic of detransition, adding an explicitly ""gender-affirming"" dimension to the topic. At the same time, the study has significant limitations arising from potential biases in the sampling strategy and the survey design. Any discussion of detransition findings should be tempered by the reality that the field of detransition research is in its infancy, and—like the phenomenon of transition—detransition is also socially mediated. Societal views of sex and gender identity, and knowledge of the risks, benefits, and uncertainties of transition, are evolving quickly, alongside corresponding shifts in medical, educational, and legal policies. These moving targets introduce substantial complexities that limit interpretation and warrant caution in drawing firm conclusions.
      
",www.tandfonline.com/doi/full/10.1080/26895269.2025.2538744,2025,SSHRC,state-sponsored research institute
Pediatric gender affirming care is not evidence-based,Current Sexual Health Reports,"McDeavitt, K., Cohn, J., Kulatunga-Moruzi, C.","Purpose of Review. This paper reviews outcomes for risks and benefits of puberty blockers and gender-affirming hormones for pediatric gender dysphoria or gender-related distress. Recent Findings. Studies conducted over the past 15–20 years have generally reported the effects of these interventions on bone health, metabolic outcomes, and mental health outcomes.
Summary. With respect to mental health outcomes, individual clinical research studies have inconsistently demonstrated benefit. Systematic evidence reviews, which provide high-level, reliable evidence according to evidence-based medicine (EBM) principles, have found the evidence in this field is comprised of studies with significant quality issues; the body of evidence is considered weak/uncertain. Clinical guidelines should be updated to reflect the reality of the limited evidence.
          SEGM Summary Over the last two years there has been a surge in research studies and systematic reviews reporting on the use of puberty blockers and cross-sex hormones as treatment for gender-distressed youth. This makes it difficult for the non-specialist to keep on top of the evidence. The psychiatrist Kathleen McDeavitt and colleagues J. Cohn and Chan Kulatunga-Moruzi provide a comprehensive overview of the current state of the evidence underpinning hormonal treatments for children and adolescents with gender-related distress. Two tables detail the key clinical research studies on safety/risks and effectiveness/benefits. A third table, assessing the safety/effectiveness of hormone treatments, documents the multiple systematic reviews that have been undertaken. The authors also provide a helpful summary of the principles of evidence-based medicine.  The authors conclude that puberty blockers and cross-sex hormone treatment for gender-distressed youth carry significant and inevitable risks, and that the evidence for their mental health benefits is lacking.  SEGM comment: McDeavitt and colleagues’ paper provides an excellent overview of the current literature and the state of the evidence. It will be a helpful go-to resource for anyone seeking a succinct summary of key research in this field.
      
",link.springer.com/10.1007/s11930-025-00404-w,2025,SEGM,anti-trans organization
Fertility preservation: is there a model for gender-dysphoric youth?,Frontiers in Endocrinology,"Laidlaw, M. K., Lahl, J., Thompson, A.","Assisted reproductive technologies (ART) and cryobiology advances over the past decades have offered hope to cancer patients who might not otherwise be able to have biological offspring due to the toxic nature of therapies that may lead to subfertility or infertility. Fertility preservation (FP) for youths with gender dysphoria (GD) poses an additional set of complications and obstacles because of the use of medications which block normal pubertal development such as gonadotropin-releasing hormone analogues (GnRHa) and medications which directly alter the genital tract such as cross sex hormones. Here we review the current state of knowledge and ethical concerns with FP focusing on issues when FP is used during adolescent and preadolescent reproductive development in the context of cancer and gender dysphoria treatment. Particularly for youths with GD, very little evidence-based research has been performed and much remains unknown with respect to long term harms to reproductive health and the ultimate success of FP and conception.
          SEGM Summary Endocrinologist Michael Laidlaw, along with obstetrician and gynecologist Angela Thompson and Jennifer Lahl (R.N., M.A., and President of the Center for Bioethics and Culture) examine the current understandings and ethical issues surrounding fertility preservation (FP) for children and adolescents with cancer and gender dysphoria. They highlight that FP methods used during early puberty (which can occur as young as eight in females and nine in males) are still experimental, and that there is no evidence that these methods are successful for children and adolescents who start early medical gender-affirming treatment (GAT).  The authors emphasize the difference between using these experimental FP methods in situations such as childhood cancer, where chemotherapy or radiotherapy is the only option to preserve life, versus using them for gender dysphoria. Laidlaw and colleagues point out that causing infertility or reduced fertility through medical GAT takes away children and adolescents’ “right to an open future,” especially since they cannot provide informed consent for a future loss of their reproductive function at an early stage in their development.  The authors conclude that it is unethical to cause iatrogenic infertility/subfertility in children and young adolescents through GAT and then offer experimental, invasive fertility preservation as a way to circumvent this issue.  SEGM comment: The proponents of pediatric gender transitions emphasize the importance of fertility preservation (FP). This underscores the point that the loss of fertility should be conceptualized as a key harm of the GAT treatment pathway. The early intervention model advocated by the Dutch Protocol — puberty blockers administered at the earliest stage of puberty and later followed by cross-sex hormones — greatly hinders the difficult task of successful fertility preservation due to immaturity or unavailability of the gametes (eggs and sperm). Given the anticipated loss of fertility in gender-transitioned youth, the benefits of the treatment should be commensurate. Unfortunately, no robust evidence to date has been able reliably to demonstrate psychological benefits from pediatric gender transitions.
      
",www.frontiersin.org/articles/10.3389/fendo.2025.1386716/full,2025,Resilience Health Network,anti-trans organization
Gender-affirming medical treatment for adolescents: A critical reflection on “effective” treatment outcomes,BMC Medical Ethics,"Oosthoek, E. D., Stanwich, S., Gerritse, K., Doyle, D. M., De Vries, A. L.","Background
The scrutiny surrounding gender-affirming medical treatment (GAMT) for youth has increased, particularly concerning the limited evidence on long-term treatment outcomes. The Standards of Care 8 by the World Professional Association for Transgender Health addresses this by outlining research evidence suggesting “effective” outcomes of GAMT for adolescents. However, claims concerning what are considered “effective” outcomes of GAMT for adolescents remain implicit, requiring further reflection.
Methods
Using trans negativity as a theoretical lens, we conducted a theory-informed reflexive thematic analysis of the literature cited in the “Research Evidence” section of the SOC8 Adolescents chapter. We selected 16 articles that used quantitative measures to assess GAMT outcomes for youth, examining how “effective” outcomes were framed and interpreted to uncover implicit and explicit normative assumptions within the evidence base.
Results
A total of 44 different measures were used to assess GAMT outcomes for youth, covering physical, psychological, and psychosocial constructs. We identified four main themes regarding the normative assumptions of “effective” treatment outcomes: (1) doing bad: experiencing distress before GAMT, (2) moving toward a static gender identity and binary presentation, (3)         doing better: overall improvement after GAMT, and (4) the absence of regret. These themes reveal implicit norms about what GAMT for youth should achieve, with improvement being the benchmark for “effectiveness.”
Discussion
We critically reflect on these themes through the lens of trans negativity to challenge what constitutes “effective” GAMT outcomes for youth. We explore how improvement justifies GAMT for youth and address the limitations of this notion.
Conclusions
We emphasize the need for an explicit discussion on the objectives of GAMT for adolescents. The linear narrative of improvement in GAMT for adolescents is limited and fails to capture the complexity of GAMT experiences. With currently no consensus on how the “effectiveness” of GAMT for adolescents is assessed, this article calls for participatory action research that centers the voices of young TGD individuals.
      
",bmcmedethics.biomedcentral.com/articles/10.1186/s12910-024-01143-8,2024,ZonMw,state-sponsored research institute
Gender-affirming medical treatment for adolescents: A critical reflection on “effective” treatment outcomes,BMC Medical Ethics,"Oosthoek, E. D., Stanwich, S., Gerritse, K., Doyle, D. M., De Vries, A. L.","Background
The scrutiny surrounding gender-affirming medical treatment (GAMT) for youth has increased, particularly concerning the limited evidence on long-term treatment outcomes. The Standards of Care 8 by the World Professional Association for Transgender Health addresses this by outlining research evidence suggesting “effective” outcomes of GAMT for adolescents. However, claims concerning what are considered “effective” outcomes of GAMT for adolescents remain implicit, requiring further reflection.
Methods
Using trans negativity as a theoretical lens, we conducted a theory-informed reflexive thematic analysis of the literature cited in the “Research Evidence” section of the SOC8 Adolescents chapter. We selected 16 articles that used quantitative measures to assess GAMT outcomes for youth, examining how “effective” outcomes were framed and interpreted to uncover implicit and explicit normative assumptions within the evidence base.
Results
A total of 44 different measures were used to assess GAMT outcomes for youth, covering physical, psychological, and psychosocial constructs. We identified four main themes regarding the normative assumptions of “effective” treatment outcomes: (1) doing bad: experiencing distress before GAMT, (2) moving toward a static gender identity and binary presentation, (3)         doing better: overall improvement after GAMT, and (4) the absence of regret. These themes reveal implicit norms about what GAMT for youth should achieve, with improvement being the benchmark for “effectiveness.”
Discussion
We critically reflect on these themes through the lens of trans negativity to challenge what constitutes “effective” GAMT outcomes for youth. We explore how improvement justifies GAMT for youth and address the limitations of this notion.
Conclusions
We emphasize the need for an explicit discussion on the objectives of GAMT for adolescents. The linear narrative of improvement in GAMT for adolescents is limited and fails to capture the complexity of GAMT experiences. With currently no consensus on how the “effectiveness” of GAMT for adolescents is assessed, this article calls for participatory action research that centers the voices of young TGD individuals.
      
",bmcmedethics.biomedcentral.com/articles/10.1186/s12910-024-01143-8,2024,ERC-StG,state-sponsored research institute
Mastectomy for individuals with gender dysphoria below 26 years of age: A systematic review and meta-analysis,Plastic and Reconstructive Surgery,"Miroshnychenko, A., Roldan, Y. M., Ibrahim, S., Kulatunga-Moruzi, C., Dahlin, K., Montante, S., Couban, R., Guyatt, G., Brignardello-Petersen, R.","Background: Gender dysphoria (GD) refers to psychological distress associated with the incongruence between one’s sex and one’s gender. In response to GD, birth-registered females may choose to undergo mastectomy. In this systematic review, we summarize and assess the certainty of the evidence on the effects of mastectomy.
Methods: We searched MEDLINE, Embase, PsycINFO, Social Sciences Abstracts, LGBTQ+ Source, and Sociological Abstracts through June 20, 2023. We included studies comparing mastectomy to no mastectomy in birth-registered females under 26 years of age with GD. Outcomes of interest included psychological and psychiatric outcomes, and physical complications. Pairs of reviewers independently screened articles, abstracted data, and assessed risk of bias of the included studies. We performed meta-analysis and assessed the certainty of the evidence using the GRADE approach.
Results: We included 39 studies. Observational studies (n=2) comparing mastectomy to chest binding provided very low certainty evidence for the outcome of GD. One observational study comparing mastectomy to no mastectomy provided very low certainty evidence for the outcomes global functioning and suicide attempts, and low certainty evidence for the outcome non-suicidal self-injury (aOR 0.47 [95% CI 0.22 to 0.97]). Before-after (n=2) studies provided very low certainty evidence for all outcomes. Evidence from case series (n=34) studies ranged from high to very low certainty.
Conclusion: Case series studies demonstrated high certainty evidence for the outcomes of death, necrosis, and excessive scarring; however, these are limited in methodological quality. In comparative and before-after studies the evidence ranged from low to very low certainty.
          SEGM Summary A new systematic review and meta-analysis, undertaken by researchers from McMaster University, addresses the evidence regarding the benefits and harms of one of the most common types of ""gender-affirming"" surgeries for minors—mastectomy—with a focus on psychological and physical health outcomes in the adolescent and young adult population under age 26. Miroshnychenko et al. adhered to high methodological standards for conducting systematic reviews. The authors conducted a systematic search, assessed primary studies meeting the inclusion criteria, assessed the primary studies for risk of bias using ROBINS-I, and assessed the certainty of evidence using GRADE. Whenever possible, meta-analyses were undertaken as well. Of 39 included mastectomy studies, 3 are classified as comparative observational, 2 are before-and-after, and 34 are case series. The studies are frequently rated as being at serious or critical risk of bias (for example, due to confounding, not including all eligible participants, missing data, and outcome measurement inadequacies). Evidence for psychological outcomes (including quality of life, gender dysphoria, body and chest satisfaction, and depression) is predominantly rated as very-low certainty. Evidence for some post-operative outcomes, such as death (0/1000), necrosis (10-40/1000), and hypertrophic scarring (50/1000) is rated as high certainty. Risk of regret is assessed as 10/1000 and is rated as very low certainty.  The authors conclude that higher-quality evidence—ideally from prospective cohort studies and, where ethically feasible, randomized controlled trials—is needed to understand the impact of ""gender-affirming"" mastectomy on mental health outcomes. This evidence is essential to ensure that individuals with gender dysphoria, along with their clinicians, guideline developers, and policymakers, can make informed decisions. As part of the methodological rigor of the review, the author team provided a comprehensive disclosure of interest, including the fact that the review was funded by the Society for Evidence-Based Medicine (SEGM) through a multi-year research agreement between McMaster University and SEGM. The authors detail how potential conflicts of interest (COI) were managed. SEGM comment:  This systematic review is significant for three reasons. First, it is the first to conclude that the risk-benefit profile of youth mastectomies is unfavorable: while the harms are well-documented, potential benefits, such as reduced dysphoria or improved quality of life, remain uncertain. Second, it was conducted by a team from McMaster University, an internationally renowned center of evidence-based medicine (EBM), and the author group includes internationally recognized experts in the EBM field. Third, the systematic review was published in Plastic and Reconstructive Surgery, the official journal of the American Society of Plastic Surgeons (ASPS), the surgical specialty most often performing these procedures. Of note, WPATH’s 2022 Standards of Care, version 8 (SOC-8) claims that 'gender-affirming' mastectomy is a safe and effective treatment and that its efficacy has been “demonstrated in multiple domains, including a consistent and direct increase in health-related quality of life, a significant decrease in gender dysphoria, and a consistent increase in satisfaction with body and appearance” (p. 128). The findings of this published systematic review directly challenge WPATH's assertions regarding the benefit and harms of mastectomy. Given the weight of the review's findings, it is not surprising that the journal solicited additional commentaries. Foster et al. offered a positive response, praising the systematic review’s methodological rigor. In contrast, Schechter et al. offered a sharply critical response. Some of Schechter et al.’s critiques warrant further consideration and discussion, while others appear misguided. Unfortunately, Schechter and his two coauthors—all of whom coauthored the WPATH Surgery chapter—present their critiques through a sharply politicized lens, relying on ad hominem attacks to discredit the systematic review. It would be of great assistance to this debate if Schechter and colleagues authorized the publication of the WPATH commissioned Johns Hopkins systematic review of gender-affirming surgery, which, according to the court disclosures discussed in the HHS Review, have been suppressed from publication (HHS Review, p. 163).  This unfortunate approach to debate reflects a broader pattern often seen when influential figures in transgender medicine are confronted with new evidence that challenges their assumptions, beliefs, and clinical practices. In turn, this dynamic hinders self-correction within the field. Regulatory interventions—including legislative restrictions, as well as actions by medical boards and public health authorities—have become increasingly common as countries around the world work to bring gender medicine in line with the standards expected in other areas of healthcare.
      
",journals.lww.com/10.1097/PRS.0000000000011734,2024,SEGM,anti-trans organization
Psychosocial support interventions for children and adolescents experiencing gender dysphoria or incongruence: a systematic review,Archives of Disease in Childhood,"Heathcote, C., Taylor, J., Hall, R., Jarvis, S. W., Langton, T., Hewitt, C. E., Fraser, L.","Background: National and international guidelines recommend that psychosocial support should be a key component of the care offered to children and adolescents experiencing gender dysphoria/incongruence. However, specific approaches or interventions are not recommended.Aim To identify and summarise evidence on the outcomes of psychosocial support interventions for children and adolescents (age 0-18) experiencing gender dysphoria/incongruence.
Methods: Systematic review and narrative synthesis. Database searches (MEDLINE; EMBASE; CINAHL; PsycINFO; Web of Science) were performed in April 2022, with results assessed independently by two reviewers. Peer-reviewed articles reporting the results of studies measuring outcomes of psychosocial support interventions were included. Quality was assessed using the Mixed Methods Appraisal Tool.
Results: Ten studies were included. Half were conducted in the US, with others from Australia, Canada, New Zealand and the UK. Six were pre–post analyses or cohort studies, three were mixed methods, and one was a secondary analysis of intervention data from four trials. Most studies were of low quality. Most analyses of mental health and psychosocial outcomes showed either benefit or no change, with none indicating negative or adverse effects.
Conclusions: The small number of low-quality studies limits conclusions about the effectiveness of psychosocial interventions for children/adolescents experiencing gender dysphoria/incongruence. Clarity on the intervention approach as well as the core outcomes would support the future aggregation of evidence. More robust methodology and reporting is required.PROSPERO registration number CRD42021289659.
      
",adc.bmj.com/content/early/2024/04/09/archdischild-2023-326347,2024,NHS,state-sponsored research institute
Impact of social transition in relation to gender for children and adolescents: a systematic review,Archives of Disease in Childhood,"Hall, R., Taylor, J., Hewitt, C. E., Heathcote, C., Jarvis, S. W., Langton, T., Fraser, L.","Background. Increasing numbers of children and adolescents experiencing gender dysphoria or incongruence are being referred to specialist gender services. Historically, social transitioning prior to assessment was rare but it is becoming more common.Aim To identify and synthesise studies assessing the outcomes of social transition for children and adolescents (under 18) experiencing gender dysphoria/incongruence.
Methods. A systematic review and narrative sythesis. Database searches (Medline, Embase, CINAHL, PsycINFO, Web of Science) were perfomed in April 2022. Studies reporting any outcome of social transition (full or partial) for children and adolescents experiencing gender dysphoria/incongruence were included. An adapted version of the Newcastle-Ottawa Scale for cohort studies was used to appraise study quality.
Results. Eleven studies were included (children (n=8) and adolescents (n=3)) and most were of low quality. The majority were from the US, featured community samples and cross-sectional analyses. Different comparator groups were used, and outcomes related to mental health and gender identity reported. Overall studies consistently reported no difference in mental health outcomes for children who socially transitioned across all comparators. Studies found mixed evidence for adolescents who socially transitioned.Conclusions It is difficult to assess the impact of social transition on children/adolescents due to the small volume and low quality of research in this area. Importantly, there are no prospective longitudinal studies with appropriate comparator groups assessing the impact of social transition on mental health or gender-related outcomes for children/adolescents. Professionals working in the area of gender identity and those seeking support should be aware of the absence of robust evidence of the benefits or harms of social transition for children and adolescents.
      
",adc.bmj.com/content/early/2024/04/09/archdischild-2023-326112,2024,NHS,state-sponsored research institute
Puberty blockers for gender dysphoria in youth: A systematic review and meta-analysis,Archives of Disease in Childhood,"Miroshnychenko, A., Roldan, Y., Ibrahim, S., Kulatunga-Moruzi, C., Montante, S., Couban, R., Guyatt, G., Brignardello-Petersen, R.","Aim: Gender dysphoria (GD) refers to the psychological distress associated with the incongruence between one’s sex and one’s gender identity. To manage GD, individuals may delay the development of primary and secondary sex characteristics with the use of puberty blockers. In this systematic review, we assess and summarise the certainty of the evidence about the effects of puberty blockers in individuals experiencing GD.
Methods: We searched Medline, Embase, PsychINFO, Social Sciences Abstracts, LGBTQ+ Source and Sociological Abstracts from inception to September 2023. We included observational studies comparing puberty blockers with no puberty blockers in individuals aged <26 years experiencing GD, as well as before–after and case series studies. Outcomes of interest included psychological and physical outcomes. Pairs of reviewers independently screened articles, abstracted data and assessed risk of bias. We performed a meta-analysis and assessed the certainty of a non-zero effect using the grading of recommendations assessment, development and evaluation (GRADE) approach.
Results: We included 10 studies. Comparative observational studies (n=3), comparing puberty blockers versus no puberty blockers, provided very low certainty of evidence on the outcomes of global function and depression. Before–after studies (n=7) provided very low certainty of evidence addressing gender dysphoria, global function, depression, and bone mineral density.
Conclusions: There remains considerable uncertainty regarding the effects of puberty blockers in individuals experiencing GD. Methodologically rigorous prospective studies are needed to understand the effects of this intervention.
      
",adc.bmj.com/content/early/2025/01/29/archdischild-2024-327909,2025,SEGM,anti-trans organization
Interventions to suppress puberty in adolescents experiencing gender dysphoria or incongruence: a systematic review,Archives of Disease in Childhood,"Taylor, J., Mitchell, A., Hall, R., Heathcote, C., Langton, T., Fraser, L., Hewitt, C. E.","Background Treatment to suppress or lessen effects of puberty are outlined in clinical guidelines for adolescents experiencing gender dysphoria/incongruence. Robust evidence concerning risks and benefits is lacking and there is a need to aggregate evidence as new studies are published.Aim To identify and synthesise studies assessing the outcomes of puberty suppression in adolescents experiencing gender dysphoria/incongruence.Methods A systematic review and narrative synthesis. Database searches (Medline, Embase, CINAHL, PsycINFO, Web of Science) were performed in April 2022, with results assessed independently by two reviewers. An adapted version of the Newcastle-Ottawa Scale for cohort studies was used to appraise study quality. Only moderate-quality and high-quality studies were synthesised. The Preferred Reporting Items for Systematic Reviews and Meta-Analyses reporting guidelines were used.Results 11 cohort, 8 cross-sectional and 31 pre-post studies were included (n=50). One cross-sectional study was high quality, 25 studies were moderate quality (including 5 cohort studies) and 24 were low quality. Synthesis of moderate-quality and high-quality studies showed consistent evidence demonstrating efficacy for suppressing puberty. Height increased in multiple studies, although not in line with expected growth. Multiple studies reported reductions in bone density during treatment. Limited and/or inconsistent evidence was found in relation to gender dysphoria, psychological and psychosocial health, body satisfaction, cardiometabolic risk, cognitive development and fertility.Conclusions There is a lack of high-quality research assessing puberty suppression in adolescents experiencing gender dysphoria/incongruence. No conclusions can be drawn about the impact on gender dysphoria, mental and psychosocial health or cognitive development. Bone health and height may be compromised during treatment. More recent studies published since April 2022 until January 2024 also support the conclusions of this review.PROSPERO registration number CRD42021289659.Data sharing not applicable as no datasets generated and/or analysed for this study.
      
",adc.bmj.com/content/early/2024/04/09/archdischild-2023-326669,2024,NHS,state-sponsored research institute
A systematic review of hormone treatment for children with gender dysphoria and recommendations for research,Acta Paediatrica,"Ludvigsson, J. F., Adolfsson, J., Höistad, M., Rydelius, P. A., Kriström, B., Landén, M.","Aim: The aim of this systematic review was to assess the effects on psychosocial and mental health, cognition, body composition, and metabolic markers of hormone treatment in children with gender dysphoria.
Methods: Systematic review essentially following PRISMA. We searched PubMed, EMBASE and thirteen other databases until 9 November 2021 for English-language studies of hormone therapy in children with gender dysphoria. Of 9,934 potential studies identified with abstracts reviewed, 195 were assessed in full text, and 24 were relevant.
Results: In 21 studies, adolescents were given Gonadotropin-releasing hormone analogues (GnRHa) treatment. In three studies, cross-sex hormone treatment (CSHT) was given without previous GnRHa treatment. No randomised controlled trials were identified. The few longitudinal observational studies were hampered by small numbers, and high attrition rates. Hence, the long-term effects of hormone therapy on psychosocial health could not be evaluated. Concerning bone health, GnRHa treatment delays bone maturation and bone mineral density gain, however found to partially recover during CSHT when studied at age 22 years.
Conclusion: Evidence to assess the effects of hormone treatment on the above fields in children with gender dysphoria are insufficient. To improve future research, we present the GENDHOR checklist, a checklist for studies in gender dysphoria.
      
",onlinelibrary.wiley.com/doi/abs/10.1111/apa.16791,2023,SBU,state-sponsored research institute
Gender affirming hormone therapy for individuals with gender dysphoria aged <26 years: a systematic review and meta-analysis,Archives of Disease in Childhood,"Miroshnychenko, A., Ibrahim, S., Roldan, Y., Kulatunga-Moruzi, C., Montante, S., Couban, R., Guyatt, G., Brignardello-Petersen, R.","Objective In this systematic review and meta-analysis, we assessed and summarised the certainty of the evidence about the effects of gender affirming hormone therapy (GAHT) in individuals with gender dysphoria (GD).
Methods We searched Medline, Embase, PsychINFO, Social Sciences Abstracts, LGBTQ+ Source and Sociological Abstracts from inception to September 2023. We included studies comparing GAHT with no GAHT in individuals aged <26 years with GD. Outcomes of interest included psychological and physical effects. Pairs of reviewers independently screened articles, abstracted data and assessed the risk of bias in the included studies. We performed meta-analyses and assessed the certainty of the evidence using the grading of recommendations assessment, development and evaluation (GRADE) approach.
Results We included 24 studies. Comparative observational studies (n=9) provided mostly very low certainty evidence regarding GD, global function and depression. One comparative observational study reported that the odds of depression may be lower (OR 0.73 (95% CI 0.61 to 0.88), n (number of studies)=1, low certainty) in individuals who received GAHT compared with those who did not. Before–after studies (n=13) provided very low certainty evidence about GD, global function, depression and bone mineral density. Case series studies (n=2) provided high certainty evidence that the proportion of individuals with cardiovascular events 7–109 months after receiving GAHT was 0.04 (95% CI 0.03 to 0.05, n=1, high certainty).
Conclusion There is considerable uncertainty about the effects of GAHT and we cannot exclude the possibility of benefit or harm. Methodologically rigorous prospective studies are needed to produce higher certainty evidence.
Trial registration number PROSPERO CRD42023452171.
All data relevant to the study are included in the article or uploaded as supplementary information. Not applicable.
      
",adc.bmj.com/content/early/2025/02/06/archdischild-2024-327921,2025,SEGM,anti-trans organization
Masculinising and feminising hormone interventions for adolescents experiencing gender dysphoria or incongruence: a systematic review,Archives of Disease in Childhood,"Taylor, J., Mitchell, A., Hall, R., Langton, T., Fraser, L., Hewitt, C. E.","Background Clinical guidelines outline the use of hormones for masculinisation/feminisation in adolescents experiencing gender dysphoria or incongruence. Robust evidence concerning risks and benefits is lacking. There is a need to aggregate evidence as research becomes available.Aim Identify and synthesise studies assessing the outcomes of hormones for masculinisation/feminisation in adolescents experiencing gender dysphoria/incongruence.Methods Systematic review and narrative synthesis. Database searches (MEDLINE, Embase, CINAHL, PsycINFO, Web of Science) were performed in April 2022, with results assessed independently by two reviewers. An adapted version of the Newcastle-Ottawa Scale for Cohort Studies was used to assess study quality. Moderate- and high-quality studies were synthesised.Results 12 cohort, 9 cross-sectional and 32 pre–post studies were included (n=53). One cohort study was high-quality. Other studies were moderate (n=33) and low-quality (n=19). Synthesis of high and moderate-quality studies showed consistent evidence demonstrating induction of puberty, although with varying feminising/masculinising effects. There was limited evidence regarding gender dysphoria, body satisfaction, psychosocial and cognitive outcomes, and fertility. Evidence from mainly pre–post studies with 12-month follow-up showed improvements in psychological outcomes. Inconsistent results were observed for height/growth, bone health and cardiometabolic effects. Most studies included adolescents who received puberty suppression, making it difficult to determine the effects of hormones alone.Conclusions There is a lack of high-quality research assessing the use of hormones in adolescents experiencing gender dysphoria/incongruence. Moderate-quality evidence suggests mental health may be improved during treatment, but robust study is still required. For other outcomes, no conclusions can be drawn. More recent studies published since April 2022 until January 2024 also support the conclusions of this review.PROSPERO registration number: CRD42021289659.Data sharing is not applicable as no datasets were generated and/or analysed for this study.
      
",adc.bmj.com/content/early/2024/04/09/archdischild-2023-326670,2024,NHS,state-sponsored research institute
The Effect of Gender-Affirming Hormone Therapy on the Risk of Subclinical Atherosclerosis in the Transgender Population: A Systematic Review,Endocrine Practice,"Moreira Allgayer, R. M., Borba, G. D. S., Moraes, R. S., Ramos, R. B., Spritzer, P. M.","Objective: The impact of gender-affirming hormone therapy (GAHT) on cardiovascular (CV) health is still not entirely established. A systematic review was conducted to summarize the evidence on the risk of subclinical atherosclerosis in transgender people receiving GAHT.
Methods: A systematic review was performed following Preferred Reporting Items for Systematic Reviews and Meta-analyses guidelines, and data were searched in PubMed, LILACS, EMBASE, and Scopus databases for cohort, case-control, and cross-sectional studies or randomized clinical trials, including transgender people receiving GAHT. Transgender men and women before and during/after GAHT for at least 2 months, compared with cisgender men and women or hormonally untreated transgender persons. Studies reporting changes in variables related to endothelial function, arterial stiffness, autonomic function, and blood markers of inflammation/coagulation associated with CV risk were included.
Results: From 159 potentially eligible studies initially identified, 12 were included in the systematic review (8 cross-sectional and 4 cohort studies). Studies of trans men receiving GAHT reported increased carotid thickness, brachial-ankle pulse wave velocity, and decreased vasodilation. Studies of trans women receiving GAHT reported decreased interleukin 6, plasminogen activator inhibitor-1, and tissue plasminogen activator levels and brachial-ankle pulse wave velocity, with variations in flow-mediated dilation and arterial stiffness depending on the type of treatment and route of administration.
Conclusions: The results suggest that GAHT is associated with an increased risk of subclinical atherosclerosis in transgender men but may have either neutral or beneficial effects in transgender women. The evidence produced is not entirely conclusive, suggesting that additional studies are warranted in the context of primary prevention of CV disease in the transgender population receiving GAHT.
      
",linkinghub.elsevier.com/retrieve/pii/S1530891X22009090,2023,CNPq,state-sponsored research institute
The Effect of Gender-Affirming Hormone Therapy on the Risk of Subclinical Atherosclerosis in the Transgender Population: A Systematic Review,Endocrine Practice,"Moreira Allgayer, R. M., Borba, G. D. S., Moraes, R. S., Ramos, R. B., Spritzer, P. M.","Objective: The impact of gender-affirming hormone therapy (GAHT) on cardiovascular (CV) health is still not entirely established. A systematic review was conducted to summarize the evidence on the risk of subclinical atherosclerosis in transgender people receiving GAHT.
Methods: A systematic review was performed following Preferred Reporting Items for Systematic Reviews and Meta-analyses guidelines, and data were searched in PubMed, LILACS, EMBASE, and Scopus databases for cohort, case-control, and cross-sectional studies or randomized clinical trials, including transgender people receiving GAHT. Transgender men and women before and during/after GAHT for at least 2 months, compared with cisgender men and women or hormonally untreated transgender persons. Studies reporting changes in variables related to endothelial function, arterial stiffness, autonomic function, and blood markers of inflammation/coagulation associated with CV risk were included.
Results: From 159 potentially eligible studies initially identified, 12 were included in the systematic review (8 cross-sectional and 4 cohort studies). Studies of trans men receiving GAHT reported increased carotid thickness, brachial-ankle pulse wave velocity, and decreased vasodilation. Studies of trans women receiving GAHT reported decreased interleukin 6, plasminogen activator inhibitor-1, and tissue plasminogen activator levels and brachial-ankle pulse wave velocity, with variations in flow-mediated dilation and arterial stiffness depending on the type of treatment and route of administration.
Conclusions: The results suggest that GAHT is associated with an increased risk of subclinical atherosclerosis in transgender men but may have either neutral or beneficial effects in transgender women. The evidence produced is not entirely conclusive, suggesting that additional studies are warranted in the context of primary prevention of CV disease in the transgender population receiving GAHT.
      
",linkinghub.elsevier.com/retrieve/pii/S1530891X22009090,2023,FAPERGS,state-sponsored research institute
"Hormone Therapy, Mental Health, and Quality of Life Among Transgender People: A Systematic Review",Journal of the Endocrine Society,"Baker, K. E., Wilson, L. M., Sharma, R., Dukhanin, V., McArthur, K., Robinson, K. A.","We sought to systematically review the effect of gender-affirming hormone therapy on psychological outcomes among transgender people. We searched PubMed, Embase, and PsycINFO through June 10, 2020 for studies evaluating quality of life (QOL), depression, anxiety, and death by suicide in the context of gender-affirming hormone therapy among transgender people of any age. We excluded case studies and studies reporting on less than 3 months of follow-up. We included 20 studies reported in 22 publications. Fifteen were trials or prospective cohorts, one was a retrospective cohort, and 4 were cross-sectional. Seven assessed QOL, 12 assessed depression, 8 assessed anxiety, and 1 assessed death by suicide. Three studies included trans-feminine people only; 7 included trans-masculine people only, and 10 included both. Three studies focused on adolescents. Hormone therapy was associated with increased QOL, decreased depression, and decreased anxiety. Associations were similar across gender identity and age. Certainty in this conclusion is limited by high risk of bias in study designs, small sample sizes, and confounding with other interventions. We could not draw any conclusions about death by suicide. Future studies should investigate the psychological benefits of hormone therapy among larger and more diverse groups of transgender people using study designs that more effectively isolate the effects of hormone treatment.
      
",academic.oup.com/jes/article/doi/10.1210/jendso/bvab011/6126016,2021,WPATH,queer organization
Quality of the World Professional Association for Transgender Health Guideline Standards of Care 8: An Appraisal Using the AGREE II Instrument,Archives of Sexual Behavior,"Zhang, Y., Januś, D., Kaltiala, R., Karvonen, M., Ptak, J. J., Yepes-Nuñez, J. J.","In 2022, the World Professional Association for Transgender Health (WPATH) released their guidelines, Standards of Care Version 8 (SOC8), which have been regarded as establishing standards for the management of transgender patients. To conduct a quality assessment of the WPATH’s SOC8 using the Appraisal of Guidelines for Research and Evaluation (AGREE) II instrument, we recruited a diverse group of international health professionals as assessors, including six clinicians and two guideline methodologists, who were trained in the AGREE II tool and underwent a calibration exercise. They independently assessed six SOC8 chapters: adolescents, children, hormone therapy, mental health, primary care, and surgery. We summarized the ratings across assessors for all items to present the strengths and limitations of the guidelines. The evaluations identified that the SOC8 chapters had limitations in the AGREE II domains of applicability (ranging from 28% to 40% across chapters), editorial independence (ranging from 43% to 44% across chapters), and rigor of development (ranging from 39% to 47% across chapters). On a scale of 1 to 7 (7 = highest quality), the median overall quality score was 3.5 to 4 for all chapters. Two of eight assessors recommended using the guideline chapters, while three recommended use with modification, and three recommended not to use the reviewed guideline chapters due to methodological concerns. Evidence-based guidelines addressing the needs of transidentified people are urgently needed, but it is imperative that healthcare providers, researchers, and policymakers recognize and address the limitations present in these six SOC8 chapters.
      
",link.springer.com/10.1007/s10508-025-03399-6,2026,SEGM,anti-trans organization
"Standards of care for the health of transgender and gender diverse people, version 8",International Journal of Transgender Health,"Coleman, E., Radix, A. E., Bouman, W. P., Brown, G. R., de Vries, A. L. C., Deutsch, M. B., Ettner, R., Fraser, L., Goodman, M., …, Arcelus, J.","Background: Transgender healthcare is a rapidly evolving interdisciplinary field. In the last decade, there has been an unprecedented increase in the number and visibility of transgender and gender diverse (TGD) people seeking support and gender-affirming medical treatment in parallel with a significant rise in the scientific literature in this area. The World Professional Association for Transgender Health (WPATH) is an international, multidisciplinary, professional association whose mission is to promote evidence-based care, education, research, public policy, and respect in transgender health. One of the main functions of WPATH is to promote the highest standards of health care for TGD people through the Standards of Care (SOC). The SOC was initially developed in 1979 and the last version (SOC-7) was published in 2012. In view of the increasing scientific evidence, WPATH commissioned a new version of the Standards of Care, the SOC-8.
Aim: The overall goal of SOC-8 is to provide health care professionals (HCPs) with clinical guidance to assist TGD people in accessing safe and effective pathways to achieving lasting personal comfort with their gendered selves with the aim of optimizing their overall physical health, psychological well-being, and self-fulfillment.
Methods: The SOC-8 is based on the best available science and expert professional consensus in transgender health. International professionals and stakeholders were selected to serve on the SOC-8 committee. Recommendation statements were developed based on data derived from independent systematic literature reviews, where available, background reviews and expert opinions. Grading of recommendations was based on the available evidence supporting interventions, a discussion of risks and harms, as well as the feasibility and acceptability within different contexts and country settings.
Results: A total of 18 chapters were developed as part of the SOC-8. They contain recommendations for health care professionals who provide care and treatment for TGD people. Each of the recommendations is followed by explanatory text with relevant references. General areas related to transgender health are covered in the chapters Terminology, Global Applicability, Population Estimates, and Education. The chapters developed for the diverse population of TGD people include Assessment of Adults, Adolescents, Children, Nonbinary, Eunuchs, and Intersex Individuals, and people living in Institutional Environments. Finally, the chapters related to gender-affirming treatment are Hormone Therapy, Surgery and Postoperative Care, Voice and Communication, Primary Care, Reproductive Health, Sexual Health, and Mental Health.
Conclusions: The SOC-8 guidelines are intended to be flexible to meet the diverse health care needs of TGD people globally. While adaptable, they offer standards for promoting optimal health care and guidance for the treatment of people experiencing gender incongruence. As in all previous versions of the SOC, the criteria set forth in this document for gender-affirming medical interventions are clinical guidelines; individual health care professionals and programs may modify these in consultation with the TGD person.
      
",www.tandfonline.com/doi/full/10.1080/26895269.2022.2100644,2022,Tawani Foundation,queer organization
Guidelines for psychological practice with transgender and gender nonconforming people,American Psychologist,American Psychological Association,"In 2015, the American Psychological Association adopted Guidelines for Psychological Practice with Transgender and Gender Nonconforming Clients in order to describe affirmative psychological practice with transgender and gender nonconforming (TGNC) clients. There are 16 guidelines in this document that guide TGNC-affirmative psychological practice across the lifespan, from TGNC children to older adults. The Guidelines are organized into five clusters: (a) foundational knowledge and awareness; (b) stigma, discrimination, and barriers to care; (c) lifespan development; (d) assessment, therapy, and intervention; and (e) research, education, and training. In addition, the guidelines provide attention to TGNC people across a range of gender and racial/ethnic identities. The psychological practice guidelines also attend to issues of research and how psychologists may address the many social inequities TGNC people experience.
      
",https://www.apa.org/practice/guidelines/transgender.pdf%E2%80%AF%E2%80%AF,2015,Endocrine Society,professional society
The Influence of Politics on Psychological Interventions for Pediatric Gender Dysphoria,Current Opinion in Psychology,"Mason, J. W., Grignon, P., Cohn, J.","The care of children and youth presenting with gender dysphoria has recently changed from watchful waiting and psychotherapeutic exploration to primarily an affirmative medical pathway involving social transition, puberty suppression, cross-sex hormones and surgery. This shift has occurred alongside a rapid increase in referrals and has been reinforced by political and legal frameworks that strongly favor gender‑affirming care (GAC) while restricting alternative therapeutic approaches. This article critically examines the influence of legislation on clinical practice for gender‑distressed youth. We argue that current policies have normalized a single explanatory model for any associated issues—the minority stress framework—while discouraging or prohibiting psychotherapeutic exploration of developmental, psychological, familial, and social factors that may contribute to gender dysphoria. In many jurisdictions, such exploration is conflated with “conversion therapy,” resulting in legal risks for clinicians and a narrowing of treatment options for patients and families. Drawing on established principles of evidence‑based psychotherapy, we highlight the limitations of a one‑pathway model that assumes gender identity to be innate and non‑explorable. We argue that ethical and effective care requires comprehensive biopsychosocial assessment and access to a plurality of therapeutic models, including cognitive‑behavioral, psychodynamic, family‑based, and dialectical approaches. The politicization of clinical guidelines and the expansion of conversion therapy bans risk undermining informed consent, clinical judgment, and patient autonomy. An evidence‑based approach to pediatric gender dysphoria should prioritize psychotherapy as a first‑line intervention and preserve space for individualized, developmentally sensitive care that allows for multiple outcomes.
      
",www.sciencedirect.com/science/article/pii/S2352250X26000503,2026,SEGM,anti-trans organization
“I’m just providing evidence-based medical care”: experiences of distress in queer and queer-adjacent clinicians providing gender-affirming care,International Journal of Transgender Health,"Insalaco, M. E., Stamm, L.","Introduction
In recent years there has been an extreme increase in legislation banning gender-affirming care (GAC) for transgender and gender-diverse (TGD) youth in the United States. GAC providers witness the consequences of these policies restricting GAC and recognize the likely negative effect on their TGD patients’ health. Queer and queer-adjacent (e. g. parents of TGD youth) providers may be uniquely affected by these policies as they directly affect their personal life and identity.
Methods
This secondary analysis will explore the experiences of queer and queer-adjacent clinicians providing GAC to TGD youth in the United States related to policies, threats, distress, and/or their identities. Qualitative interviews were conducted with 16 queer and queer-adjacent clinicians who provide gender affirming care to TGD youth. Inductive phenomenological thematic analysis was applied to the transcripts until the themes and a narrative emerged.
Results
Providers discussed feeling unsupported by their institution and government, fearful for their own, their families’ and their patients’ safety, and distressed due to limitations in care they can provide to TGD patients, while also remaining impassioned to support TGD youth.
Discussion
Given the surging number of policies against GAC for TGD youth, it is crucial that institutions and organizations implement action steps to help GAC providers build resilience to continue to serve this vulnerable population.
      
",www.tandfonline.com/doi/full/10.1080/26895269.2025.2559310,2025,Robert Wood Johnson Foundation,private foundation
Current Concerns About Gender-Affirming Therapy in Adolescents,Current Sexual Health Reports,"Levine, S. B., Abbruzzese, E.","Purpose of Review
Results of long-term studies of adult transgender populations failed to demonstrate convincing improvements in mental health, and some studies suggest that there are treatment-associated harms. The purpose of this review is to clarify concerns about the rapid proliferation of hormonal and surgical care for the record numbers of youth declaring transgender identities and seeking gender reassignment procedures.
Recent Findings
Systematic reviews of evidence conducted by public health authorities in Finland, Sweden, and England concluded that the risk/benefit ratio of youth gender transition ranges from unknown to unfavorable. As a result, there has been a shift from “gender-affirmative care,” which prioritizes access to medical interventions, to a more conservative approach that addresses psychiatric comorbidities and psychotherapeutically explores the developmental etiology of the trans identity. Debate about the safety and efficacy of “gender-affirming care” in the USA is only recently emerging.
Summary
The question, “Do the benefits of youth gender transitions outweigh the risks of harm?” remains unanswered because of a paucity of follow-up data. The conclusions of the systematic reviews of evidence for adolescents are consistent with long-term adult studies, which failed to show credible improvements in mental health and suggested a pattern of treatment-associated harms. Three recent papers examined the studies that underpin the practice of youth gender transition and found the research to be deeply flawed. Evidence does not support the notion that “affirmative care” of today’s adolescents is net beneficial. Questions about how to best care for the rapidly growing numbers of gender-dysphoric youth generated an intensity of divisiveness within and outside of medicine rarely seen with other clinical uncertainties. Because the future well-being of young patients and their families is at stake, the field must stop relying on social justice arguments and return to the time-honored principles of evidence-based medicine.
      
",link.springer.com/10.1007/s11930-023-00358-x,2023,SEGM,anti-trans organization
"Politics Aside, Healthcare Considerations Motivate More Caution before Medical Intervention for Trans-Identifying Youth",Journal of Controversial Ideas,"Cohn, J.","The 2022 article “Legislation restricting gender-affirming care for transgender youth: Politics eclipse healthcare” by K. L. Kraschel et al. implies that attempts in the United States to restrict medical interventions for gender dysphoria are due to political motivations. Although there are likely some whose stance on these interventions is based upon politics, there are sound medical reasons, independent of politics, for advocating for more cautious medical intervention protocols. Neglecting mention of these reasons obscures the fact that medical intervention outcomes are difficult to predict and that serious risks and irreversible consequences are present. In other countries, following extensive evidence review, supportive alternatives to medical intervention are being prioritized instead. Here, several claims of Kraschel et al. regarding the state of medical intervention healthcare are compared to the research evidence and shown to fall short. Healthcare issues alone justify challenging current United States medical treatment protocols.
      
",journalofcontroversialideas.org/article/3/1/235,2023,SEGM,anti-trans organization
Some Limitations of “Challenges in the Care of Transgender and Gender-Diverse Youth: An Endocrinologist’s View”,Journal of Sex & Marital Therapy,"Cohn, J.","There is significant disagreement about how to support trans-identified or gender-dysphoric young people. Different experts and expert bodies make strikingly different recommendations based upon the same (limited) evidence. The US-originating “gender-affirmative” model emphasizes social transition and medical intervention, while some other countries, in response to evidence reviews of medical intervention outcomes, have adopted psychological interventions as the first line of treatment. A proposed model of gender-affirming care, comprising only medical intervention for “eligible” youth, is described in Rosenthal (Citation2021). Determining eligibility for these medical interventions is challenging and engenders considerable disagreement among experts, neither of which is mentioned. The review also claims without support that medical interventions have been shown to clearly benefit mental health, and leaves out significant risks and less invasive alternatives. The unreliability of outcome studies and the corresponding uncertainties as to how gender dysphoria develops and responds to treatment are also unreported.
          SEGM Summary The highly medicalized approach to managing gender distress in youth, integral to the “gender-affirmative” care model, rests on several key assumptions. Publications promoting “gender affirmation” of youth fail to explicitly call out these assumptions—or misrepresent these problematic assumptions as proven facts. This publication by J. Cohn examines several key assumptions that underlie an influential “pro-affirmation” paper published by the prestigious journal, Nature. These assumptions permeate much of the “gender-affirming” literature more generally, including the most recent publication co-authored by the same author (Rosenthal). Cohn critically examines and cogently refutes each of the assumptions, observing that they range from entirely unproven to demonstrably false. Click here to read our full analysis.
      
",www.tandfonline.com/doi/full/10.1080/0092623X.2022.2160396,2022,SEGM,anti-trans organization
Editorial Perspective: Medical body modification in youth with gender dysphoria or body dysmorphic disorder – is current practice coherent and evidence‐based?,Journal of Child Psychology and Psychiatry,"Kohls, G., Roessner, V.","In recent decades, there has been a steady increase in the number of people, including adolescents, undergoing medical body modification (MBM) to alter their physically healthy bodies in invasive and nearly irreversible ways through medical treatment (e.g. surgery). While MBM is often recommended for youth with persisting gender dysphoria (GD), in body dysmorphic disorder (BDD) it has been considered contraindicated. Here, we outline the current controversies surrounding MBM practice and recommendations in adolescents with GD versus those with BDD in order to better understand under what circumstances we may or may not support adolescents who want to change their bodies medically and often irreversibly. We compare the two disorders in terms of the overlap and uniqueness of their behavioural and psychological features. In doing so, we discuss limitations of the existing (often low-quality) evidence for and against MBM in young patients. We conclude that the currently available evidence is too preliminary and far from conclusive to make any robust recommendations in terms of benefits and harms of MBM in youth with persisting GD or BDD. However, we strongly recommend further urgent scientific discussions and systematic research efforts into more robust evaluations and the identification of more precise psychological characteristics that may serve as decision criteria for or against MBM – particularly in those adolescents who did not respond to non-MBM, that is, psychiatric/psychological treatment and psychosocial support, if available at all. This will greatly benefit youth healthcare professionals in their challenging clinical practice of making decisions regarding MBM today and in the future.
      
",onlinelibrary.wiley.com/doi/10.1111/jcpp.13717,2022,Projekt DEAL,state-sponsored research institute
"What Are We Doing to These Children? Response to Drescher, Clayton, and Balon Commentaries on Levine et al., 2022",Journal of Sex & Marital Therapy,"Levine, S. B., Abbruzzese, E., Mason, J. W.","In our paper, “Reconsidering Informed Consent for Trans-Identified Children, Adolescents, and Young Adults” (Levine, Abbruzzese, & Mason, Citation2022), we asserted that the consent process for youth gender transition is so problematic in much of the Western world that it can no longer be considered “informed.”
We reflected on how far the entire field of gender medicine has drifted from the principles of evidence-based medicine and the scientific method. Attempts to study the sharp rise of gender dysphoria in previously gender-normative teens (Bradley, Citation2022; Littman, Citation2018) are met with consternation by the gender-medicine establishment (World Professional Association for Transgender Health [WPATH], Citation2018). The significant rate of problematic adaptations, psychiatric symptoms, and self-harm in this youth cohort (Becerra-Culqui et al., Citation2018; de Graaf, Giovanardi, Zitz, & Carmichael, Citation2018; de Graaf et al., Citation2021; Kaltiala-Heino, Sumia, Työläjärvi, & Lindberg, Citation2015; Kozlowska, Chudleigh, McClure, Maguire, & Ambler, Citation2021; Strang et al., 2018; Thrower, Bretherton, Pang, Zajac, & Cheung, Citation2020) is explained away as merely manifestations of minority stress, with unsubstantiated claims that these mental health problems will resolve with gender transition—and only with gender transition. Efforts to help the distressed teens psychotherapeutically, which is the standard approach for all other types of psychiatric symptoms, are stigmatized as conversion therapy. The growing evidence of detransition, apparent in recent data (Boyd, Hackett, & Bewley, Citation2021; Hall, Mitchell, & Sachdeva, Citation2021; Roberts, Klein, Adirim, Schvey, & Hisle-Gorman, Citation2022), is either dismissed or recast as a benign gender journey (Turban, Loo, Almazan, & Keuroghlian, Citation2021), and the reports of regret by many of the detransitioners themselves are ignored (Littman, Citation2021; Vandenbussche, Citation2022). Perhaps most problematic, the information shared by gender clinicians with patients and families about “gender-affirming” interventions is markedly skewed: it overstates the demonstrated benefits of hormones and surgeries and trivializes their risks and the uncertainties of future outcomes.
      
",www.tandfonline.com/doi/full/10.1080/0092623X.2022.2136117,2022,SEGM,anti-trans organization
"Reconsidering Informed Consent for Trans-Identified Children, Adolescents, and Young Adults",Journal of Sex & Marital Therapy,"Levine, S. B., Abbruzzese, E., Mason, J. M.","In less than a decade, the western world has witnessed an unprecedented rise in the numbers of children and adolescents seeking gender transition. Despite the precedent of years of gender-affirmative care, the social, medical and surgical interventions are still based on very low-quality evidence. The many risks of these interventions, including medicalizing a temporary adolescent identity, have come into a clearer focus through an awareness of detransitioners. The risks of gender-affirmative care are ethically managed through a properly conducted informed consent process. Its elements—deliberate sharing of the hoped-for benefits, known risks and long-term outcomes, and alternative treatments—must be delivered in a manner that promotes comprehension. The process is limited by: erroneous professional assumptions; poor quality of the initial evaluations; and inaccurate and incomplete information shared with patients and their parents. We discuss data on suicide and present the limitations of the Dutch studies that have been the basis for interventions. Beliefs about gender-affirmative care need to be separated from the established facts. A proper informed consent process can both prepare parents and patients for the difficult choices that they must make and can ease professionals’ ethical tensions. Even when properly accomplished, however, some clinical circumstances exist that remain quite uncertain.
          SEGM Summary Trans-identified youth present to clinicians as strongly desiring hormones and surgery. However, this conviction should not be confused with the capacity to carefully consider the consequences of gender transition, argues a recent article about informed consent in gender medicine, published in the peer-reviewed Journal of Sex & Marital Therapy. The authors observe that in recent years, a growing number of adolescents and young adults have declared a transgender identity and sought “gender-affirmative” interventions. The medical and surgical interventions that comprise the “gender-affirmative” care pathway aim to change the body so that it matches the young person’s “gender identity”: a subjectively experienced inner sense of self as a male or female, or increasingly commonly, somewhere in-between. It is well-established that these interventions are based on very low-quality evidence, are often irreversible, and may increase the risk of medical problems including cardiovascular disease, cancer, and bone health problems. They also carry the risk of permanently medicalizing what may very well be a transient transgender identity in a young person. Because “gender-affirmative” care carries significant risks, providers of these interventions require patients and/or their caregivers to sign informed consent forms, signifying that they are aware of the potential benefits, risks, and alternatives. However, the authors assert that the process of obtaining informed consent in gender medicine is frequently conducted in a superficial way, and that rather than serving the patients’ interests, this type of informed consent primarily serves to protect clinicians and their employers. The authors identify three main areas that compromise the informed consent process: (1) poor quality evaluations of gender-dysphoric youth; (2) erroneous assumptions held by the professionals involved in the provision of “gender-affirmative” care; and (3) delivery of incomplete and inaccurate information to patients and family members. Click here to read our full analysis.
      
",www.tandfonline.com/doi/full/10.1080/0092623X.2022.2046221,2022,SEGM,anti-trans organization
From Concept to Protocol: Iterative Approach of a Target Trial Emulation on GnRH Analogue Safety in Transgender and Gender Diverse Youth,European Journal of Endocrinology,"Schuurman, G. S., den Heijer, M., Twisk, J. W. R., Hannema, S. E.","The scarcity of robust long-term safety data has contributed to increasing restrictions on the use of gonadotropin-releasing hormone analog (GnRHa) treatment in transgender and gender diverse adolescents (TGDAs) in several countries. Methodological limitations of earlier studies have led to controversy and debate, underscoring the urgent need for high-quality evidence in this fieldTo present a study design using target trial emulation (TTE) to evaluate long-term safety of GnRHa treatment in TGDAs using observational data from national healthcare registries, and highlight methodological challenges.We applied a stepwise TTE approach, to emulate a randomized trial using real-world data. The main methodological challenges were identified as the selection of the control group and the definition of time zero. To address these, we engaged independent experts in causal inference to review the concept design and provide feedback on potential solutions.Expert feedback was systematically summarized and discussed. The resulting study design will select late-presenting TGDA individuals as the control group and defines time zero as the initiation of GnRHa treatment for the intervention group, with the equivalent age assigned as time zero in controls. Sensitivity analyses using alternative control groups and time zero definitions will be included to assess robustness. This approach allows for adjustment of confounders and aims to emulate the conditions of a randomized trial as closely as possible within the constraints of observational data.This discussion paper serves as a methodological example of target trial emulation with observational data to study long-term safety of GnRHa in TGDA. By transparently addressing methodological challenges and incorporating expert input, this approach offers a feasible and ethically sound alternative to RCTs, and contributes to the evidence base needed for informed clinical and policy decisions in transgender healthcare.
      
",doi.org/10.1093/ejendo/lvag105,2026,ZonMw,state-sponsored research institute
Puberty Suppression for Pediatric Gender Dysphoria and the Child’s Right to an Open Future,Archives of Sexual Behavior,"Jorgensen, S. C. J., Athéa, N., Masson, C.","In this essay, we consider the clinical and ethical implications of puberty blockers for pediatric gender dysphoria through the lens of “the child’s right to an open future,” which refers to rights that children do not have the capacity to exercise as minors, but that must be protected, so they can exercise them in the future as autonomous adults. We contrast the open future principle with the beliefs underpinning the gender affirming care model and discuss implications for consent. We evaluate claims that puberty blockers are reversible, discuss the scientific uncertainty about long-term benefits and harms, summarize international developments, and examine how suicide has been used to frame puberty suppression as a medically necessary, lifesaving treatment. In discussing these issues, we include relevant empirical evidence and raise questions for clinicians and researchers. We conclude that treatment pathways that delay decisions about medical transition until the child has had the chance to grow and mature into an autonomous adulthood would be most consistent with the open future principle.
      
",link.springer.com/10.1007/s10508-024-02850-4,2024,SEGM,anti-trans organization
The Myth of “Reliable Research” in Pediatric Gender Medicine: A critical evaluation of the Dutch Studies—and research that has followed,Journal of Sex & Marital Therapy,"Abbruzzese, E., Levine, S. B., Mason, J. W.","Two Dutch studies formed the foundation and the best available evidence for the practice of youth medical gender transition. We demonstrate that this work is methodologically flawed and should have never been used in medical settings as justification to scale this “innovative clinical practice.” Three methodological biases undermine the research: (1) subject selection assured that only the most successful cases were included in the results; (2) the finding that “resolution of gender dysphoria” was due to the reversal of the questionnaire employed; (3) concomitant psychotherapy made it impossible to separate the effects of this intervention from those of hormones and surgery. We discuss the significant risk of harm that the Dutch research exposed, as well as the lack of applicability of the Dutch protocol to the currently escalating incidence of adolescent-onset, non-binary, psychiatrically challenged youth, who are preponderantly natal females. ""Spin"" problems—the tendency to present weak or negative results as certain and positive—continue to plague reports that originate from clinics that are actively administering hormonal and surgical interventions to youth. It is time for gender medicine to pay attention to the published objective systematic reviews and to the outcome uncertainties and definable potential harms to these vulnerable youth.
      
",www.tandfonline.com/doi/full/10.1080/0092623X.2022.2150346,2023,SEGM,anti-trans organization
Puberty blockers for gender dysphoric youth: A lack of sound science,Journal of the American College of Clinical Pharmacy,"Jorgensen, S. C. J., Hunter, P. K., Regenstreif, L., Sinai, J., Malone, W. J.","The medical transition of children and adolescents with gender dysphoria remains highly debated and there is significant divergence in policy internationally.1-7 Mills and colleagues' review the interventions that comprise the “gender-affirmative” care pathway, an approach currently promoted by many medical organizations in North America.6-8 We strongly agree with the authors that pharmacists have a responsibility to “understand the evidence,” and “place the well-being of the patient over any personal cultural beliefs.”8 However, we think the use of evidence to support the authors' claim that gonadotropin releasing hormone (GnRH)-analogs are fully reversible and have been shown to improve mental health, requires critical appraisal.
      
",accpjournals.onlinelibrary.wiley.com/doi/full/10.1002/jac5.1691,2022,SEGM,anti-trans organization
Commentary: The Signal and the Noise—questioning the benefits of puberty blockers for youth with gender dysphoria—a commentary on Rew et al. (2021),Child and Adolescent Mental Health,"Clayton, A., Malone, W. J., Clarke, P., Mason, J., D’Angelo, R.","This commentary is a critique of a recent systematic review of the evidence for the use of puberty blockers for youth with gender dysphoria (GD) by Rew et al. (2021). In our view, the review suffers from several methodological oversights including the omission of relevant studies and suboptimal analysis of the quality of the included studies. This has resulted in an incomplete and incorrect assessment of the evidence base for the use of puberty blockers. We find that Rew et al.’s conclusions and clinician recommendations are problematic, especially when discussing suicidality. A key message of the review’s abstract appears to be that puberty blockers administered in childhood reduce adult suicidality. However, the study used for the basis of this conclusion (Turban et al., 2020) did not make a causal claim between puberty blockers and decreased adult suicidality. Rather, it reported a negative association between using puberty blockers and lifetime suicidal ideation. The study design did not allow for determination of causation. Our commentary concludes by demonstrating how the GD medical literature, as it moves from one publication to the next, can overstate the evidence underpinning clinical practice recommendations for youth with GD.
          SEGM Summary Studies in the field of gender medicine are notoriously unreliable, plagued by small samples, lack of controls, confounding, and bias. This is true for even the “best” studies in the field, such as the “Dutch study”— the foundation of treating gender dysphoric youth with hormones and surgery. While the Dutch protocol showed some positive results in the Netherlands, it could not be replicated in the world’s biggest pediatric gender clinic, the UK’s GIDS. Other studies, many making headlines, suffer from even more serious biases, limitations, and downright erroneous data analyses. Gender medicine does not have a monopoly on bad science, but if poor research were an Olympic event, it would arguably be a favorite to win the gold. Because individual studies can be unreliable, clinicians prefer to base treatment recommendations on systematic reviews of evidence. Systematic reviews scrutinize all the evidence about a topic using rigorous and reproducible methods. While systematic reviews cannot correct for deficiencies in individual studies, they can help separate the “signal” from the “noise.” This, in turn, helps clinicians and their patients make better-informed treatment decisions. In 2021, the UK’s National Institute for Health and Care Excellence (NICE) published a systematic review of evidence of using puberty blockers (GnRH analogues) to treat gender dysphoria. The review failed to find convincing evidence that puberty blockers are helpful (it reached a similar conclusion for cross-sex hormones for youth). The reviewers noted:   '""The results of the studies that reported impact on the critical outcomes of gender dysphoria and mental health (depression, anger and anxiety), and the important outcomes of body image and psychosocial impact (global and psychosocial functioning), in children and adolescents with gender dysphoria are of very low certainty using modified GRADE. They suggest little change with GnRH analogues from baseline to follow-up. Studies that found differences in outcomes could represent changes that are either of questionable clinical value, or the studies themselves are not reliable and changes could be due to confounding, bias or chance.""  This conclusion makes it all the more surprising that another recent systematic review, published on the same topic — puberty blockers — by Rew et al. from the University of Texas at Austin called puberty blockers “potentially life-saving” and concluded, “the evidence to date supports the finding of few serious adverse outcomes and several potential positive outcomes.” How could two systematic reviews, conducted during the same period, and tackling the same topic, have come to such different conclusions? A team of SEGM-affiliated researchers explored this topic in this publication, published in the same peer-reviewed journal that had published the systematic review by Rew et al. What went wrong in the Rew et al. review: The Commentary by Clayton et al. identified a number of problems in Rew et al.’s systematic review, which led them to their problematic conclusion. While we encourage readers to peruse the Commentary in full, here is a summary of the issues:  Failure to identify relevant studies. A quality systematic review should conduct a detailed and exhaustive literature search. Rew et al.’s search strategy yielded only 151 potentially eligible studies, while the NICE review found 525 studies. As a result, several key studies were omitted from the analysis, including one study that showed that an interim improvement in functioning following puberty blockers at 12 months was erased by the 18th-month mark, the study end period (remarkably, but not surprisingly, the study's own abstract omits this vital fact, instead focusing on the temporary 12-month uptick). Rew et al. also omitted at least two other key studies that identified significant risks of puberty blockers to bone health.   A general failure to adequately assess the quality of the included studies, such as an oft-quoted study on suicidality. Assessment of the methodological quality of studies is the key task of a systematic review. Rew et al. attempted, but failed, to appropriately assess the included studies’ quality. This is exemplified by their improper analysis of the Turban et al. 2020 study. The authors missed many problems, including a biased sample composition, an unreliable measure of exposure to puberty blockers, and confounding (the problems in that particular study have already been highlighted by others). The systematic review authors failed to note that suicidality was not improved in 5 of 6 measures and misinterpreted the study’s own conclusions regarding which suicidality measure was presumed to be positively impacted. Rew et al. also ignored the likelihood of reverse causation: rather than puberty blocking leading to less suicidality over a lifetime, that those with better mental health and lower suicidal tendencies were viewed as better candidates for early transition by their clinicians (since responsible clinicians consider stable mental health as the prerequisite for medical transition of minors).   An overreach into making treatment recommendations without following proper steps. Typically, systematic reviews are limited to assessments of the certainty of the evidence and stop short of making treatment recommendations. The latter are the prerogative of treatment guideline developers. However, should systematic review researchers wade into the recommendation territory, they need to follow proper steps, such as articulating key values and preferences used to make the recommendation such as weighing the benefits of medicalization to physical appearance vs. the resultant health risks, assessing resources, costs, and ethics. None of these steps were reported by Rew et al., who endorsed the use of puberty blockers to practitioners while also calling for additional research—a welcome call, which, unfortunately comes off as a token gesture, given the rest of the review’s pro-puberty blocker tone and tenor.  Clayton et al. also reflect more generally on the state of literature in the field of gender dysphoria. They trace how a single flawed study insinuates but stops short of claiming that puberty blockers lead to suicide prevention. They describe how it is then referenced by other studies with increasingly blasé disregard for the methodological limitations, claiming proven benefits and how it eventually makes its way into a flawed systematic review, which further reinforces the erroneous conclusion. Finally, they demonstrate how this mistaken notion is then promoted by an editorial in a prestigious journal, which throws its own reputational weight behind the unproven claims. Clayton et al. refer to this as the “game of telephone,” which is endemic in gender medicine. Each step introduces even more errors and misinterpretations, rendering each subsequent study less and less accurate—and more and more certain of the purported benefits. Clayton et al. aptly ask: when the evidence used to recommend treatment comes from such a convoluted game of telephone, can such patients really be considered to be giving informed consent? Closing Thoughts Systematic reviews belong at the top of the evidence pyramid—but only when they are properly conducted. However, when data are inappropriately analyzed, systematic reviews can be misleading, unhelpful, or even harmful. Unfortunately, as a leading Stanford researcher concluded, most systematic reviews are “misleading or conflicted.” While this problem plagues the entire field of medicine, from plastic surgery to cardiology, it is endemic in the field of gender medicine. The review by Rew et al. is one of several recent examples of poor-quality systematic reviews. Problematic systematic reviews in gender medicine abound, ranging from an error-ridden analysis of surgery regret data, to a woefully inadequate analysis of the effects of hormonal interventions which failed to differentiate between two vastly different interventions as puberty blockers vs cross-sex hormones, among other numerous problems. Alarmingly, the latter was the basis for WPATH’s Standards of Care 8 draft recommendations, which lowered the age of eligibility for cross-sex hormones to 14. At the same time, it is interesting to note that systematic reviews of evidence conducted by public health authorities in the US, UK, Sweden, and Finland, have all concluded that the evidence for gender transition with hormones and surgeries is highly uncertain and the risk / benefit ratio is unclear. The field must engage in rigorous self-examination to explain this chasm. In the meantime, clinicians and patients would be well-served by staying alert to the fact that not just individual studies, but even systematic reviews can be the source of the noise drowning out the signal—the signal that has been registered by the European countries taking a much more cautious stance on pediatric transitions. This signal as yet remains largely muffled in the US. 
      
",onlinelibrary.wiley.com/doi/10.1111/camh.12533,2021,SEGM,anti-trans organization
Revisiting the effect of GnRH analogue treatment on bone mineral density in young adolescents with gender dysphoria,Journal of pediatric endocrinology & metabolism: JPEM,"Biggs, M.","To the Editors,
I write to respond to Joseph, Ting, and Butler’s recent article, describing the effect of administering gonadotropin-releasing hormone analogue (GnRHa) to suppress puberty in adolescents diagnosed with gender dysphoria [1]. The mean of the patients’ bone mineral density (BMD)—relative to the norm for their sex and age—declined significantly over 2 years. What really matters is the lower tail of the distribution, but this information was omitted by Joseph et al. This letter analyses individual data on 24 patients from Joseph et al.’s sample of 31 [2]. It finds that after 2 years of GnRHa, up to a third of patients had abnormally low bone density, in the lowest 2.3% of the distribution for their sex and age. A few patients recorded extremely low values, in the lowest 0.13% of the distribution. This finding undermines Joseph et al.’s conclusions.
          SEGM Summary Suppressing puberty in children suffering from gender dysphoria by administering Gonadotropin-Releasing Hormone Agonist (GnRHa) entails several known risks. One is that patients could “end with a decreased bone density, which is associated with a high risk of osteoporosis"" (Delemarre-van de Waal & Cohen-Kettenis 2006). This study analyzed data from UK's Tavistock clinic regarding bone density of young gender dysphoric people undergoing puberty blockade. The analysis found that after two years on GnRHa, the Z-scores for a significant minority of the children had declined to clinically-concerning levels. For the hip, one third of Z-scores were below -2. For the spine, over a quarter of Z-scores were below the threshold of -2. Some scores fell below ‑3; such low bone density is found in only 0.13% of the population. The clinical consequences of the failure to accrue normal bone mass are unknown, as no data on fractures experienced by children undergoing puberty suppression have been tracked. Biggs cites an example of one patient at the Tavistock clinic who started GnRHa at age 12 and then experienced four broken bones by the age of 16, however it is possible that this case is exceptional. Researchers in the Netherlands have published similar results on bone density, suggesting that future studies should “investigate clinically important outcomes such as fracture risk” (Schagen et al. 2020). Click here to read our full analysis.
      
",www.degruyter.com/document/doi/10.1515/jpem-2021-0180/html,2021,SEGM,anti-trans organization
Forever young? The ethics of ongoing puberty suppression for non-binary adults,Journal of Medical Ethics,"Notini, L., Earp, B. D., Gillam, L., McDougall, R. J., Savulescu, J., Telfer, M., Pang, K. C.","In this article, we analyse the novel case of Phoenix, a non-binary adult requesting ongoing puberty suppression (OPS) to permanently prevent the development of secondary sex characteristics, as a way of affirming their gender identity. We argue that (1) the aim of OPS is consistent with the proper goals of medicine to promote well-being, and therefore could ethically be offered to non-binary adults in principle; (2) there are additional equity-based reasons to offer OPS to non-binary adults as a group; and (3) the ethical defensibility of facilitating individual requests for OPS from non-binary adults also depends on other relevant considerations, including the balance of potential benefits over harms for that specific patient, and whether the patient’s request is substantially autonomous. Although the broadly principlist ethical approach we take can be used to analyse other cases of non-binary adults requesting OPS apart from the case we evaluate, we highlight that the outcome will necessarily depend on the individual’s context and values. However, such clinical provision of OPS should ideally be within the context of a properly designed research study with long-term follow-up and open publication of results.
      
",jme.bmj.com/lookup/doi/10.1136/medethics-2019-106012,2020,OIS,state-sponsored research institute
Nonmedical Gender-Affirming Practices in Transgender and Gender Diverse Adolescents: A Narrative Review,Transgender Health,"Diana, P., Belluzzi, B., Corona, F., Barbi, E., Tornese, G.","Purpose: Transgender and gender diverse (TGD) adolescents may experience distress with chest and genital anatomy as a result of incongruence between their gender identity and their assigned sex. Nonmedical gender affirmation practices (chest binding or padding/genital tucking or packing) are reversible and temporary gender-affirming practices that may help alleviate the distress before, or in addition to, medical or surgical treatment. Although these nonmedical gender-affirming practices can provide mental health benefits, they may also have long-term physical side effects. This review aimed to summarize available data on the risks and benefits of nonmedical gender-affirming practices in TGD adolescents.
Methods: A narrative literature search of major databases was conducted. Given the paucity of studies with TGD adolescents, data from studies conducted with TGD adults were included to outline an overall picture of the younger population.
Results: A total of 17 articles and four online resources were included in this review. Nonmedical gender-affirming practices have a strong positive impact on the mental health of TGD youth. When binding and tucking are performed conscientiously, both practices are generally safe. Pediatricians and other involved health providers should discuss with youth the main risks associated with binding (back pain, overheating, skin irritations, and chest compression) and tucking (itching, skin irritations, infections, and testicular torsion) while providing advice on how to minimize them.
Conclusions: Nonmedical gender-affirming practices can relieve mental suffering caused by gender incongruence. Adolescents, families, and health care professionals should improve their knowledge of the risks and benefits of these practices. Due to lack of data on nonmedical gender-affirming practices in pediatrics, our findings confirm the urgent need for dedicated research on nonmedical gender-affirming practices among TGD adolescents.
      
",doi.org/10.1089/trgh.2023.0194,2026,Italian Ministry of Health,state-sponsored research institute
Stability and Change in Gender Identity and Sexual Orientation Across Childhood and Adolescence,Monographs of the Society for Research in Child Development,"deMayo, B. E., Gallagher, N. M., Leshin, R. A., Olson, K. R.","As increasing numbers of transgender, gender diverse, and queer youths come out to their friends, families and communities, their rights to express their identities in public life have become the subject of intense media scrutiny and political debate. But for all the attention transgender, gender diverse, and queer youth have received from politicians, journalists, and public intellectuals, basic science research on how these youth actually experience their identities over time remains scarce. In this monograph, we contribute to the emerging knowledge base on this topic by presenting a detailed quantitative description of gender identity and sexual orientation in a sample of over 900 North American transgender, gender diverse, and cisgender youths in the Trans Youth Project (Mage = 8.1 years at first visit; Mage = 14.3 at latest visit; 99% living in the United States, 1% in Canada; 69% non‐Hispanic white; 73% household income >$75,000). Youths are in one of three groups: (1) a group of early identifying transgender youths, who were supported by their parents in a social gender transition (changing their name, pronouns, hairstyle, and clothing) by age 12 (Mage at transition = 6.5; N = 317); (2) a group of their siblings, who were cisgender at the beginning of their participation in the study (N = 218); and (3) a group of cisgender youths who were age‐ and gender‐matched to, but not family members of, the early identifying transgender youths (N = 377). Data on the youths' identities have been collected from the youths themselves and their parents between 2013 and 2024. We had two primary research goals. First, we described stability or change in youths' gender identity (Chapter 4) and sexual orientation (Chapter 6). We asked whether transgender youths' rates of change were or were not different from those of cisgender youths. Second, we examined whether measures of gender development earlier in development were related to youths' later gender identity (Chapter 5) or sexual orientation (Chapter 6) trajectories into adolescence. Stability in gender identity was by far the most common pathway for youths in all three groups, with over 80% of youths showing stability throughout their participation in the study. We saw similarity between the three groups of youths, such that the early identifying transgender youths were no more or less likely to show gender change than their siblings or youths in the unrelated comparison sample. Nevertheless, 11.9% of youths who started as cisgender were not so at their most recent report—a much higher proportion than would be predicted based on assumptions held in classic developmental psychology research about gender since the 1950s. When gender change did occur in all three groups, it overwhelmingly involved change to (and, to a lesser extent, from) a nonbinary gender identity. Results were similar regardless of whether youth‐ or parent‐report data were considered, and we found no evidence that youths were more or less likely to change at particular ages. We observed some evidence that more gender nonconformity in childhood (e.g., more femininity in childhood among children living as boys) was related to later gender change, but results were somewhat inconsistent across measures and gender identities. Youths showed diverse sexual orientations, with 60% of binary transgender and 33% of cisgender adolescents expressing queer (i.e., not straight) romantic or sexual interest. A high percentage of youths overall (37%) indicated interest in both boys and girls—a pattern particularly common among nonbinary youths. Finally, more than a third of youths have shown change in their sexual orientation, and childhood gender nonconformity was associated with whether currently binary transgender or cisgender teenagers most recently reported a queer identity. Our results accord with recent evidence indicating that today's youth are defying assumptions about gender and sexual orientation from decades of developmental research, considering gender and sexual orientation to be relatively flexible social identities rather than ones that are fixed, and view gender as having more than two categories. Early identifying transgender children's sense of their own gender was no more or less stable than cisgender children's, suggesting that children who are supported in their transgender identities tend to show developmental patterns that mirror their cisgender peers. Finally, in Chapter 7, we discuss how our findings exemplify and respond to this unique historical moment, the ways in which our findings do and do not align with past work about gender‐ nonconforming children, and how future research can continue to make strides toward better understanding a wider swath of gender development trajectories.
      
",srcd.onlinelibrary.wiley.com/doi/10.1111/mono.12479,2025,NSF,state-sponsored research institute
Stability and Change in Gender Identity and Sexual Orientation Across Childhood and Adolescence,Monographs of the Society for Research in Child Development,"deMayo, B. E., Gallagher, N. M., Leshin, R. A., Olson, K. R.","As increasing numbers of transgender, gender diverse, and queer youths come out to their friends, families and communities, their rights to express their identities in public life have become the subject of intense media scrutiny and political debate. But for all the attention transgender, gender diverse, and queer youth have received from politicians, journalists, and public intellectuals, basic science research on how these youth actually experience their identities over time remains scarce. In this monograph, we contribute to the emerging knowledge base on this topic by presenting a detailed quantitative description of gender identity and sexual orientation in a sample of over 900 North American transgender, gender diverse, and cisgender youths in the Trans Youth Project (Mage = 8.1 years at first visit; Mage = 14.3 at latest visit; 99% living in the United States, 1% in Canada; 69% non‐Hispanic white; 73% household income >$75,000). Youths are in one of three groups: (1) a group of early identifying transgender youths, who were supported by their parents in a social gender transition (changing their name, pronouns, hairstyle, and clothing) by age 12 (Mage at transition = 6.5; N = 317); (2) a group of their siblings, who were cisgender at the beginning of their participation in the study (N = 218); and (3) a group of cisgender youths who were age‐ and gender‐matched to, but not family members of, the early identifying transgender youths (N = 377). Data on the youths' identities have been collected from the youths themselves and their parents between 2013 and 2024. We had two primary research goals. First, we described stability or change in youths' gender identity (Chapter 4) and sexual orientation (Chapter 6). We asked whether transgender youths' rates of change were or were not different from those of cisgender youths. Second, we examined whether measures of gender development earlier in development were related to youths' later gender identity (Chapter 5) or sexual orientation (Chapter 6) trajectories into adolescence. Stability in gender identity was by far the most common pathway for youths in all three groups, with over 80% of youths showing stability throughout their participation in the study. We saw similarity between the three groups of youths, such that the early identifying transgender youths were no more or less likely to show gender change than their siblings or youths in the unrelated comparison sample. Nevertheless, 11.9% of youths who started as cisgender were not so at their most recent report—a much higher proportion than would be predicted based on assumptions held in classic developmental psychology research about gender since the 1950s. When gender change did occur in all three groups, it overwhelmingly involved change to (and, to a lesser extent, from) a nonbinary gender identity. Results were similar regardless of whether youth‐ or parent‐report data were considered, and we found no evidence that youths were more or less likely to change at particular ages. We observed some evidence that more gender nonconformity in childhood (e.g., more femininity in childhood among children living as boys) was related to later gender change, but results were somewhat inconsistent across measures and gender identities. Youths showed diverse sexual orientations, with 60% of binary transgender and 33% of cisgender adolescents expressing queer (i.e., not straight) romantic or sexual interest. A high percentage of youths overall (37%) indicated interest in both boys and girls—a pattern particularly common among nonbinary youths. Finally, more than a third of youths have shown change in their sexual orientation, and childhood gender nonconformity was associated with whether currently binary transgender or cisgender teenagers most recently reported a queer identity. Our results accord with recent evidence indicating that today's youth are defying assumptions about gender and sexual orientation from decades of developmental research, considering gender and sexual orientation to be relatively flexible social identities rather than ones that are fixed, and view gender as having more than two categories. Early identifying transgender children's sense of their own gender was no more or less stable than cisgender children's, suggesting that children who are supported in their transgender identities tend to show developmental patterns that mirror their cisgender peers. Finally, in Chapter 7, we discuss how our findings exemplify and respond to this unique historical moment, the ways in which our findings do and do not align with past work about gender‐ nonconforming children, and how future research can continue to make strides toward better understanding a wider swath of gender development trajectories.
      
",srcd.onlinelibrary.wiley.com/doi/10.1111/mono.12479,2025,NIH,state-sponsored research institute
Gender Identity 5 Years After Social Transition,Pediatrics,"Olson, K. R., Durwood, L., Horton, R., Gallagher, N. M., Devor, A.","BACKGROUND AND OBJECTIVES: Concerns about early childhood social transitions amongst transgender youth include that these youth may later change their gender identification (i.e., retransition), a process that could be distressing. The present study aimed to provide the first estimate of retransitioning and to report the current gender identities of youth an average of 5 years after their initial social transitions.
METHODS: The present study examined the rate of retransition and current gender identities of 317 initially-transgender youth (208 transgender girls, 109 transgender boys; M=8.1 years at start of study) participating in a longitudinal study, the Trans Youth Project. Data were reported by youth and their parents through in-person or online visits or via email or phone correspondence.
RESULTS: We found that an average of 5 years after their initial social transition, 7.3% of youth had retransitioned at least once. At the end of this period, most youth identified as binary transgender youth (94%), including 1.3% who retransitioned to another identity before returning to their binary transgender identity. 2.5% of youth identified as cisgender and 3.5% as nonbinary. Later cisgender identities were more common amongst youth whose initial social transition occurred before age 6 years; the retransition often occurred before age 10.
CONCLUSIONS: These results suggest that retransitions are infrequent. More commonly, transgender youth who socially transitioned at early ages continued to identify that way. Nonetheless, understanding retransitions is crucial for clinicians and families to help make them as smooth as possible for youth.
          SEGM Summary SEGM Summary:This study examined the 5-year gender identity development trajectory of transgender-identified children who underwent early social gender transition (SGT). The children were, on average, 6-7 years old at the time of SGT. Five years later, at the average age of 11-12, almost all—97.5%—continued to identify as transgender, including a small subset (3.5%) developing a non-binary identification. Only 2.5% of the children desisted from transgender identification by the end of the study period, and re-identified with their sex. The authors concluded that detransition among previously socially gender transitioned youth is rare. A significant proportion of the youth in the study had already initiated interventions with puberty blockers (29%) and cross-sex hormones (31%) by the end of the study, and the authors opined that the remainder would likely initiate medical interventions in the future.This finding is in sharp contrast to earlier research demonstrating that most cases of childhood-onset gender incongruence tend to resolve sometime during adolescence and before reaching mature adulthood. However, the children in the prior research were not socially transitioned, and early social transition had been discouraged by prior protocols. Some of the recent news coverage of this study incorrectly stated that the study confirmed that children who claim a transgender identity rarely change their minds. This statement is only partially accurate. A more accurate statement is that the study suggests that children who claim a transgender identity and undergo early social transition rarely change their minds, at least into their early teen years. This is because the Trans Youth Project, the source of the study's data, is specifically focused on evaluating the effects of early social gender transition in gender-diverse youth, and social gender transition was a prerequisite for participating in the study. Click here to read our full analysis.
      
",publications.aap.org/pediatrics/article/doi/10.1542/peds.2021-056082/186992/Gender-Identity-5-Years-After-Social-Transition,2022,NIH,state-sponsored research institute
Gender Identity 5 Years After Social Transition,Pediatrics,"Olson, K. R., Durwood, L., Horton, R., Gallagher, N. M., Devor, A.","BACKGROUND AND OBJECTIVES: Concerns about early childhood social transitions amongst transgender youth include that these youth may later change their gender identification (i.e., retransition), a process that could be distressing. The present study aimed to provide the first estimate of retransitioning and to report the current gender identities of youth an average of 5 years after their initial social transitions.
METHODS: The present study examined the rate of retransition and current gender identities of 317 initially-transgender youth (208 transgender girls, 109 transgender boys; M=8.1 years at start of study) participating in a longitudinal study, the Trans Youth Project. Data were reported by youth and their parents through in-person or online visits or via email or phone correspondence.
RESULTS: We found that an average of 5 years after their initial social transition, 7.3% of youth had retransitioned at least once. At the end of this period, most youth identified as binary transgender youth (94%), including 1.3% who retransitioned to another identity before returning to their binary transgender identity. 2.5% of youth identified as cisgender and 3.5% as nonbinary. Later cisgender identities were more common amongst youth whose initial social transition occurred before age 6 years; the retransition often occurred before age 10.
CONCLUSIONS: These results suggest that retransitions are infrequent. More commonly, transgender youth who socially transitioned at early ages continued to identify that way. Nonetheless, understanding retransitions is crucial for clinicians and families to help make them as smooth as possible for youth.
          SEGM Summary SEGM Summary:This study examined the 5-year gender identity development trajectory of transgender-identified children who underwent early social gender transition (SGT). The children were, on average, 6-7 years old at the time of SGT. Five years later, at the average age of 11-12, almost all—97.5%—continued to identify as transgender, including a small subset (3.5%) developing a non-binary identification. Only 2.5% of the children desisted from transgender identification by the end of the study period, and re-identified with their sex. The authors concluded that detransition among previously socially gender transitioned youth is rare. A significant proportion of the youth in the study had already initiated interventions with puberty blockers (29%) and cross-sex hormones (31%) by the end of the study, and the authors opined that the remainder would likely initiate medical interventions in the future.This finding is in sharp contrast to earlier research demonstrating that most cases of childhood-onset gender incongruence tend to resolve sometime during adolescence and before reaching mature adulthood. However, the children in the prior research were not socially transitioned, and early social transition had been discouraged by prior protocols. Some of the recent news coverage of this study incorrectly stated that the study confirmed that children who claim a transgender identity rarely change their minds. This statement is only partially accurate. A more accurate statement is that the study suggests that children who claim a transgender identity and undergo early social transition rarely change their minds, at least into their early teen years. This is because the Trans Youth Project, the source of the study's data, is specifically focused on evaluating the effects of early social gender transition in gender-diverse youth, and social gender transition was a prerequisite for participating in the study. Click here to read our full analysis.
      
",publications.aap.org/pediatrics/article/doi/10.1542/peds.2021-056082/186992/Gender-Identity-5-Years-After-Social-Transition,2022,NSF,state-sponsored research institute
Predictors and Mental Health Benefits of Chosen Name Use Among Transgender Youth,Youth & Society,"Pollitt, A. M., Ioverno, S., Russell, S. T., Li, G., Grossman, A. H.","Chosen name use among transgender youth (youth whose gender identities are different from their sex assigned at birth) can be part of the complex process of aligning gender presentation with gender identity and can promote mental health. However, little is known about the factors that predict whether or not transgender youth have a chosen name and outcomes of chosen name use, especially in specific social contexts. We examined, among a sample of 129 transgender youth from three cities in the United States, differences in sociodemographic characteristics and mental health outcomes between transgender youth with and without a chosen name and, among those with a chosen name, predictors and mental health benefits of being able to use a chosen name at home, school, and work. There were few differences between transgender youth with and without a chosen name. Among transgender youth with a chosen name, disclosure of gender identity to supportive family and teachers predicted chosen name use at home and school, respectively. Chosen name use was associated with large reductions in negative health outcomes and relatively smaller improvements in positive mental health outcomes. Our results show that chosen name use is part of the gender affirmation process for some, but not all, transgender youth and is associated with better mental health among transgender youth who adopt a chosen name.
      
",http://journals.sagepub.com/doi/10.1177/0044118X19855898,2019,NIH,state-sponsored research institute
Mental Health and Self-Worth in Socially Transitioned Transgender Youth,Journal of the American Academy of Child & Adolescent Psychiatry,"Durwood, L., McLaughlin, K. A., Olson, K. R.","OBJECTIVE: Social transitions are increasingly common for transgender children. A social transition involves a child presenting to other people as a member of the “opposite” gender in all contexts (e.g., wearing clothes and using pronouns of that gender). Little is known about the wellbeing of socially transitioned transgender children. This study examined self-reported depression, anxiety, and self-worth in socially transitioned transgender children compared with 2 control groups: age- and gender-matched controls and siblings of transgender children.
METHOD: As part of a longitudinal study (TransYouth Project), children (9–14 years old) and their parents completed measurements of depression and anxiety (n = 63 transgender children, n = 63 controls, n = 38 siblings). Children (6–14 years old; n = 116 transgender children, n = 122 controls, n = 72 siblings) also reported on their self-worth. Mental health and self-worth were compared across groups.
RESULTS: Transgender children reported depression and self-worth that did not differ from their matched-control or sibling peers (p = .311), and they reported marginally higher anxiety (p = . 076). Compared with national averages, transgender children showed typical rates of depression (p = .290) and marginally higher rates of anxiety (p = .096). Parents similarly reported that their transgender children experienced more anxiety than children in the control groups (p = .002) and rated their transgender children as having equivalent levels of depression (p = .728).
CONCLUSION: These findings are in striking contrast to previous work with gendernonconforming children who had not socially transitioned, which found very high rates of depression and anxiety. These findings lessen concerns from previous work that parents of socially transitioned children could be systematically underreporting mental health problems.
          SEGM Summary SEGM Summary: The 2017 study by Durwood et al. used the data from TransYouth Project, collecting both parental and self-reports of depression, anxiety and self-worth measures for children ages 9-14. The findings broadly confirmed those of the first study using the data from TransYouth Project (Olson et al., 2016), finding that social transition was associated with better psychological function. It is important to note these authors' own statements in these papers: a) that prepubescent social transition for GD children is controversial. b) that there is “little known about the well-being of socially transitioned transgender children.” c) That there are numerous limitations to their own findings, including the acknowledgement that the study design does not allow one to draw a causal inference that social transition in prepubescent GD children improves mental health outcomes. SEGM Plain Language Conclusion: This is one of two key empirical studies quoted by those arguing for social transition of children (the other study is by Olson et al., 2016, both used the same data source known as TransYouth Project). The study findings showed that gender-dysphoric children ages 9-14 who underwent social gender transition had psychological functioning similar to their gender-normative peers. The authors of the study contrast this high level of function to the typically lower-level of psychological function in gender-dysphoric children in other studies. However, the study has a number of serious methodological limitations, and cannot be used to assert that social transition produces psychological benefits, or that the benefits outweigh the potential risks:  The data source is TransYouth Project, an initiative targeting highly involved gender-affirming parents interested in tracking their children's outcomes overtime. A high level of function found in such children may or may not be related to their social transition status. One other obvious limitation of the TransYouth Project data is that parents whose children stop identifying as transgender are not likely to stay in this longitudinal project. Thus, the potential negative outcomes of a premature social transition for desisting children are likely not captured. Since historically, the majority of prepubertal children have eventually desisted from transgender identification, the study is unable to provide any information about the risks, or weigh the benefits vs the risks. Further, a reanalysis of the subset of the data from TransYouth Project (Wong et al., 2019) that controlled for additional variables (including peer relations) with a multivariate analysis failed to demonstrate that social transition was associated with positive outcomes. Rather, the positive function was accounted for by positive peer relations. The study by Wong et al. concluded, ""Socially transitioned children appear to experience similar levels of psychosocial challenges as CGV [gender-variant but not socially transitoned] children. The study authors themselves warn against concluding that pediatric social transition improves psychological outcomes.  
      
",www.jaacap.org/article/S0890-8567(16)31941-4/abstract,2017,Arcus Foundation,queer organization
"Medical decision-making competence regarding puberty suppression: perceptions of transgender adolescents, their parents and clinicians",European Child & Adolescent Psychiatry,"Vrouenraets, L. J. J. J., de Vries, A. L. C., Arnoldussen, M., Hannema, S. E., Lindauer, R. J. L., de Vries, M. C., Hein, I. M.","According to international transgender care guidelines, transgender adolescents should have medical decision-making competence (MDC) to start puberty suppression (PS) and halt endogenous pubertal development. However, MDC is a debated concept in adolescent transgender care and little is known about the transgender adolescents’, their parents’, and clinicians’ perspectives on this. Increasing our understanding of these perspectives can improve transgender adolescent care. A qualitative interview study with adolescents attending two Dutch gender identity clinics (eight transgender adolescents who proceeded to gender-affirming hormones after PS, and six adolescents who discontinued PS) and 12 of their parents, and focus groups with ten clinicians was conducted. From thematic analysis, three themes emerged regarding transgender adolescents’ MDC to start PS: (1) challenges when assessing MDC, (2) aspects that are considered when assessing MDC, and (3) MDC’s relevance. The four criteria one needs to fulfill to have MDC—understanding, appreciating, reasoning, communicating a choice—were all, to a greater or lesser extent, mentioned by most participants, just as MDC being relative to a specific decision and context. Interestingly, most adolescents, parents and clinicians find understanding and appreciating PS and its consequences important for MDC. Nevertheless, most state that the adolescents did not fully understand and appreciate PS and its consequences, but were nonetheless able to decide about PS. Parents’ support of their child was considered essential in the decision-making process. Clinicians find MDC difficult to assess and put into practice in a uniform way. Dissemination of knowledge about MDC to start PS would help to adequately support adolescents, parents and clinicians in the decision-making process.
      
",link.springer.com/10.1007/s00787-022-02076-6,2022,FWOS,state-sponsored research institute
Bone Development in Transgender Adolescents Treated With GnRH Analogues and Subsequent Gender-Affirming Hormones,The Journal of Clinical Endocrinology & Metabolism,"Schagen, S. E. E., Wouters, F. M., Cohen-Kettenis, P. T., Gooren, L. J., Hannema, S. E.","CONTEXT: Hormonal interventions in adolescents with gender dysphoria may have adverse effects, such as reduced bone mineral accrual.
OBJECTIVE: To describe bone mass development in adolescents with gender dysphoria treated with gonadotropin-releasing hormone analogues (GnRHa), subsequently combined with gender-affirming hormones.
DESIGN: Observational prospective study.
SUBJECTS: 51 transgirls and 70 transboys receiving GnRHa and 36 transgirls and 42 transboys receiving GnRHa and gender-affirming hormones, subdivided into early- and late-pubertal groups.
MAIN OUTCOME MEASURES: Bone mineral apparent density (BMAD), age- and sex-specific BMAD z-scores, and serum bone markers.
RESULTS: At the start of GnRHa treatment, mean areal bone mineral density (aBMD) and BMAD values were within the normal range in all groups. In transgirls, the mean z-scores were well below the population mean. During 2 years of GnRHa treatment, BMAD stabilized or showed a small decrease, whereas z-scores decreased in all groups. During 3 years of combined administration of GnRHa and gender-affirming hormones, a significant increase of BMAD was found. Z-scores normalized in transboys but remained below zero in transgirls. In transgirls and early pubertal transboys, all bone markers decreased during GnRHa treatment.
CONCLUSIONS: BMAD z-scores decreased during GnRHa treatment and increased during gender-affirming hormone treatment. Transboys had normal z-scores at baseline and at the end of the study. However, transgirls had relatively low z-scores, both at baseline and after 3 years of estrogen treatment. It is currently unclear whether this results in adverse outcomes, such as increased fracture risk, in transgirls as they grow older.
          SEGM Summary This prospective but uncontrolled observational study investigated the effect of GnRH agonist therapy alone or with subsequent cross-sex hormone administration on markers of bone turnover, apparent bone density (BMAD) and bone density z-scores, with analysis of subjects started early (Tanner state 1-2) and late (Tanner 3-4) in pubertal development. The study included 51 MTF and 70 FTM subjects receiving GnRH agonsits for 2 years, with 36 MTF and 42 FTM receiving cross-sex hormones for 3 years. This study confirmed reduction in bone turnover and failure to increase BMAD during exposure to GnRH agonists. Administration of estrogen to biological males led to increased bone density accrual but did not normalize BMAD z-scores after 3 years. Biological females receiving testosterone showed improvement in BMAD z-scores to those of biological female peers.    SEGM Plain Language Conclusion: This study confirmed that use of puberty blockers during normally timed puberty reduces bone turnover and prevents normal accrual of bone density. The addition of cross-sex hormones for three years after pubertal blockade did not result in normalization of bone density in males treated with estrogen. Females receiving testosterone showed near normalization of bone density. Effects on bone structure and fracture risk remain unknown. 
      
",academic.oup.com/jcem/article/doi/10.1210/clinem/dgaa604/5903559,2020,Ferring Pharmaceuticals,pharmaceutical company
"Brain Maturation, Cognition and Voice Pattern in a Gender Dysphoria Case under Pubertal Suppression",Frontiers in Human Neuroscience,"Schneider, M. A., Spritzer, P. M., Soll, B. M. B., Fontanari, A. M. V., Carneiro, M., Tovar-Moll, F., Costa, A. B., da Silva, D. C., Schwarz, K., …, Lobato, M. I. R.","Introduction: Gender dysphoria (GD) (DMS-5) is a condition marked by increasing psychological suffering that accompanies the incongruence between one's experienced or expressed gender and one's assigned gender. Manifestation of GD can be seen early on during childhood and adolescence. During this period, the development of undesirable sexual characteristics marks an acute suffering of being opposite to the sex of birth. Pubertal suppression with gonadotropin releasing hormone analogs (GnRHa) has been proposed for these individuals as a reversible treatment for postponing the pubertal development and attenuating psychological suffering. Recently, increased interest has been observed on the impact of this treatment on brain maturation, cognition and psychological performance. Objectives: The aim of this clinical report is to review the effects of puberty suppression on the brain white matter (WM) during adolescence. WM Fractional anisotropy, voice and cognitive functions were assessed before and during the treatment. MRI scans were acquired before, and after 22 and 28 months of hormonal suppression. Methods: We performed a longitudinal evaluation of a pubertal transgender girl undergoing hormonal treatment with GnRH analog. Three longitudinal magnetic resonance imaging (MRI) scans were performed for diffusion tensor imaging (DTI), regarding Fractional Anisotropy (FA) for regions of interest analysis. In parallel, voice samples for acoustic analysis as well as executive functioning with the Wechsler Intelligence Scale (WISC-IV) were performed. Results: During the follow-up, white matter fractional anisotropy did not increase, compared to normal male puberty effects on the brain. After 22 months of pubertal suppression, operational memory dropped 9 points and remained stable after 28 months of follow-up. The fundamental frequency of voice varied during the first year; however, it remained in the female range. Conclusion: Brain white matter fractional anisotropy remained unchanged in the GD girl during pubertal suppression with GnRHa for 28 months, which may be related to the reduced serum testosterone levels and/or to the patient's baseline low average cognitive performance.Global performance on the Weschler scale was slightly lower during pubertal suppression compared to baseline, predominantly due to a reduction in operational memory. Either a baseline of low average cognition or the hormonal status could play a role in cognitive performance during pubertal suppression. The voice pattern during the follow-up seemed to reflect testosterone levels under suppression by GnRHa treatment.
          SEGM Summary SEGM Summary: This case study is the first report of neurological changes in an 11 year old male with gender dysphoria given gonadotropin releasing hormone analogs (GnRHa) to suppress puberty. The Wechsler tests were administered to assess global IQ (GIQ), comprehension, perceptual reasoning, operational memory, and processing speed at ages 11 years and 10 months, 13 years and 3 months, and 14 years and 3 months. The subject’s performance in the Wechsler scale declined from pre-treatment baseline and remained lower during puberty suppression, with the most pronounced declines in executive function and operational memory. 
      
",http://journal.frontiersin.org/article/10.3389/fnhum.2017.00528/full,2017,CNPq,state-sponsored research institute
Effect of pubertal suppression and cross-sex hormone therapy on bone turnover markers and bone mineral apparent density (BMAD) in transgender adolescents,Bone,"Vlot, M. C., Klink, D. T., den Heijer, M., Blankenstein, M. A., Rotteveel, J., Heijboer, A. C.","Puberty is highly important for the accumulation of bone mass. Bone turnover and bone mineral density (BMD) can be affected in transgender adolescents when puberty is suppressed by gonadotropin-releasing hormone analogues (GnRHa), followed by treatment with cross-sex hormone therapy (CSHT). We aimed to investigate the effect of GnRHa and CSHT on bone turnover markers (BTMs) and bone mineral apparent density (BMAD) in transgender adolescents. Gender dysphoria was diagnosed based on diagnostic criteria according to the DSM-IV (TR). Thirty four female-to-male persons (transmen) and 22 male-to-female persons (transwomen)were included. Patients were allocated to a young (bone age of <15years in transwomen or <14 in transmen) or old group (bone age of ≥15years in transwomen or ≥14years in transmen). All were treated with GnRHa triptorelin and CSHT was added in incremental doses from the age of 16years. Transmen received testosterone esters (Sustanon, MSD) and transwomen received 17-β estradiol. P1NP, osteocalcin, ICTP and BMD of lumbar spine (LS) and femoral neck (FN) were measured at three time points. In addition, BMAD and Z-scores were calculated. We found a decrease of P1NP and 1CTP during GnRHa treatment, indicating decreased bone turnover (young transmen 95% CI -74 to -50%, p=0.02, young transwomen 95% CI -73 to -43, p=0.008). The decrease in bone turnover upon GnRHa treatment was accompanied by an unchanged BMAD of FN and LS, whereas BMAD Z-scores of predominantly the LS decreased especially in the young transwomen. Twenty-four months after CSHT the BTMs P1NP and ICTP were even more decreased in all groups except for the old transmen. During CSHT BMAD increased and Z-scores returned towards normal, especially of the LS (young transwomen CI 95% 0.1 to 0.6, p=0.01, old transwomen 95% CI 0.3 to 0.8, p=0.04). To conclude, suppressing puberty by GnRHa leads to a decrease of BTMs in both transwomen and transmen transgender adolescents. The increase of BMAD and BMAD Z-scores predominantly in the LS as a result of treatment with CSHT is accompanied by decreasing BTM concentrations after 24months of CSHT. Therefore, the added value of evaluating BTMs seems to be limited and DXA-scans remain important in follow-up of bone health of transgender adolescents.
          SEGM Summary SEGM Summary: In healthy adolescents, bone mass accumulates during puberty. The first retrospective study of the effects of suppressing puberty and cross-sex hormones on bone turnover markers in 56 adolescents with gender dysphoria examined the effects of pubertal suppression by gonadotropin-releasing hormone analogues (GnRHa) and subsequent cross-sex hormone administration on bone turnover markers (BTM), bone mineral apparent density (BMAD), and the associated Z-scores.  In this in study, administration GnRHa treatment led to a decrease in BTM, a reduction in BMAD Z-scores, and a stable, rather than increased BMAD, suggesting a loss of bone density in the GnRHa-treated adolescents compared to their peers. After the initiation of CSH, BTM continued to decrease, while BMAD increased. Although BMAD Z-scores increased, the pre-treatment BMAD Z-scores were not reached in most adolescents treated with CSH after 24 months. SEGM Plain Language Conclusion: In this study, puberty-blocker treatment led to a delay in bone mass accumulation. Although the subsequent cross-sex hormone administration stimulated bone growth, it was not sufficient to catch up to the bone density of the untreated peers. Thus, the treatment pathway of puberty blockade followed by cross-sex hormones for at least two years lead to a failure to achieve peak bone density for both biologically male and female adolescents.  
      
",linkinghub.elsevier.com/retrieve/pii/S8756328216303337,2017,Abbott Diagnostics,pharmaceutical company
Efficacy and Safety of Gonadotropin-Releasing Hormone Agonist Treatment to Suppress Puberty in Gender Dysphoric Adolescents,The Journal of Sexual Medicine,"Schagen, S. E., Cohen-Kettenis, P. T., Delemarre-van de Waal, H. A., Hannema, S. E.","INTRODUCTION: Puberty suppression using gonadotropin-releasing hormone agonists (GnRHas) is recommended by current guidelines as the treatment of choice for gender dysphoric adolescents. Although GnRHas have long been used to treat precocious puberty, there are few data on the efﬁcacy and safety in gender dysphoric adolescents. Therefore, the Endocrine Society guideline recommends frequent monitoring of gonadotropins, sex steroids, and renal and liver function. Aim: To evaluate the efﬁcacy and safety of GnRHa treatment to suppress puberty in gender dysphoric adolescents.
METHODS: Forty-nine male-to-female and 67 female-to-male gender dysphoric adolescents treated with triptorelin were included in the analysis. Main Outcome Measures: Physical examination, including assessment of Tanner stage, took place every 3 months and blood samples were drawn at 0, 3, and 6 months and then every 6 months. Body composition was evaluated using dual energy x-ray absorptiometry.
RESULTS: GnRHa treatment caused a decrease in testicular volume in 43 of 49 male-to-female subjects. In one of four female-to-male subjects who presented at Tanner breast stage 2, breast development completely regressed. Gonadotropins and sex steroid levels were suppressed within 3 months. Treatment did not have to be adjusted because of insufﬁcient suppression in any subject. No sustained abnormalities of liver enzymes or creatinine were encountered. Alkaline phosphatase decreased, probably related to a slower growth velocity, because height SD score decreased in boys and girls. Lean body mass percentage signiﬁcantly decreased during the ﬁrst year of treatment in girls and boys, whereas fat percentage signiﬁcantly increased.
CONCLUSION: Triptorelin effectively suppresses puberty in gender dysphoric adolescents. These data suggest routine monitoring of gonadotropins, sex steroids, creatinine, and liver function is not necessary during treatment with triptorelin. Further studies should evaluate the extent to which changes in height SD score and body composition that occur during GnRHa treatment can be reversed during subsequent cross-sex hormone treatment.
      
",linkinghub.elsevier.com/retrieve/pii/S1743609516302193,2016,Ferring Pharmaceuticals,pharmaceutical company
"Psychological Support, Puberty Suppression, and Psychosocial Functioning in Adolescents with Gender Dysphoria",The Journal of Sexual Medicine,"Costa, R., Dunsford, M., Skagerberg, E., Holt, V., Carmichael, P., Colizzi, M.","Introduction. Puberty suppression by gonadotropin-releasing hormone analogs (GnRHa) is prescribed to relieve the distress associated with pubertal development in adolescents with gender dysphoria (GD) and thereby to provide space for further exploration. However, there are limited longitudinal studies on puberty suppression outcome in GD. Also, studies on the effects of psychological support on its own on GD adolescents’ well-being have not been reported. Aim. This study aimed to assess GD adolescents’ global functioning after psychological support and puberty suppression.
Methods. Two hundred one GD adolescents were included in this study. In a longitudinal design we evaluated adolescents’ global functioning every 6 months from the ﬁrst visit. Main Outcome Measures. All adolescents completed the Utrecht Gender Dysphoria Scale (UGDS), a self-report measure of GD-related discomfort. We used the Children’s Global Assessment Scale (CGAS) to assess the psychosocial functioning of adolescents.
Results. At baseline, GD adolescents showed poor functioning with a CGAS mean score of 57.7 ± 12.3. GD adolescents’ global functioning improved signiﬁcantly after 6 months of psychological support (CGAS mean score: 60.7 ± 12.5; P < 0.001). Moreover, GD adolescents receiving also puberty suppression had signiﬁcantly better psychosocial functioning after 12 months of GnRHa (67.4 ± 13.9) compared with when they had received only psychological support (60.9 ± 12.2, P = 0.001).
Conclusion. Psychological support and puberty suppression were both associated with an improved global psychosocial functioning in GD adolescents. Both these interventions may be considered effective in the clinical management of psychosocial functioning difﬁculties in GD adolescents. Costa R, Dunsford M, Skagerberg E, Holt V, Carmichael P, Colizzi M. Psychological support, puberty suppression, and psychosocial functioning in adolescents with gender dysphoria. J Sex Med 2015;12:2206–2214.
      
",kings-qa.qa.elsevierpure.com/en/publications/psychological-support-puberty-suppression-and-psychosocial-functi,2015,NHS,state-sponsored research institute
Puberty Suppression in Adolescents With Gender Identity Disorder: A Prospective Follow‐Up Study,The Journal of Sexual Medicine,"de Vries, A. L. C., Steensma, T. D., Doreleijers, T. A., Cohen‐Kettenis, P. T.","Introduction. 
Puberty suppression by means of gonadotropin-releasing hormone analogues (GnRHa) is used for young transsexuals between 12 and 16 years of age. The purpose of this intervention is to relieve the suffering caused by the development of secondary sex characteristics and to provide time to make a balanced decision regarding actual gender reassignment. Aim. To compare psychological functioning and gender dysphoria before and after puberty suppression in gender dysphoric adolescents.
Methods. Of the ﬁrst 70 eligible candidates who received puberty suppression between 2000 and 2008, psychological functioning and gender dysphoria were assessed twice: at T0, when attending the gender identity clinic, before the start of GnRHa; and at T1, shortly before the start of cross-sex hormone treatment.
Main Outcome Measures. Behavioral and emotional problems (Child Behavior Checklist and the Youth-Self Report), depressive symptoms (Beck Depression Inventory), anxiety and anger (the Spielberger Trait Anxiety and Anger Scales), general functioning (the clinician’s rated Children’s Global Assessment Scale), gender dysphoria (the Utrecht Gender Dysphoria Scale), and body satisfaction (the Body Image Scale) were assessed.
Results. Behavioral and emotional problems and depressive symptoms decreased, while general functioning improved signiﬁcantly during puberty suppression. Feelings of anxiety and anger did not change between T0 and T1. While changes over time were equal for both sexes, compared with natal males, natal females were older when they started puberty suppression and showed more problem behavior at both T0 and T1. Gender dysphoria and body satisfaction did not change between T0 and T1. No adolescent withdrew from puberty suppression, and all started cross-sex hormone treatment, the ﬁrst step of actual gender reassignment.
Conclusion. Puberty suppression may be considered a valuable contribution in the clinical management of gender dysphoria in adolescents.
          SEGM Summary SEGM Summary: Background: Dutch clinicians hypothesized that transgender adults would have better psychological outcomes if they received earlier intervention. They proposed an intervention model consisting of puberty blockers, cross-sex hormones, and genital and non-genital surgeries to align a young person's body with their sense of gender identity. This intervention has since become known as the ""Dutch protocol."" This study evaluates the outcomes of the first step of the protocol: pubertal suppression. Study Summary: The study included 70 Dutch adolescents with early childhood-onset of gender dysphoria that intensified during adolescence. Adolescents with post-pubertal onset of gender dysphoria and those with uncontrolled mental health conditions were excluded. Puberty blockers (GnRH analogues) were administered at the average age of 14.8 (12-18 years) and puberty blockade continued for an average of 2 years. The adolescents also received extensive psychological support throughout the intervention period. Study Results: During the intervention period, the adolescents’ mood improved and the risk of behavioral disorders diminished. However, gender dysphoria did not diminish, and there were no changes in body image-related distress. SEGM Plain Language Conclusion: Puberty Blockers failed to impact gender dysphoria itself. While overall psychological function improved, given the lack of a control group, it's impossible to tell to what extent other factors, such as extensive psychological support that the subjects received, influenced these secondary outcomes.
      
",linkinghub.elsevier.com/retrieve/pii/S1743609515336171,2011,ZonMw,state-sponsored research institute
Gonadotrophin-releasing hormone (GnRH) and GnRH agonists: mechanisms of action,Reproductive BioMedicine Online,"Ortmann, O., Weiss, J., Diedrich, K.","The hypothalamic decapeptide gonadotrophin-releasing hormone (GnRH) binds to specific receptors on pituitary gonadotrophs. These receptors belong to the family of G protein-coupled receptors. Their activation leads to phosphoinositide breakdown with generation of inositol 1,4,5-trisphosphate (Ins(1,4,5)P3) and diacylglycerol. These second messengers initiate Ca2+ release from intracellular stores and activation of protein kinase C, both of which are important for gonadotrophin secretion and synthesis. Prolonged activation of GnRH receptors by GnRH leads to desensitization and consequently to suppressed gonadotrophin secretion. This is the primary mechanism of action of agonistic GnRH analogues. By contrast, GnRH antagonists compete with GnRH for receptors on gonadotroph cell membranes, inhibit GnRH-induced signal transduction and consequently gonadotrophin secretion. These compounds are free of agonistic actions, which might be beneficial in certain clinical applications.
      
",www.rbmojournal.com/article/S1472-6483(11)60210-1/abstract,2002,DFG,state-sponsored research institute
"Anger, Aggression, and Irritability in Transgender and Gender Diverse Youth Following Testosterone Initiation: A 12-Month Longitudinal Analysis",Journal of Adolescent Health,"Huit, T. Z., Whitehead, J., Chan, Y. M., Ehrensaft, D., Garofalo, R., Hidalgo, M. A., Olson-Kennedy, J., Rosenthal, S. M., Chen, D.","Purpose
To examine anger, irritability, and aggression in transgender and gender diverse adolescents and young adults (AYAs) initiating testosterone treatment over 12 months.
Methods
Participants were 178 transgender and gender diverse AYA across four major gender care centers in the United States who initiated testosterone therapy. Participants completed the NIH Toolbox Anger scale and the Youth Self-Report, including Aggressive Behaviors, Irritability, Conduct Problems, Oppositional Defiant Problems, and Externalizing Problems. Change over time following testosterone initiation was examined using repeated-measures analysis of variance. Post hoc mixed-groups analysis of variance was used to explore outcomes in two subgroups: AYA with and without scores in the “elevated concerns” range for Anger and/or Youth Self-Report Externalizing Behaviors at baseline. Frequency of elevated versus normative concerns was also examined by measure and timepoint.
Results
Participants were ages 12–20 years (M = 16.1, standard deviation = 1.6). For the overall sample, mean T-scores for all outcomes were within normative ranges at all timepoints, and there were no significant changes in mean T-scores over time. Post hoc analyses revealed a subgroup of participants with elevated Anger and/or Externalizing Behaviors scores at baseline (45.5%, n = 81), who demonstrated significant decreases (p < .05) in mean scores for Anger (−3.78), Aggression (−2.62), Irritability (−.40), and Externalizing Problems (−2.62) from baseline to 12-month follow-up.
Discussion
This study found no significant increases in anger or aggression across 12 months following testosterone initiation. Most participants either remained within normative ranges or demonstrated a reduction in scores from elevated to normative ranges over time. These findings may inform decision-making and address families' concerns about the effects of testosterone on externalizing symptomology.
      
",www.jahonline.org/article/S1054-139X(25)00827-4/,2026,NIH,state-sponsored research institute
Heart rate variability in transgender people receiving Gender-Affirming hormone therapy,Endocrine,"Allgayer, R. M., Bueno, L. H., Silva, E. D. D., Fighera, T. M., Moraes, R. S., Spritzer, P. M.","Background
Gender-affirming hormone therapy has shown benefits in alleviating gender-related distress and enhancing overall well-being. However, its effects on cardiovascular health are not yet fully understood.
Purpose
To evaluate heart rate variability, a preclinical marker of cardiovascular disease, both at rest and during sympathetic nervous system stimulation in transgender people undergoing gender-affirming hormone therapy, compared with healthy cisgender controls matched by age and body mass index.
Methods
The study sample included 26 transgender patients (12 transgender women and 14 transgender men) and 25 cisgender controls (12 cisgender men and 13 cisgender women). All participants underwent a 30-minute electrocardiogram recording to assess heart rate variability under resting conditions and during mental stress test.
Results
Compared with their cisgender counterparts, transgender men exhibited reduced cardiac autonomic modulation of cardiac function during stress. In contrast, transgender women did not show significant differences in heart rate variability when compared to controls.
Conclusion
These findings suggest that testosterone therapy may impair autonomic cardiovascular responses in transgender men, particularly under conditions of sympathetic activation, whereas estradiol-based regimens showed no significant impact in transgender women. Further research is needed to determine whether these early changes in cardiac autonomic regulation may predict future cardiovascular events in this population.
      
",link.springer.com/article/10.1007/s12020-025-04512-4,2026,CNPq,state-sponsored research institute
Heart rate variability in transgender people receiving Gender-Affirming hormone therapy,Endocrine,"Allgayer, R. M., Bueno, L. H., Silva, E. D. D., Fighera, T. M., Moraes, R. S., Spritzer, P. M.","Background
Gender-affirming hormone therapy has shown benefits in alleviating gender-related distress and enhancing overall well-being. However, its effects on cardiovascular health are not yet fully understood.
Purpose
To evaluate heart rate variability, a preclinical marker of cardiovascular disease, both at rest and during sympathetic nervous system stimulation in transgender people undergoing gender-affirming hormone therapy, compared with healthy cisgender controls matched by age and body mass index.
Methods
The study sample included 26 transgender patients (12 transgender women and 14 transgender men) and 25 cisgender controls (12 cisgender men and 13 cisgender women). All participants underwent a 30-minute electrocardiogram recording to assess heart rate variability under resting conditions and during mental stress test.
Results
Compared with their cisgender counterparts, transgender men exhibited reduced cardiac autonomic modulation of cardiac function during stress. In contrast, transgender women did not show significant differences in heart rate variability when compared to controls.
Conclusion
These findings suggest that testosterone therapy may impair autonomic cardiovascular responses in transgender men, particularly under conditions of sympathetic activation, whereas estradiol-based regimens showed no significant impact in transgender women. Further research is needed to determine whether these early changes in cardiac autonomic regulation may predict future cardiovascular events in this population.
      
",link.springer.com/article/10.1007/s12020-025-04512-4,2026,FAPERGS,state-sponsored research institute
"Effects of gender-affirming hormone therapy from adolescence to adulthood on bone mineral density, body composition and muscle strength",eClinicalMedicine,"Ciancia, S., Vervalcke, J., Klink, D., T&#039;Sjoen, G., Cools, M.","Background
The number of transgender and gender-diverse (TGD) minors seeking medical care continues to increase, however data on long-term effects of gender-affirming hormone therapy (GAHT) started in adolescence remain limited.
Methods
This single center study (Ghent University Hospital, Belgium) included a cohort of TGD individuals registered female at birth (RFAB, n = 91) and registered male at birth (RMAB, n = 26) who commenced GAHT during adolescence and were followed into adulthood for up to 10 years. Participants were enrolled retrospectively between September 2023 and December 2024. Outcomes assessed cross-sectionally included areal bone mineral density (aBMD), body composition, handgrip strength, and overall life satisfaction. Lifestyle factors such as alcohol and tobacco use, illicit drug use, and physical inactivity were also examined. Retrospective longitudinal data on aBMD and body composition from the start of medical gender-affirming treatment to the moment of study participation were also analyzed.
Findings
Median age at start of GAHT 17.2 (1.7) years for RFAB, 17.0 (2.2) years for RMAB; median GAHT duration at the enrollment 6.0 (2.4) years and 6.6 (3.4) years, respectively. aBMD z-scores remained within the normal range for both RFAB and RMAB participants, with scores aligning more closely to sex registered at birth (SRAB) in RFAB, and to affirmed gender (AG) in RMAB participants. Bone density was influenced by BMI, vitamin D levels, and smoking status, with those who had received GnRH agonists showing lower aBMD at specific sites. No pathological fractures were reported. Body composition shifted toward AG-typical fat and lean mass distribution, with some RFAB individuals exhibiting elevated visceral fat area. Handgrip strength in RFAB participants approached cisgender male reference values, while RMAB individuals showed intermediate values. Psychosocial outcomes indicated generally good self-rated health and life satisfaction, although a subset of participants, particularly among RMAB, reported lower life satisfaction.
Interpretation
Long-term GAHT initiated during adolescence promotes alignment of bone density, body composition, and muscle strength consistent with gender identity, without evidence of clinically significant adverse effects. Modifiable lifestyle factors remain important determinants of skeletal health. Overall, participants reported good general health and life satisfaction.
      
",linkinghub.elsevier.com/retrieve/pii/S2589537025006595,2026,FWO,state-sponsored research institute
Changes in depression symptom profile with gender-affirming hormone use in transgender persons,Journal of Affective Disorders,"Morssinkhof, M. W., Wiepjes, C. M., Van Den Heuvel, O. A., Kreukels, B. P. C., van der Tuuk, K., T`Sjoen, G., Den Heijer, M., Broekman, B. F.","Background
Women show higher prevalence of depression and different symptomatology than men, possibly influenced by sex hormones. Many transgender persons, who face a high risk of depression, use Gender-Affirming Hormone Therapy (GAHT), but the impact of GAHT on depressive symptom profiles is unknown.
Methods
This study examined depressive symptoms in transgender persons before GAHT and after 3- and 12 months of GAHT. We used the Inventory of Depressive Symptomatology-Self Report to assess depressive symptoms, exploratory factor analysis (EFA) to assess symptom clusters, and linear mixed models to assess changes in symptom clusters.
Results
This study included 110 transmasculine (TM) and 89 transfeminine (TF) participants. EFA revealed four symptom clusters: mood, anxiety, lethargy, and somatic symptoms. Changes in total depressive symptoms significantly differed between TM and TF groups. After 3 months of GAHT, TM participants reported improvement in lethargy (−16 %; 95%CI: −29 %; −2 %), and after 12 months TF participants reported worsening in low mood (24 %; 95%CI: 3 %; 51 %), but absolute score changes were modest. Neither group showed changes in anxiety or somatic symptoms.
Limitations
This study had limited sample sizes at 12 months follow-up and did not include relevant biological or psychosocial covariates.
Discussion
Changes in depressive symptoms after GAHT use differ in TM and TF persons: TM persons report slight improvements in lethargy, whereas TF persons report a slight increase in low mood. Starting GAHT represents a significant life event with profound social and physical effects, and further research should assess social and biological effects of GAHT on mood-related symptoms.
      
",linkinghub.elsevier.com/retrieve/pii/S0165032723015252,2024,ZonMw,state-sponsored research institute
The effect of gender-affirming hormone treatment on serum creatinine in transgender and gender-diverse youth: implications for estimating GFR,Pediatric Nephrology,"Millington, K., Barrera, E., Daga, A., Mann, N., Olson-Kennedy, J., Garofalo, R., Rosenthal, S. M., Chan, Y. M.","BACKGROUND: Equations for estimated glomerular filtration rate (eGFR) based on serum creatinine include terms for sex/gender. For transgender and gender-diverse (TGD) youth, gender-affirming hormone (GAH) treatment may affect serum creatinine and in turn eGFR.
METHODS: TGD youth were recruited for this prospective, longitudinal, observational study prior to starting GAH treatment. Data collected as part of routine clinical care were abstracted from the medical record.
RESULTS: For participants designated male at birth (DMAB, N = 92), serum creatinine decreased within 6 months of estradiol treatment (mean ± SD 0.83 ± 0.12 mg/dL to 0.76 ± 0.12 mg/dL, p < 0.001); for participants designated female at birth (DFAB, n = 194), serum creatinine increased within 6 months of testosterone treatment (0.68 ± 0.10 mg/dL to 0.79 ± 0.11 mg/dL, p < 0.001). Participants DFAB treated with testosterone had serum creatinine similar to that of participants DMAB at baseline, whereas even after estradiol treatment, serum creatinine in participants DMAB remained higher than that of participants DFAB at baseline. Compared to reference groups drawn from the National Health and Nutritional Examination Survey, serum creatinine after 12 months of GAH was more similar when compared by gender identity than by designated sex.
CONCLUSION: GAH treatment leads to changes in serum creatinine within 6 months of treatment. Clinicians should consider a patient's hormonal exposure when estimating kidney function via eGFR and use other methods to estimate GFR if eGFR based on serum creatinine is concerning.
      
",link.springer.com/article/10.1007/s00467-022-05445-0,2022,NIH,state-sponsored research institute
The effect of gender-affirming hormone treatment on serum creatinine in transgender and gender-diverse youth: implications for estimating GFR,Pediatric Nephrology,"Millington, K., Barrera, E., Daga, A., Mann, N., Olson-Kennedy, J., Garofalo, R., Rosenthal, S. M., Chan, Y. M.","BACKGROUND: Equations for estimated glomerular filtration rate (eGFR) based on serum creatinine include terms for sex/gender. For transgender and gender-diverse (TGD) youth, gender-affirming hormone (GAH) treatment may affect serum creatinine and in turn eGFR.
METHODS: TGD youth were recruited for this prospective, longitudinal, observational study prior to starting GAH treatment. Data collected as part of routine clinical care were abstracted from the medical record.
RESULTS: For participants designated male at birth (DMAB, N = 92), serum creatinine decreased within 6 months of estradiol treatment (mean ± SD 0.83 ± 0.12 mg/dL to 0.76 ± 0.12 mg/dL, p < 0.001); for participants designated female at birth (DFAB, n = 194), serum creatinine increased within 6 months of testosterone treatment (0.68 ± 0.10 mg/dL to 0.79 ± 0.11 mg/dL, p < 0.001). Participants DFAB treated with testosterone had serum creatinine similar to that of participants DMAB at baseline, whereas even after estradiol treatment, serum creatinine in participants DMAB remained higher than that of participants DFAB at baseline. Compared to reference groups drawn from the National Health and Nutritional Examination Survey, serum creatinine after 12 months of GAH was more similar when compared by gender identity than by designated sex.
CONCLUSION: GAH treatment leads to changes in serum creatinine within 6 months of treatment. Clinicians should consider a patient's hormonal exposure when estimating kidney function via eGFR and use other methods to estimate GFR if eGFR based on serum creatinine is concerning.
      
",link.springer.com/article/10.1007/s00467-022-05445-0,2022,Doris Duke Charitable Foundation,private foundation
Is There a Link Between Hormone Use and Diabetes Incidence in Transgender People? Data from the STRONG Cohort,The Journal of Clinical Endocrinology & Metabolism,"Islam, N., Nash, R., Zhang, Q., Panagiotakopoulos, L., Daley, T., Bhasin, S., Getahun, D., Haw, J. S., McCracken, C., …, Goodman, M.","BACKGROUND: Risk of type 2 diabetes mellitus (T2DM) in transgender and gender diverse (TGD) persons, especially those receiving gender affirming hormone therapy (GAHT) is an area of clinical and research importance.
METHODS: We used data from an electronic health record-based cohort study of persons 18 years and older enrolled in three integrated health care systems. The cohort included 2869 transfeminine members matched to 28,300 cisgender women and 28,258 cisgender men on age, race/ethnicity, calendar year, and site, and 2133 transmasculine members matched to 20,997 cisgender women and 20,964 cisgender men. Cohort ascertainment spanned 9 years from 2006 through 2014 and follow up extended through 2016. Data on T2DM incidence and prevalence were analyzed using Cox proportional hazards and logistic regression models, respectively. All analyses controlled for body mass index.
RESULTS: Both prevalent and incident T2DM was more common in the transfeminine cohort relative to cisgender female referents with odds ratio and hazard ratio (95% confidence interval) estimates of 1.3 (1.1-1.5) and 1.4 (1.1-1.8), respectively. No significant differences in prevalence or incidence of T2DM were observed across the remaining comparison groups, both overall and in TGD persons with evidence of GAHT receipt.
CONCLUSION: Although transfeminine people may be at higher risk for T2DM compared to cisgender females the corresponding difference relative to cisgender males is not discernable. Moreover, there is little evidence that T2DM occurrence in either transfeminine or transmasculine persons is attributable to GAHT use.
      
",academic.oup.com/jcem/article/107/4/e1549/6429721,2021,NIH,state-sponsored research institute
Timing of peripubertal steroid exposure predicts visuospatial cognition in men: Evidence from three samples,Hormones and Behavior,"Shirazi, T. N., Self, H., Cantor, J., Dawood, K., Cárdenas, R., Rosenfield, K., Ortiz, T., Carré, J., McDaniel, M. A., …, Puts, D.","Experiments in male rodents demonstrate that sensitivity to the organizational effects of steroid hormones decreases across the pubertal window, with earlier androgen exposure leading to greater masculinization of the brain and behavior. Similarly, some research suggests the timing of peripubertal exposure to sex steroids influences aspects of human psychology, including visuospatial cognition. However, prior studies have been limited by small samples and/or imprecise measures of pubertal timing. We conducted 4 studies to clarify whether the timing of peripubertal hormone exposure predicts performance on male-typed tests of spatial cognition in adulthood. In Studies 1 (n = 1095) and 2 (n = 173), we investigated associations between recalled pubertal age and spatial cognition in typically developing men, controlling for current testosterone levels in Study 2. In Study 3 (n = 51), we examined the relationship between spatial performance and the age at which peripubertal hormone replacement therapy was initiated in a sample of men with Isolated GnRH Deficiency. Across Studies 1–3, effect size estimates for the relationship between spatial performance and pubertal timing ranged from.
−0.04 and −0.27, and spatial performance was unrelated to salivary testosterone in Study 2. In Study 4, we conducted two meta-analyses of Studies 1–3 and four previously published studies. The first meta-analysis was conducted on correlations between spatial performance and measures of the absolute age of pubertal timing, and the second replaced those correlations with correlations between spatial performance and measures of relative pubertal timing where available. Point estimates for correlations between pubertal timing and spatial cognition were −0.15 and −0.12 (both p < 0.001) in the first and second meta-analyses, respectively. These associations were robust to the exclusion of any individual study. Our results suggest that, for some aspects of neural development, sensitivity to gonadal hormones declines across puberty, with earlier pubertal hormone exposure predicting greater sex-typicality in psychological phenotypes in adulthood. These results shed light on the processes of behavioral and brain organization and have implications for the treatment of IGD and other conditions wherein pubertal timing is pharmacologically manipulated.
      
",linkinghub.elsevier.com/retrieve/pii/S0018506X20300386,2020,NSF,state-sponsored research institute
Timing of peripubertal steroid exposure predicts visuospatial cognition in men: Evidence from three samples,Hormones and Behavior,"Shirazi, T. N., Self, H., Cantor, J., Dawood, K., Cárdenas, R., Rosenfield, K., Ortiz, T., Carré, J., McDaniel, M. A., …, Puts, D.","Experiments in male rodents demonstrate that sensitivity to the organizational effects of steroid hormones decreases across the pubertal window, with earlier androgen exposure leading to greater masculinization of the brain and behavior. Similarly, some research suggests the timing of peripubertal exposure to sex steroids influences aspects of human psychology, including visuospatial cognition. However, prior studies have been limited by small samples and/or imprecise measures of pubertal timing. We conducted 4 studies to clarify whether the timing of peripubertal hormone exposure predicts performance on male-typed tests of spatial cognition in adulthood. In Studies 1 (n = 1095) and 2 (n = 173), we investigated associations between recalled pubertal age and spatial cognition in typically developing men, controlling for current testosterone levels in Study 2. In Study 3 (n = 51), we examined the relationship between spatial performance and the age at which peripubertal hormone replacement therapy was initiated in a sample of men with Isolated GnRH Deficiency. Across Studies 1–3, effect size estimates for the relationship between spatial performance and pubertal timing ranged from.
−0.04 and −0.27, and spatial performance was unrelated to salivary testosterone in Study 2. In Study 4, we conducted two meta-analyses of Studies 1–3 and four previously published studies. The first meta-analysis was conducted on correlations between spatial performance and measures of the absolute age of pubertal timing, and the second replaced those correlations with correlations between spatial performance and measures of relative pubertal timing where available. Point estimates for correlations between pubertal timing and spatial cognition were −0.15 and −0.12 (both p < 0.001) in the first and second meta-analyses, respectively. These associations were robust to the exclusion of any individual study. Our results suggest that, for some aspects of neural development, sensitivity to gonadal hormones declines across puberty, with earlier pubertal hormone exposure predicting greater sex-typicality in psychological phenotypes in adulthood. These results shed light on the processes of behavioral and brain organization and have implications for the treatment of IGD and other conditions wherein pubertal timing is pharmacologically manipulated.
      
",linkinghub.elsevier.com/retrieve/pii/S0018506X20300386,2020,American Institute of Bisexuality,queer organization
Effects of Gender-Affirming Hormone Therapy on Insulin Sensitivity and Incretin Responses in Transgender People,Diabetes Care,"Shadid, S., Abosi-Appeadu, K., De Maertelaere, A. S., Defreyne, J., Veldeman, L., Holst, J. J., Lapauw, B., Vilsbøll, T., T’Sjoen, G.","OBJECTIVE The long-term inﬂuences of sex hormone administration on insulin sensitivity and incretin hormones are controversial. We investigated these effects in 35 transgender men (TM) and 55 transgender women (TW) from the European Network for the Investigation of Gender Incongruence (ENIGI) study. RESEARCH DESIGN AND METHODS Before and after 1 year of gender-afﬁrming hormone therapy, body composition and oral glucose tolerance tests (OGTTs) were evaluated.
RESULTS In TM, body weight (2.8 6 1.0 kg; P < 0.01), fat-free mass (FFM) (3.1 6 0.9 kg; P < 0.01), and waist-to-hip ratio (20.03 6 0.01; P < 0.01) increased. Fasting insulin (21.4 6 0.8 mU/L; P 5 0.08) and HOMA of insulin resistance (HOMA-IR) (2.2 6 0.3 vs. 1.8 6 0.2; P 5 0.06) tended to decrease, whereas fasting glucose (21.6 6 1.6 mg/dL), glucose-dependent insulinotropic polypeptide (GIP) (21.8 6 1.0 pmol/L), and glucagon-like peptide 1 (GLP-1) (20.2 6 1.1 pmol/L) were statistically unchanged. Post-OGTT areas under the curve (AUCs) for GIP (2,068 6 1,134 vs. 2,645 6 1,248 [pmol/L] 3 min; P < 0.01) and GLP-1 (2,352 6 796 vs. 2,712 6 1,015 [pmol/L] 3 min; P < 0.01) increased. In TW, body weight tended to increase (1.4 6 0.8 kg; P 5 0.07) with decreasing FFM (22.3 6 0.4 kg; P < 0.01) and waist-to-hip ratio (20.03 6 0.01; P < 0.01). Insulin (3.4 6 0.8 mU/L; P < 0.01) and HOMA-IR (1.7 6 0.1 vs. 2.4 6 0.2; P < 0.01) rose, fasting GIP (21.4 6 0.8 pmol/L; P < 0.01) and AUC GIP dropped (2,524 6 178 vs. 1,911 6 162 [pmol/L] 3 min; P < 0.01), but fasting glucose (20.3 6 1.4 mg/dL), GLP-1 (1.3 6 0.8 pmol/L), and AUC GLP-1 (2,956 6 180 vs. 2,864 6 93 [pmol/L] 3 min) remained unchanged.
CONCLUSIONS In this cohort of transgender persons, insulin sensitivity but also post-OGTT incretin responses tend to increase with masculinization and to decrease with feminization.
      
",diabetesjournals.org/care/article/43/2/411/36004/Effects-of-Gender-Affirming-Hormone-Therapy-on,2020,FWO,state-sponsored research institute
Cross-sex Hormones and Acute Cardiovascular Events in Transgender Persons,Annals of internal medicine,"Getahun, D., Nash, R., Flanders, W. D., Baird, T. C., Becerra-Culqui, T. A., Cromwell, L., Hunkeler, E., Lash, T. L., Millman, A., …, Goodman, M.","BACKGROUND: Venous thromboembolism (VTE), ischemic stroke, and myocardial infarction in transgender persons may be related to hormone use.
OBJECTIVE: To examine the incidence of these events in a cohort of transgender persons.
DESIGN: Electronic medical record-based cohort study of transgender members of integrated health care systems who had an index date (first evidence of transgender status) from 2006 through 2014. Ten male and 10 female cisgender enrollees were matched to each transgender participant by year of birth, race/ethnicity, study site, and index date enrollment.
SETTING: Kaiser Permanente in Georgia and northern and southern California.
PATIENTS: 2842 transfeminine and 2118 transmasculine members with a mean follow-up of 4.0 and 3.6 years, respectively, matched to 48 686 cisgender men and 48 775 cisgender women.
MEASUREMENTS: VTE, ischemic stroke, and myocardial infarction events ascertained from diagnostic codes through the end of 2016 in transgender and reference cohorts.
RESULTS: Transfeminine participants had a higher incidence of VTE, with 2-and 8-year risk differences of 4.1 (95% CI, 1.6 to 6.7) and 16.7 (CI, 6.4 to 27.5) per 1000 persons relative to cisgender men and 3.4 (CI, 1.1 to 5.6) and 13.7 (CI, 4.1 to 22.7) relative to cisgender women. The overall analyses for ischemic stroke and myocardial infarction demonstrated similar incidence across groups. More pronounced differences for VTE and ischemic stroke were observed among transfeminine participants who initiated hormone therapy during follow-up. The evidence was insufficient to allow conclusions regarding risk among transmasculine participants.
LIMITATION: Inability to determine which transgender members received hormones elsewhere.
CONCLUSION: The patterns of increases in VTE and ischemic stroke rates among transfeminine persons are not consistent with those observed in cisgender women. These results may indicate the need for long-term vigilance in identifying vascular side effects of cross-sex estrogen.
          SEGM Summary SEGM Summary MtF transgender patients taking estrogen were at much higher risk of venous thrombo-embolism than age- and biological sex-matched controls.
      
",www.ncbi.nlm.nih.gov/pmc/articles/PMC6636681/,2018,NIH,state-sponsored research institute
Physiologic Response to Gender-Affirming Hormones Among Transgender Youth,Journal of Adolescent Health,"Olson-Kennedy, J., Okonta, V., Clark, L. F., Belzer, M.","PURPOSE: The purpose of this study was to examine the physiologic impact of hormones on youth with gender dysphoria. These data represent follow-up data in youth ages 12–23 years over a twoyear time period of hormone administration.
METHODS: This prospective, longitudinal study initially enrolled 101 youth with gender dysphoria at baseline from those presenting consecutively for care between February 2011 and June 2013. Physiologic data at baseline and follow-up were abstracted from medical charts. Data were analyzed by descriptive statistics.
RESULTS: Of the initial 101 participants, 59 youth had follow-up physiologic data collected between 21 and 31 months after initiation of hormones available for analysis. Metabolic parameters changes were not clinically signiﬁcant, with the exception of sex steroid levels, intended to be the target of intervention.
CONCLUSIONS: Although the impact of hormones on some historically concerning physiologic parameters, including lipids, potassium, hemoglobin, and prolactin, were statistically signiﬁcant, clinical signiﬁcance was not observed. Hormone levels physiologically concordant with gender of identity were achieved with feminizing and masculinizing medication regimens. Extensive and frequent laboratory examination in transgender adolescents may be unnecessary. The use of hormones in transgender youth appears to be safe over a treatment course of approximately two years.
      
",linkinghub.elsevier.com/retrieve/pii/S1054139X17304123,2018,NIH,state-sponsored research institute
Effects of testosterone treatment on hypothalamic neuroplasticity in female-to-male transgender individuals,Brain Structure & Function,"Kranz, G. S., Hahn, A., Kaufmann, U., Tik, M., Ganger, S., Seiger, R., Hummer, A., Windischberger, C., Kasper, S., Lanzenberger, R.","Diffusion-weighted imaging (DWI) is used to measure gray matter tissue density and white matter fiber organization/directionality. Recent studies show that DWI also allows for assessing neuroplastic adaptations in the human hypothalamus. To this end, we investigated a potential influence of testosterone replacement therapy on hypothalamic microstructure in female-to-male (FtM) transgender individuals. 25 FtMs were measured at baseline, 4 weeks, and 4 months past treatment start and compared to 25 female and male controls. Our results show androgenization-related reductions in mean diffusivity in the lateral hypothalamus. Significant reductions were observed unilaterally after 1 month and bilaterally after 4 months of testosterone treatment. Moreover, treatment induced increases in free androgen index and bioavailable testosterone were significantly associated with the magnitude of reductions in mean diffusivity. These findings imply microstructural plasticity and potentially related changes in neural activity by testosterone in the adult human hypothalamus and suggest that testosterone replacement therapy in FtMs changes hypothalamic microstructure towards male proportions.
          SEGM Summary SEGM Summary: This study aimed to determine the influence of testosterone administration on the brains of 25 natal females with gender dysphoria. Measurements were made using whole-brain diffusion-weighted image (DWI) scans at baseline, 4 weeks, and 4 months post treatment. The subjects were compared to 25 female and male controls. Study subjects had testosterone-induced reductions in mean diffusivity in the lateral hypothalamus associated with increases in free androgen and plasma testosterone. These findings suggest that testosterone causes structural and functional changes in the portion of the brain that regulates arousal, feeding, motivation, and reward-related behaviors.
      
",link.springer.com/article/10.1007/s00429-017-1494-z,2018,FWF,state-sponsored research institute
Testosterone reduces functional connectivity during the ‘Reading the Mind in the Eyes’ Test,Psychoneuroendocrinology,"Bos, P. A., Hofman, D., Hermans, E. J., Montoya, E. R., Baron-Cohen, S., van Honk, J.","Women on average outperform men in cognitive-empathic abilities, such as the capacity to infer motives from the bodily cues of others, which is vital for effective social interaction. The steroid hormone testosterone is thought to play a role in this sexual dimorphism. Strikingly, a previous study shows that a single administration of testosterone in women impairs performance on the 'Reading the Mind in Eyes' Test (RMET), a task in which emotions have to be inferred from the eye-region of a face. This effect was mediated by the 2D:4D ratio, the ratio between the length of the index and ring finger, a proxy for fetal testosterone. Research in typical individuals, in individuals with autism spectrum conditions (ASC), and in individuals with brain lesions has established that performance on the RMET depends on the left inferior frontal gyrus (IFG). Using functional magnetic resonance imaging (fMRI), we found that a single administration of testosterone in 16 young women significantly altered connectivity of the left IFG with the anterior cingulate cortex (ACC) and the supplementary motor area (SMA) during RMET performance, independent of 2D:4D ratio. This IFG-ACC-SMA network underlies the integration and selection of sensory information, and for action preparation during cognitive empathic behavior. Our findings thus reveal a neural mechanism by which testosterone can impair emotion-recognition ability, and may link to the symptomatology of ASC, in which the same neural network is implicated.
          SEGM Summary SEGM Summary: Typically, females have greater ability than males to accurately interpret motives from the body language and physical expressions of others. This study sought to determine the effect of testosterone on cognitive empathic ability.  In a randomized cross-over, placebo-controlled study, 16 healthy female study subjects’ performance on the ‘Reading the Mind in the Eyes’ Test (RMET) and neural imaging scans were assessed before and after a single dose 0.5 mg of testosterone. Post-dose the subjects’ performance on the RMET was impaired and associated brain changes were observed.
      
",pmc.ncbi.nlm.nih.gov/articles/PMC6345363/,2016,NWO,state-sponsored research institute
Risk of Suicide and Self-Harm Following Gender-Affirmation Surgery,Cureus,"Straub, J. J., Paul, K. K., Bothwell, L. G., Deshazo, S. J., Golovko, G., Miller, M. S., Jehle, D. V.","Introduction: With the growing acceptance of transgender individuals, the number of gender affirmation surgeries has increased. Transgender individuals face elevated depression rates, leading to an increase in suicide ideation and attempts. This study evaluates the risk of suicide or self-harm associated with gender affirmation procedures.
Methods: This retrospective study utilized de-identified patient data from the TriNetX (TriNetX, LLC, Cambridge, MA) database, involving 56 United States healthcare organizations and over 90 million patients. The study involved four cohorts: cohort A, adults aged 18-60 who had gender-affirming surgery and an emergency visit (N = 1,501); cohort B, control group of adults with emergency visits but no gender-affirming surgery (N = 15,608,363); and cohort C, control group of adults with emergency visits, tubal ligation or vasectomy, but no gender-affirming surgery (N = 142,093). Propensity matching was applied to cohorts A and C. Data from February 4, 2003, to February 4, 2023, were analyzed to examine suicide attempts, death, self-harm, and post-traumatic stress disorder (PTSD) within five years of the index event. A secondary analysis involving a control group with pharyngitis, referred to as cohort D, was conducted to validate the results from cohort C.
Results: Individuals who underwent gender-affirming surgery had a 12.12-fold higher suicide attempt risk than those who did not (3.47% vs. 0.29%, RR 95% CI 9.20-15.96, p < 0.0001). Compared to the tubal ligation/vasectomy controls, the risk was 5.03-fold higher before propensity matching and remained significant at 4.71-fold after matching (3.50% vs. 0.74%, RR 95% CI 2.46-9.024, p < 0.0001) for the gender affirmation patients with similar results with the pharyngitis controls.
Conclusion: Patients who have undergone gender-affirming surgery are associated with a significantly elevated risk of suicide, highlighting the necessity for comprehensive post-procedure psychiatric support.
      
",www.cureus.com/articles/201512-risk-of-suicide-and-self-harm-following-gender-affirmation-surgery,2024,NIH,state-sponsored research institute
Chest Reconstruction and Chest Dysphoria in Transmasculine Minors and Young Adults: Comparisons of Nonsurgical and Postsurgical Cohorts,JAMA Pediatrics,"Olson-Kennedy, J., Warus, J., Okonta, V., Belzer, M., Clark, L. F.","Objective 
To examine the amount of chest dysphoria in transmasculine youth who had had chest reconstruction surgery compared with those who had not undergone this surgery. Design, Setting, and Participants Using a novel measure of chest dysphoria, this cohort study at a large, urban, hospital-affiliated ambulatory clinic specializing in transgender youth care collected survey data about testosterone use and chest distress among transmasculine youth and young adults. Additional information about regret and adverse effects was collected from those who had undergone surgery. Eligible youth were 13 to 25 years old, had been assigned female at birth, and had an identified gender as something other than female. Recruitment occurred during clinical visits and via telephone between June 2016 and December 2016. Surveys were collected from participants who had undergone chest surgery at the time of survey collection and an equal number of youth who had not undergone surgery. Main Outcomes and Measures Outcomes were chest dysphoria composite score (range 0-51, with higher scores indicating greater distress) in all participants; desire for chest surgery in patients who had not had surgery; and regret about surgery and complications of surgery in patients who were postsurgical.
Results 
Of 136 completed surveys, 68 (50.0%) were from postsurgical participants, and 68 (50.0%) were from nonsurgical participants. At the time of the survey, the mean (SD) age was 19 (2.5) years for postsurgical participants and 17 (2.5) years for nonsurgical participants. Chest dysphoria composite score mean (SD) was 29.6 (10.0) for participants who had not undergone chest reconstruction, which was significantly higher than mean (SD) scores in those who had undergone this procedure (3.3 [3.8]; P  < .001). Among the nonsurgical cohort, 64 (94%) perceived chest surgery as very important, and chest dysphoria increased by 0.33 points each month that passed between a youth initiating testosterone therapy and undergoing surgery. Among the postsurgical cohort, the most common complication of surgery was loss of nipple sensation, whether temporary (59%) or permanent (41%). Serious complications were rare and included postoperative hematoma (10%) and complications of anesthesia (7%). Self-reported regret was near 0.
Conclusions and Relevance 
Chest dysphoria was high among presurgical transmasculine youth, and surgical intervention positively affected both minors and young adults. Given these findings, professional guidelines and clinical practice should consider patients for chest surgery based on individual need rather than chronologic age.
      
",http://archpedi.jamanetwork.com/article.aspx?doi=10.1001/jamapediatrics.2017.5440,2018,NIH,state-sponsored research institute
Bone health in gender-diverse individuals: current challenges and future directions,Hormones,"Barouti, K., Vervalcke, J., Van Offel, S., Verroken, C., T’Sjoen, G.","Gender-affirming hormone therapy (GAHT) alters sex-steroid exposure, raising important questions about skeletal health in transgender and gender-diverse populations. Evidence remains fragmented and centred on areal bone mineral density (BMD), with sparse fracture data and little integration of other parameters such as muscle. This narrative review synthesises evidence on skeletal health in transgender individuals, bone density, fracture risk and the muscle-bone unit, bone health screening, and effects of gonadotropin-releasing hormone (GnRH) agonists during adolescence.
      
",doi.org/10.1007/s42000-026-00793-0,2026,Helenic Endocrine Society,professional society
Impact of gender-affirming treatment on bone health in transgender and gender diverse youth,Endocrine Connections,"Ciancia, S., Dubois, V., Cools, M.","Both in the United States and Europe, the number of minors who present at transgender healthcare services before the onset of puberty is rapidly expanding. Many of those who will have persistent gender dysphoria at the onset of puberty will pursue long-term puberty suppression before reaching the appropriate age to start using gender-affirming hormones. Exposure to pubertal sex steroids is thus significantly deferred in these individuals. Puberty is a critical period for bone development: increasing concentrations of estrogens and androgens (directly or after aromatization to estrogens) promote progressive bone growth and mineralization and induce sexually dimorphic skeletal changes. As a consequence, safety concerns regarding bone development and increased future fracture risk in transgender youth have been raised. We here review published data on bone development in transgender adolescents, focusing in particular on differences in age and pubertal stage at the start of puberty suppression, chosen strategy to block puberty progression, duration of puberty suppression, and the timing of re-evaluation after estradiol or testosterone administration. Results consistently indicate a negative impact of long-term puberty suppression on bone mineral density, especially at the lumbar spine, which is only partially restored after sex steroid administration. Trans girls are more vulnerable than trans boys for compromised bone health. Behavioral health measures that can promote bone mineralization, such as weight-bearing exercise and calcium and vitamin D supplementation, are strongly recommended in transgender youth, during the phase of puberty suppression and thereafter.
      
",ec.bioscientifica.com/view/journals/ec/11/11/EC-22-0280.xml,2022,FWO,state-sponsored research institute
Changes in Bone Marrow Adipose Tissue in Transgender and Gender Non-Conforming Youth Undergoing Pubertal Suppression: A Pilot Study,Journal of Clinical Densitometry,"Nasomyont, N., Meisman, A. R., Ecklund, K., Vajapeyam, S., Cecil, K. M., Tkach, J. A., Altaye, M., Corathers, S. D., Conard, L. A., …, Gordon, C. M.","Pubertal suppression with gonadotropin-releasing hormone (GnRH) agonists in transgender and gender non-conforming (TGNC) youth may affect acquisition of peak bone mass. Bone marrow adipose tissue (BMAT) has an inverse relationship with bone mineral density (BMD). To evaluate the effect of pubertal suppression on BMAT, in this pilot study we prospectively studied TGNC youth undergoing pubertal suppression and cisgender control participants with similar pubertal status over a 12-month period. BMD was measured by dual-energy X-ray absorptiometry and peripheral quantitative computed tomography. Magnetic Resonance T1 relaxometry (T1-R) and spectroscopy (MRS) were performed to quantify BMAT at the distal femur. We compared the change in BMD, T1-R values, and MRS lipid indices between the two groups. Six TGNC (two assigned female and four assigned male at birth) and three female control participants (mean age 10.9 and 11.7 years, respectively) were enrolled. The mean lumbar spine BMD Z-score declined by 0.29 in the TGNC group, but increased by 0.48 in controls (between-group difference 0.77, 95% CI: 0.05, 1.45). Similar findings were observed with the change in trabecular volumetric BMD at the 3% tibia site (-4.1% in TGNC, +3.2% in controls, between-group difference 7.3%, 95% CI: 0.5%-14%). Distal femur T1 values declined (indicative of increased BMAT) by 7.9% in the TGNC group, but increased by 2.1% in controls (between-group difference 10%, 95% CI: -12.7%, 32.6%). Marrow lipid fraction by MRS increased by 8.4% in the TGNC group, but declined by 0.1% in controls (between-group difference 8.5%, 95% CI: -50.2%, 33.0%). In conclusion, we observed lower bone mass acquisition and greater increases in BMAT indices by MRI and MRS in TGNC youth after 12 months of GnRH agonists compared with control participants. Early changes in BMAT may underlie an alteration in bone mass acquisition with pubertal suppression, including alterations in mesenchymal stem cells within marrow.
      
",linkinghub.elsevier.com/retrieve/pii/S1094695022000713,2022,NIH,state-sponsored research institute
Low Bone Mineral Density in Early Pubertal Transgender/Gender Diverse Youth: Findings From the Trans Youth Care Study,Journal of the Endocrine Society,"Lee, J. Y., Finlayson, C., Olson-Kennedy, J., Garofalo, R., Chan, Y. M., Glidden, D. V., Rosenthal, S. M.","CONTEXT: Transgender youth may initiate GnRH agonists (GnRHa) to suppress puberty, a critical period for bone-mass accrual. Low bone mineral density (BMD) has been reported in late-pubertal transgender girls before gender-affirming therapy, but little is known about BMD in early-pubertal transgender youth.
OBJECTIVE: To describe BMD in early-pubertal transgender youth.
DESIGN: Cross-sectional analysis of the prospective, observational, longitudinal Trans Youth Care Study cohort.
SETTING: Four multidisciplinary academic pediatric gender centers in the United States.
PARTICIPANTS: Early-pubertal transgender youth initiating GnRHa.
MAIN OUTCOME MEASURES: Areal and volumetric BMD Z-scores.
RESULTS: Designated males at birth (DMAB) had below-average BMD Z-scores when compared with male reference standards, and designated females at birth (DFAB) had below-average BMD Z-scores when compared with female reference standards except at hip sites. At least 1 BMD Z-score was &lt; -2 in 30% of DMAB and 13% of DFAB. Youth with low BMD scored lower on the Physical Activity Questionnaire for Older Children than youth with normal BMD, 2.32 ± 0.71 vs. 2.76 ± 0.61 (P = 0.01). There were no significant deficiencies in vitamin D, but dietary calcium intake was suboptimal in all youth.
CONCLUSIONS: In early-pubertal transgender youth, BMD was lower than reference standards for sex designated at birth. This lower BMD may be explained, in part, by suboptimal calcium intake and decreased physical activity–potential targets for intervention. Our results suggest a potential need for assessment of BMD in prepubertal gender-diverse youth and continued monitoring of BMD throughout the pubertal period of gender-affirming therapy.
          SEGM Summary This is a multi-center cross-sectional analysis of bone density in 63 early pubertal transgender youth prior to or just after initiation of GnRH agonist administration.  Average BMAD z-scores were found to be lower in study subjects compared to sex in the general population. Z-scores < -2 were found in 30% of males and 15% of females.  Correlation was found between decreased physical activity (PAQ-C) and lower bone density. Calcium intake was lower among the cohort but this did not correlate with differences in bone density. No difference in 25OH vitamin D was observed. The authors conclude that poor bone health prior to hormonal therapy is at least partially responsible for adverse bone density in this population. Direct comparison to a control population in all comparisons is needed to fully interpret the significance of their findings.  Weaknesses:  A third of the subjects in the observational GnRH agonist study cohort were excluded from this analysis. No control group was included. 
      
",academic.oup.com/jes/article/doi/10.1210/jendso/bvaa065/5866143,2020,NIH,state-sponsored research institute
The effect of GnRH analogue treatment on bone mineral density in young adolescents with gender dysphoria: findings from a large national cohort,Journal of Pediatric Endocrinology and Metabolism,"Joseph, T., Ting, J., Butler, G.","Background: More young people with gender dysphoria (GD) are undergoing hormonal intervention starting with gonadotropin-releasing hormone analogue (GnRHa) treatment. The impact on bone density is not known, with guidelines mentioning that bone mineral density (BMD) should be monitored without suggesting when. This study aimed to examine a cohort of adolescents from a single centre to investigate whether there were any clinically significant changes in BMD and bone mineral apparent density (BMAD) whilst on GnRHa therapy.
Methods: A retrospective review of 70 subjects aged 12–14 years, referred to a national centre for the management of GD (2011–2016) who had yearly dual energy X-ray absorptiometry (DXA) scans. BMAD scores were calculated from available data. Two analyses were performed, a complete longitudinal analysis (n = 31) where patients had scans over a 2-year treatment period, and a larger cohort over the first treatment year (n = 70) to extend the observation of rapid changes in lumbar spine BMD when puberty is blocked.
Results: At baseline transboys had lower BMD measures than transgirls. Although there was a significant fall in hip and lumbar spine BMD and lumbar spine BMAD Z-scores, there was no significant change in the absolute values of hip or spine BMD or lumbar spine BMAD after 1 year on GnRHa and a lower fall in BMD/BMAD Z-scores in the longitudinal group in the second year.
Conclusions: We suggest that reference ranges may need to be re-defined for this select patient cohort. Long-term BMD recovery studies on sex hormone treatment are needed.
          SEGM Summary This is a retrospective single center study investigating longitudinal change in bone density in transgender 12-14 year old adolescents exposed to GnRH agonists. 70 subjects had DEXA scans at baseline and 12 months. 31 subjects had data at 24 months. BMD and BMAD were unchanged but Z-scores significantly decreased.  This study shows that pubertal blockade in gender dysphoric teens is associated with arrest of normal bone density accrual with resulting fall in bone density z-scores. Strength: Relatively large number of subjects. Limitations: Limited follow up. Analysis limited to DEXA scans. Does not assess effects of subsequent cross-sex hormones. Does not assess bone turnover.  
      
",http://www.degruyter.com/view/j/jpem.2019.32.issue-10/jpem-2019-0046/jpem-2019-0046.xml,2019,NHS,state-sponsored research institute
Osteoporosis and Bone Health in Transgender Persons,Endocrinology and Metabolism Clinics of North America,"Stevenson, M. O., Tangpricha, V.","This review summarizes current studies, systematic reviews, and clinical practice guidelines regarding the screening, diagnosis, and treatment of osteoporosis in transgender persons. Gender-affirming hormone therapy has been shown to maintain or promote acquisition of bone density as measured by dual-energy x-ray absorptiometry. No differences in fracture rates have been seen in trans women or men in short, prospective trials. Trans children and adolescents on gonadotropin-releasing hormone may be at risk for decreasing bone density while not on sex steroid hormone replacement. Screening for osteoporosis should be based on clinical factors. Treatment for osteoporosis follows the same guidelines as cisgender populations.
      
",www.ncbi.nlm.nih.gov/pmc/articles/PMC6487870/,2019,NIH,state-sponsored research institute
Bone Health in the Transgender Population,Clinical Reviews in Bone and Mineral Metabolism,"Rothman, M. S., Iwamoto, S. J.","It is well known that sex steroids, particularly estrogen, play a crucial role in the attainment and maintenance of peak bone density in all people. Transgender (trans) have been frequently observed to have low bone density prior to initiation of gender-affirming hormone therapy, while trans men generally do not. With pharmacologic estrogen, many studies show improving bone density in trans women. With pharmacologic testosterone, bone density in trans men remains largely unchanged although androgens have indirect effects on bone health via changes in fat and lean mass. Much remains unknown about best practices to optimize bone health, interpret DXA scans and assess fracture risk in trans adults.
      
",http://link.springer.com/10.1007/s12018-019-09261-3,2019,VA,state-sponsored research institute
The ovaries of transgender men indicate effects of high dose testosterone on the primordial and early growing follicle pool,Reproduction and Fertility,"Bailie, E., Maidarti, M., Hawthorn, R., Jack, S., Watson, N., Telfer, E. E., Anderson, R. A.","Androgens are essential in normal ovarian function and follicle health, but hyperandrogenism, as seen in polycystic ovary syndrome, is associated with disordered follicle development. There are few data on the effect of long-term exposure to high levels of testosterone as found in transgender men receiving gender-affirming endocrine therapy. In this study, we investigate the effect of testosterone on the development, morphological health and DNA damage and repair capacity of human ovarian follicles in vivo and their survival in vitro. Whole ovaries were obtained from transgender men (mean age: 27.6 ± 1.7 years; range: 20–34 years, n = 8) at oophorectomy taking pre-operative testosterone therapy. This was compared to cortical biopsies from age-matched healthy women obtained at caesarean section (mean age: 31.8 ± 1.5 years; range: 25–35 years, n = 8). Cortical tissues were dissected into fragments and either immediately fixed for histological analysis or cultured for 6 days and subsequently fixed. Follicle classification and morphological health were evaluated from histological sections stained with hematoxylin and eosin and expression of γH2AX as a marker of DNA damage by immunohistochemistry (IHC). In uncultured tissue, testosterone exposure was associated with reduced follicle growth activation, poor follicle health and increased DNA damage. After 6 days of culture, there was enhanced follicle activation compared to the control with further deterioration in morphological health and increased DNA damage. These data indicate that high circulating concentrations of testosterone have effects on the primordial and small-growing follicles of the ovary. These results may have implications for transgender men receiving gender-affirming therapy prior to considering pregnancy or fertility preservation measures.
      
",raf.bioscientifica.com/view/journals/raf/4/2/RAF-22-0102.xml,2023,MRC,state-sponsored research institute
The ovaries of transgender men indicate effects of high dose testosterone on the primordial and early growing follicle pool,Reproduction and Fertility,"Bailie, E., Maidarti, M., Hawthorn, R., Jack, S., Watson, N., Telfer, E. E., Anderson, R. A.","Androgens are essential in normal ovarian function and follicle health, but hyperandrogenism, as seen in polycystic ovary syndrome, is associated with disordered follicle development. There are few data on the effect of long-term exposure to high levels of testosterone as found in transgender men receiving gender-affirming endocrine therapy. In this study, we investigate the effect of testosterone on the development, morphological health and DNA damage and repair capacity of human ovarian follicles in vivo and their survival in vitro. Whole ovaries were obtained from transgender men (mean age: 27.6 ± 1.7 years; range: 20–34 years, n = 8) at oophorectomy taking pre-operative testosterone therapy. This was compared to cortical biopsies from age-matched healthy women obtained at caesarean section (mean age: 31.8 ± 1.5 years; range: 25–35 years, n = 8). Cortical tissues were dissected into fragments and either immediately fixed for histological analysis or cultured for 6 days and subsequently fixed. Follicle classification and morphological health were evaluated from histological sections stained with hematoxylin and eosin and expression of γH2AX as a marker of DNA damage by immunohistochemistry (IHC). In uncultured tissue, testosterone exposure was associated with reduced follicle growth activation, poor follicle health and increased DNA damage. After 6 days of culture, there was enhanced follicle activation compared to the control with further deterioration in morphological health and increased DNA damage. These data indicate that high circulating concentrations of testosterone have effects on the primordial and small-growing follicles of the ovary. These results may have implications for transgender men receiving gender-affirming therapy prior to considering pregnancy or fertility preservation measures.
      
",raf.bioscientifica.com/view/journals/raf/4/2/RAF-22-0102.xml,2023,Wellcome Trust,private foundation
Fertility Options for the Transgender and Gender Nonbinary Patient,The Journal of Clinical Endocrinology and Metabolism,"Mayhew, A. C., Gomez-Lobo, V.","Comprehensive care for transgender and gender nonbinary patients has been a priority established by the World Professional Association for Transgender Health. Because pubertal suppression, gender-affirming hormone therapy, and antiandrogen therapy used alone or in combination during medical transition can affect gonadal function, understanding the effects these treatments have on fertility potential is important for practitioners caring for transgender and gender nonbinary patients. In this review, we outline the impacts of gender-affirming treatments on fertility potential and discuss the counseling and the treatment approach for fertility preservation and/or family building in transgender and gender nonbinary individuals.
      
",academic.oup.com/jcem/article/105/10/3335/5892794,2020,NIH,state-sponsored research institute
Rates of Fertility Preservation Use Among Transgender Adolescents,JAMA Pediatrics,"Pang, K. C., Peri, A. J. S., Chung, H. E., Telfer, M., Elder, C. V., Grover, S., Jayasinghe, Y.","Transgender adolescents are increasingly seeking hormonal intervention to achieve a body consistent with their gender identity. These treatments include gonadotropin-releasing hormone agonists (GnRHa) to suppress puberty and the gender-affirming hormones testosterone and estrogen. Given that these interventions affect reproductive function, current treatment guidelines recommend prior fertility counseling and access to fertility preservation (FP).1 However, despite a previous report that 36% of transgender adolescents want biological children in the future,2 3 recent North American studies3-5 identified that less than 5% of transgender adolescents accessed FP. Whether these low rates reflect service barriers (eg, cost and availability), unwillingness to delay hormonal treatment for FP, and/or an intrinsic lack of desire for FP is unclear.
We performed a retrospective review to examine FP use among transgender adolescents receiving hormonal intervention at our pediatric gender service in Australia. We hypothesized that the nature of our clinic, which is publicly funded and located alongside a pediatric oncofertility center, might reduce barriers and increase FP uptake.
      
",jamanetwork.com/journals/jamapediatrics/fullarticle/2764075,2020,NHMRC,state-sponsored research institute
Gender Dysphoria: Bioethical Aspects of Medical Treatment,BioMed Research International,"Bizic, M. R., Jeftovic, M., Pusica, S., Stojanovic, B., Duisin, D., Vujovic, S., Rakic, V., Djordjevic, M. L.","Gender affirmation surgery remains one of the greatest challenges in transgender medicine. In recent years, there have been continuous discussions on bioethical aspects in the treatment of persons with gender dysphoria. Gender reassignment is a difficult process, including not only hormonal treatment with possible surgery but also social discrimination and stigma. There is a great variety between countries in specified tasks involved in gender reassignment, and a complex combination of medical treatment and legal paperwork is required in most cases. The most frequent bioethical questions in transgender medicine pertain to the optimal treatment of adolescents, sterilization as a requirement for legal recognition, role of fertility and parenthood, and regret after gender reassignment. We review the recent literature with respect to any new information on bioethical aspects related to medical treatment of people with gender dysphoria.
      
",www.hindawi.com/journals/bmri/2018/9652305/,2018,"Ministry of Science, Technological Development, and Innovation",state-sponsored research institute
Clinical management of gender identity disorder in adolescents: a protocol on psychological and paediatric endocrinology aspects,European Journal of Endocrinology,"Delemarre-van de Waal, H. A., Cohen-Kettenis, P. T.","Treatment outcome in transsexuals is expected to be more favourable when puberty is suppressed than when treatment is started after Tanner stage 4 or 5. In the Dutch protocol for the treatment of transsexual adolescents, candidates are considered eligible for the suppression of endogenous puberty when they fulﬁl the Diagnostic and Statistic Manual of Mental Disorders-IV-RT criteria for gender disorder, have suffered from lifelong extreme gender dysphoria, are psychologically stable and live in a supportive environment. Suppression of puberty should be considered as supporting the diagnostic procedure, but not as the ultimate treatment. If the patient, after extensive exploring of his/her sex reassignment (SR) wish, no longer pursues SR, pubertal suppression can be discontinued. Otherwise, cross-sex hormone treatment can be given at 16 years, if there are no contraindications. Treatment consists of a GnRH analogue (GnRHa) to suppress endogenous gonadal stimulation from B2-3 and G34, and prevents development of irreversible sex characteristics of the unwanted sex. From the age of 16 years, cross-sex steroid hormones are added to the GnRHa medication.
      
",academic.oup.com/ejendo/article-abstract/155/Supplement_1/S131/6695708?redirectedFrom=fulltext,2006,Ferring Pharmaceuticals,pharmaceutical company
Fertility preservation in transgender youth from initial counseling through preservation procedures: A retrospective cross-sectional study,Journal of Pediatric and Adolescent Gynecology,"Petriceks, A. C., Maheshwari, C., Murphy, T. E., Butts, S., Roden, R. C.","Methods: This is a retrospective cross-sectional study of patients aged 10–24 years seen for initial gender-related medical evaluations at the institution’s Pediatric and Adolescent Gender Health Clinic between July 1, 2020 and August 31, 2023. The clinic uses a standardized interview template including questions about fertility goals. Data collected included referral to reproductive endocrinology and infertility (REI) services, REI appointment attendance, and completion of fertility preservation. Patient demographics and prior use of gender-affirming mental health or medical services were also assessed.
Results: Among 311 participants, 25 (8%) accepted an REI referral. Referral was positively associated with prior receipt of gender-affirming mental health or medical care. Of the 25 referred, 19 attended an REI appointment, and 8 ultimately underwent fertility preservation. All 8 were assigned male sex at birth and completed sperm cryopreservation. There was no association between previous gender-affirming care and completion of a fertility preservation procedure.
Conclusion: Although some transgender and nonbinary patients expressed interest in fertility preservation at their initial visit, only those assigned male sex at birth pursued preservation. This disparity likely reflects the relative simplicity and lower cost of sperm cryopreservation compared with oocyte preservation.
      
",www.jpagonline.org/article/S1083-3188(26)00005-7/abstract,2026,NIH,state-sponsored research institute
Testosterone use and sexual function among transgender men and gender diverse people assigned female at birth,American Journal of Obstetrics and Gynecology,"Tordoff, D. M., Lunn, M. R., Chen, B., Flentje, A., Dastur, Z., Lubensky, M. E., Capriotti, M., Obedin-Maliver, J.","BACKGROUND: Testosterone use among transgender people likely impacts their experience of sexual function and vulvovaginal pain via several complex pathways. Testosterone use is associated with decreased estrogen in the vagina and atrophic vaginal tissue, which may be associated with decreased vaginal lubrication and/or discomfort during sexual activity. At the same time, increased gender affirmation through testosterone use may be associated with improved sexual function. However, data on pelvic and vulvovaginal pain among transgender men and nonbinary people assigned female at birth are scarce.
OBJECTIVE: This study aimed to assess the association between testosterone and sexual function with a focus on symptoms that are commonly associated with vaginal atrophy.
STUDY DESIGN: We conducted a cross-sectional analysis of 1219 participants aged 18 to 72 years using data collected from 2019 to 2021 from an online, prospective, longitudinal cohort study of sexual and/or gender minority people in the United States (The Population Research in Identity and Disparities for Equality Study). Our analysis included adult transgender men and gender diverse participants assigned female at birth who were categorized as never, current, and former testosterone users. Sexual function was measured across 8 Patient-Reported Outcomes Measurement Information System Sexual Function and Satisfaction domains.
RESULTS: Overall, 516 (42.3%) participants had never used testosterone, and 602 (49.4%) currently used testosterone. The median duration of use was 37.7 months (range, 7 days to >27 years). Most participants (64.6%) reported genital pain or discomfort during sexual activity in the past 30 days, most commonly in the vagina or frontal genital opening (52.2%), followed by around the clitoris (29.1%) and labia (24.5%). Current testosterone use was associated with a greater interest in sexual activity (β=6.32; 95% confidence interval, 4.91–7.74), higher ability to orgasm (β=1.50; 95% confidence interval, 0.19-2.81), and more vaginal pain or discomfort during sexual activity (β=1.80; 95% confidence interval, 0.61–3.00). No associations were observed between current testosterone use and satisfaction with sex life, lubrication, labial pain or discomfort, or orgasm pleasure.
CONCLUSION: Testosterone use among transgender men and gender diverse people was associated with an increased interest in sexual activity and the ability to orgasm, as well as with vaginal pain or discomfort during sexual activity. Notably, the available evidence demonstrates that >60% of transgender men experience vulvovaginal pain during sexual activity. The causes of pelvic and vulvovaginal pain are poorly understood but are likely multifactorial and include physiological (eg, testosterone-associated vaginal atrophy) and psychological factors (eg, gender affirmation). Given this high burden, there is an urgent need to identify effective and acceptable interventions for this population.
      
",linkinghub.elsevier.com/retrieve/pii/S0002937823006051,2023,NIH,state-sponsored research institute
Body Composition and Markers of Cardiometabolic Health in Transgender Youth on Gonadotropin-Releasing Hormone Agonists,Transgender Health,"Nokoff, N. J., Scarbro, S. L., Moreau, K. L., Zeitler, P., Nadeau, K. J., Reirden, D., Juarez-Colunga, E., Kelsey, M. M.","PURPOSE: Up to 1.8% of youth identify as transgender; many will be treated with a gonadotropin-releasing hormone agonist (GnRHa). The impact of GnRHa on insulin sensitivity and body composition in transgender youth is understudied. We aimed to evaluate differences in insulin sensitivity and body composition in transgender youth on GnRHa therapy compared with cisgender youth.
METHODS: Transgender participants were matched to cisgender participants on age, body mass index, and sex assigned at birth. Transgender males (n=9, ages 10.1–16.0 years) on GnRHa (mean±standard deviation duration of exposure: 20.9±19.8 months) were compared with cisgender females (n=14, ages 10.6–16.2). Transgender females (n=8, ages 12.6–16.1) on GnRHa (11.3±7 months) were compared with cisgender males (n=17, ages 12.5–15.5). Differences in insulin sensitivity (1/[fasting insulin], homeostatic model of insulin resistance [HOMA-IR]), glycemia (hemoglobin A1C [HbA1c], fasting glucose), and body composition (dual-energy X-ray absorptiometry) were evaluated using a mixed linear regression model.
RESULTS: Transgender males had lower 1/fasting insulin and higher HOMA-IR (p=0.031, p=0.01, respectively), fasting glucose (89±4 vs. 79±13 mg/dL, p=0.012), HbA1c (5.4±0.2 vs. 5.2±0.2%, p=0.039), and percent body fat (36±7 vs. 32±5%, p=0.042) than matched cisgender females. Transgender females had lower 1/fasting insulin and higher HOMA-IR (p=0.028, p=0.035), HbA1c (5.4±0.1% vs. 5.1±0.2%, p=0.007), percent body fat (31±9 vs. 24±10%, p=0.002), and lower percent lean mass (66±8 vs. 74±10%, p<0.001) than matched cisgender males.
CONCLUSION: Transgender youth on a GnRHa have lower estimated insulin sensitivity and higher glycemic markers and body fat than cisgender controls with similar characteristics. Longitudinal studies are needed to understand the significance of these changes. Clinical Trial.gov ID: NCT02550431.
      
",www.liebertpub.com/doi/10.1089/trgh.2020.0029,2021,NIH,state-sponsored research institute
Cardiovascular Disease Risk Factors and Myocardial Infarction in the Transgender Population,Circulation: Cardiovascular Quality and Outcomes,"Alzahrani, T., Nguyen, T., Ryan, A., Dwairy, A., McCaffrey, J., Yunus, R., Forgione, J., Krepp, J., Nagy, C., …, Reiner, J.","BACKGROUND: As of 2016, ≈1.4 million people in the United States identify as transgender. Despite their growing number and increasing specific medical needs, there has been a lack of research on cardiovascular disease (CVD) and CVD risk factors in this population. Recent studies have reported that the transgender population had a significantly higher rate of CVD risk factors without a significant increase in overall CVD morbidity and mortality. These studies are limited by their small sample sizes and their predominant focus on younger transgender populations. With a larger sample size and inclusion of broader age range, our study aims to provide insight into the association between being transgender and cardiovascular risk factors, as well as myocardial infarction.
METHODS AND RESULTS: The Behavioral Risk Factor Surveillance System data from 2014 to 2017 were used to evaluate the cross-sectional association between being transgender and the reported history of myocardial infarction and CVD risk factors. A logistic regression model was constructed to study the association between being transgender and myocardial infarction after adjusting for CVD risk factors including age, diabetes mellitus, hypertension, hypercholesterolemia, chronic kidney disease, smoking, and exercise. Multivariable analysis revealed that transgender men had a >2-fold and 4-fold increase in the rate of myocardial infarction compared with cisgender men (odds ratio, 2.53; 95% CI, 1.14–5.63; P=0.02) and cisgender women (odds ratio, 4.90; 95% CI, 2.21–10.90; P<0.01), respectively. Conversely, transgender women had >2-fold increase in the rate of myocardial infarction compared with cisgender women (odds ratio, 2.56; 95% CI, 1.78–3.68; P<0.01) but did not have a significant increase in the rate of myocardial infarction compared with cisgender men.
CONCLUSION: The transgender population had a higher reported history of myocardial infarction in comparison to the cisgender population, except for transgender women compared with cisgender men, even after adjusting for cardiovascular risk factors.
          SEGM Summary SEGM Summary Researchers analyzed a large national sample of people with serious cardiovascular disease. Transgender people, both MtF and FtM, were much more likely to have had heart attacks than other patients.
      
",www.ahajournals.org/doi/10.1161/CIRCOUTCOMES.119.005597,2019,CDC,state-sponsored research institute
Psychiatric Morbidity Among Adolescents and Young Adults Who Contacted Specialised Gender Identity Services in Finland in 1996–2019: A Register Study,Acta Paediatrica,"Ruuska, S., Tuisku, K., Holttinen, T., Kaltiala, R.","Aim
To examine the prevalence of severe psychiatric morbidity among gender‐referred adolescents, focusing on gender differences and outcomes related to medical gender reassignment.
Methods
 Finnish nationwide cohort of all under‐23‐year‐old gender‐referred individuals between 1996 and 2019 (n=2083) and 16643 matched controls. Cross‐tabulations with X2 statistics and Cox regression were used to analyse the data.
Results
Gender‐referred adolescents showed significantly higher psychiatric morbidity than controls both before (45.7% vs. 15.0%) and ≥ 2 years after referral (61.7% vs. 14.6%). Those referred after 2010 had greater psychiatric needs than earlier cohorts, both before (47.9% vs. 15.3%) and ≥ 2 years after (61.3% vs. 14.2%) referral. Among adolescents who underwent medical gender reassignment, psychiatric morbidity increased markedly during follow‐up—rising from 9.8% to 60.7% in feminising gender reassignment and from 21.6% to 54.5% in masculinising gender reassignment. After adjusting for prior psychiatric treatment, all gender‐referred adolescents had similarly elevated risks of psychiatric morbidity, with hazard ratios approximately three times higher than female controls and five times higher than male controls.
Conclusion
Severe psychiatric morbidity is common among gender‐referred adolescents and appears to be more prevalent in those referred after the recent surge in referrals. Psychiatric needs do not subside after medical gender reassignment.
      
",onlinelibrary.wiley.com/doi/10.1111/apa.70533,2026,Wihuri Foundation,private foundation
"Fluidity in Reporting Gender Identity Labels in a Sample of Transgender and Gender Diverse Adolescents and Young Adults, Los Angeles, California, and New Orleans, Louisiana, 2017-2019",Public Health Reports,"Ocasio, M. A., Fernandez, M. I., Ward, D. H., Lightfoot, M., Swendeman, D., Harper, G. W.","Objectives:
Treating gender identity as a fixed characteristic may contribute to considerable misclassification and hinder accurate characterization of health inequities and the design of effective preventive interventions for transgender and gender diverse (TGD) adolescents and young adults. We examined changes in how an ethnically and racially diverse sample of TGD adolescents and young adults reported their gender identity over time, the implications of this fluidity on public health, and the potential effects of misclassification of gender identity.
Methods:
We recruited 235 TGD adolescents and young adults (aged 15-24 y) in Los Angeles, California, and New Orleans, Louisiana, from May 2017 through August 2019 to participate in an HIV intervention study. We asked participants to self-report their gender identity and sex assigned at birth every 4 months for 24 months. We used a quantitative content analysis framework to catalog changes in responses over time and classified the changes into 3 main patterns: consistent, fluctuating, and moving in 1 direction. We then calculated the distribution of gender identity labels at baseline (initial assessment) and 12 and 24 months and described the overall sample by age, race, ethnicity, and study site.
Results:
Of 235 TGD participants, 162 (69%) were from Los Angeles, 89 (38%) were Latinx, and 80 (34%) were non-Latinx Black or African American. Changes in self-reported gender identity were common (n = 181; 77%); in fact, 39 (17%) changed gender identities more than twice. More than 50% (n = 131; 56%) showed a fluctuating pattern.
Conclusions:
Gender identity labels varied over time, suggesting that misclassification may occur if data from a single time point are used to define gender identity. Our study lays the foundation for launching studies to elucidate the associations between shifting gender identities and health outcomes.
      
",http://journals.sagepub.com/doi/10.1177/00333549231223922,2024,NIH,state-sponsored research institute
The U.S. Transgender Survey of 2015 Supports Rapid-Onset Gender Dysphoria: Revisiting the “Age of Realization and Disclosure of Gender Identity Among Transgender Adults.”,Archives of Sexual Behavior,"Sapir, L., Littman, L., Biggs, M.","“Rapid-onset gender dysphoria” (ROGD) describes a presentation in a recent cohort of adolescent and young adults who first became gender dysphoric or trans-identified during or after the onset of puberty (Littman, 2018, 2021). The ROGD hypotheses are, briefly stated, that this relatively new and distinct clinical presentation of late-onset gender dysphoria exists, and that psychosocial factors, including social influences (social media, social and peer contagion, etc.), maladaptive coping mechanisms, mental health conditions, and other stressors can contribute to its appearance in some individuals (Littman, 2018, 2021).
In “Age of Realization and Disclosure of Gender Identity Among Transgender Adults,” Turban et al. (2023a) claim to find evidence against ROGD. Relying on data from the U.S. Transgender Survey of 2015 (USTS-15) (James et al., 2016), Turban et al. divided respondents into two groups—early realization and late realization—based on whether they “realized their TGD [transgender and/or gender diverse] identities” before or after age 10. They found that 59.2% of respondents had early realization, and that the median time from realization to disclosure of their identities to others was 14 years. Thus, Turban et al. conclude, “it is likely that gender dysphoria experienced by many…TGD youth is not ‘rapid-onset,’ but rather that TGD youth disclose their TGD identities to their parents and others years after their personal realization.”
We write to point out problems with their analysis. Turban et al. (1) misstate the ROGD hypothesis, (2) analyze the wrong age cohorts in USTS-15, (3) use a dubious proxy for “realization,” (4) use an unreasonable definition of “disclosure,” (5) provide misleading analysis of time to disclosure, (6) misrepresent and underestimate the significance of their sample’s female skew, and (7) omit ROGD-relevant data pertaining to respondents’ mental health. When these flaws are acknowledged and the data are accurately reported, the USTS-15 actually provides support for the ROGD hypothesis.
      
",link.springer.com/10.1007/s10508-023-02754-9,2023,Manhattan Institute,anti-trans organization
Individuals Treated for Gender Dysphoria with Medical and/or Surgical Transition Who Subsequently Detransitioned: A Survey of 100 Detransitioners,Archives of Sexual Behavior,"Littman, L.","The study’s purpose was to describe a population of individuals who experienced gender dysphoria, chose to undergo medical and/or surgical transition and then detransitioned by discontinuing medications, having surgery to reverse the effects of transition, or both. Recruitment information with a link to an anonymous survey was shared on social media, professional listservs, and via snowball sampling. Sixty-nine percent of the 100 participants were natal female and 31.0% were natal male. Reasons for detransitioning were varied and included: experiencing discrimination (23.0%); becoming more comfortable identifying as their natal sex (60.0%); having concerns about potential medical complications from transitioning (49.0%); and coming to the view that their gender dysphoria was caused by something specific such as trauma, abuse, or a mental health condition (38.0%). Homophobia or difficulty accepting themselves as lesbian, gay, or bisexual was expressed by 23.0% as a reason for transition and subsequent detransition. The majority (55.0%) felt that they did not receive an adequate evaluation from a doctor or mental health professional before starting transition and only 24.0% of respondents informed their clinicians that they had detransitioned. There are many different reasons and experiences leading to detransition. More research is needed to understand this population, determine the prevalence of detransition as an outcome of transition, meet the medical and psychological needs of this population, and better inform the process of evaluation and counseling prior to transition.
          SEGM Summary To qualify as medically or surgically transitioned, participants needed to have had one or more of the following interventions for the purpose of transitioning: puberty blockers, cross-sex hormones, anti-androgens, or a surgical procedure, and then detransitioned by stopping the medications or having surgery to reverse the changes from transition. The demographics of the detransitioners reveal that the majority are female (70%) and white (90%), and over 80% have graduated from college or completed some college coursework. Slightly more experienced an early onset of gender dysphoria (56%) vs. the post-puberty onset (44.0%). However, more than half of the female participants had a post-puberty onset of gender dysphoria (55%). The female study participants were on average 20 years old when they sought care to transition and 24 when they decided to detransition. Males were considerably older: the average ages to seek medical transition and to subsequently detransition were 26 and 33, respectively.  Specific to endocrine interventions, the vast majority (96%) took cross-sex hormones as part of their transition. Females took testosterone for an average 2 years, while males took estrogen for 5 years and anti-androgens for 3 years. Surgically, one third of females underwent a mastectomy and 16% of males had breast augmentation. Genital surgeries in females were uncommon (1%), while men had genital surgeries as frequently as breast augmentation (16% each).  In order to detransition, the vast majority of respondents (95%) stopped cross-sex hormones and 9% underwent surgical procedures. Reasons for Transition / Detransition Besides wanting to be perceived as the target gender, which was the top reason to transition among both sexes (77%), the leading reasons for transition for females were not wanting to be associated with their natal sex/gender (74%), feeling ""wrong"" in their bodies (73%), and the belief that transition was the only option for feeling better (73%). For males, the key reasons for transition were that they identified with the target gender (77%), a belief that they would become their true self through transition (71%), and the belief that transition would eliminate their gender dysphoria (71%). Another marked difference between female and male study subjects is in gender-related harassment. While only 16% of male participants reported transitioning to reduce gender-related harassment, 51% of female participants named it as a reason for transition. Nearly a third (30%) endorsed the response “someone else told me that the feelings I was having meant that I was transgender and I believed them” to describe how they felt about identifying as transgender in the past. Many participants selected social media, online communities, and in-person friend groups as sources that encouraged them to believe that transitioning would help them. The leading reason for detransition for both sexes was becoming more comfortable with identifying with their natal sex due to a change in personal definition of female and male; this notion was cited by 65% of females and 48% of males. However, other reasons for detransition differed between female and male participants. For females, the second and third most frequently cited reasons for detransition were concerns about potential medical complications from transitioning (58%) and dissatisfaction with the physical results/too much change (51%). In contrast, males endorsed dissatisfaction with the physical results/too little change, deteriorating physical health, continued mental health problems, and feeling that they were discriminated against (36% each). For females, discrimination was among the less frequently endorsed reasons for detransition (17%).  Although not all detransitioned patients expressed regret, 50% reported strong or very strong regret. Eleven percent of respondents indicated that they were glad that they transitioned and 30% indicated that they wished they had never transitioned. The majority of respondents were dissatisfied with their decision to transition (70%) and were satisfied with their decision to detransition (85%). At the time of survey completion, 61% had returned to identifying with their birth sex, 14% identified as nonbinary, and 8% identified as transgender. Gaps in Medical Care The study raises concerns about the the quality of medical and mental health care provided to many of the participants. Although 55% of the respondents had been diagnosed with at least one psychiatric or neurodevelopmental issue and 37% reported experiencing trauma prior to the onset of gender dysphoria, the majority of participants (65%) reported that their clinicians did not evaluate whether their desire to transition was secondary to trauma or a mental health condition. Only 27% reported that the counseling and information they received prior to transition was accurate in terms of the benefits and risks associated with transition, with nearly half (46%) reporting that the counseling was overly positive about the benefits of transition. Alarmingly, some participants reported that mental health and medical clinicians pressured them to medically transition. Less than a quarter of the participants (24%) told their treating clinicians that they discontinued medical treatment. This, in turn, suggests that clinicians may be unaware of their own patients who detransition and that clinic rates of detransition are likely underestimated. SEGM take-away This study describes the experiences of the individuals who transitioned largely before 2015, the year when the landscape of gender care drastically changed. The numbers of young people expressing gender-related distress have sharply risen in 2015 for reasons that remain poorly understood. At the same time, the ""gender-affirmative"" approach to treating gender dysphoria, which supports the use of hormonal and surgical interventions as first-line treatment, has become widely adopted, while the ""informed consent model of care"" eliminated the requirement for mental health evaluations. It is likely that the problems highlighted by the study are even more prevalent today, and if not addressed, they may lead to increasing numbers of individuals subjected to inappropriate medical interventions for their gender distress. The study suggests that the rate of detransition should be systematically studied to ascertain its prevalence and to begin to develop alternative, non-invasive approaches for gender dysphoria management in young people. SEGM supports the study's call for inclusion of a measure of detransition in nationally representative surveys that collect health data, such as the Behavioral Risk Factor Surveillance System (BRFSS) and Youth Behavior Risk Survey (YRBS). According to the latest available estimates from the YRBS, 1.8% of youth identify as transgender and an additional 1.6% are unsure. As the number of young people seeking and receiving irreversible medical and surgical gender interventions grows, it is vital to begin to track detransition data to prepare the healthcare system to better meet the needs of this novel patient segment.
      
",link.springer.com/10.1007/s10508-021-02163-w,2021,ICGDR,anti-trans organization
Ten years of a gender identity service for children and adolescents in Germany: demographic and clinical patterns,European Child & Adolescent Psychiatry,"Herrmann, L., Barkmann, C., Fahrenkrug, S., Hohmann, S., Bindt, C., Lammers, C., Becker-Hebly, I.","Key discussions in current research on transgender and gender diverse children and adolescents include rising referral rates of adolescents assigned female at birth (AFAB) compared to adolescents assigned male at birth (AMAB) to specialized gender identity services and shifts in demographic and clinical characteristics of clients. The present study aimed to investigate two things: (1) a potential linear increase in the proportion of AFAB (vs. AMAB) referrals over time; and (2) to identify distinct clinical patterns based on time, sex assigned at birth, and clinical characteristics, such as psychological functioning and onset age. A clinical sample of children and adolescents (n = 779) attending a specialized gender identity service in Germany (Hamburg GIS) over ten years, between September 2013 and September 2023, was assessed. Crosssectional information provided by parents and clinicians included the year of initial visit, sex assigned at birth, psychological functioning (Child Behavior Checklist), and onset age of gender dysphoria (pre-pubertal vs. post-pubertal onset of gender dysphoria based on DSM-5 criteria in childhood and adolescence). A logistic regression analysis was used to test for a linear time trend in sex assigned at birth. A latent class analysis (LCA) was performed on the year of initial visit, sex assigned at birth, and clinical characteristics (psychological functioning and onset age) in order to identify potential clinical patterns. Even though the sample consisted of almost four times more AFAB compared to AMAB referrals, there was no significant linear increase in the proportion of AFAB children and adolescents over time. LCA revealed two distinct cohorts: an earlier one (mean year of initial visit: mid-2016) and a more recent one (mean year of initial visit: around 2021). These cohorts differed significantly with regard to all demographic and clinical characteristics. The more recent (2021) cohort included a higher proportion of AFAB individuals, less problematic psychological functioning in the clinical range, and more cases of post-pubertal onset (late onset) compared to childhood (early onset) gender dysphoria than the earlier cohort (2016). In conclusion, there was no evidence of a linear increase in the proportion of AFAB children and adolescents over time. However, two distinct clinical patterns were identified, one earlier cohort (referred around 2016) and one more recent cohort (referred around 2021), and these differed in various demographic and clinical characteristics. Long-term research is required to determine how these patterns fit with particular clinical needs.
      
",link.springer.com/10.1007/s00787-026-03080-w,2026,Projekt DEAL,state-sponsored research institute
"The evolution of pediatric transgender healthcare in Flanders: Trends in referrals, intakes and gender-affirming interventions over the last 15 years",International Journal of Transgender Health,"Ciancia, S., Bruneel, L., Van Schuylenbergh, J., Klink, D., Dhondt, K., Heyse, R., Motmans, J., Cools, M.","The expanding number of minors questioning their gender identity and seeking care has led to the constitution of pediatric gender clinics in several countries. The activity of the multidisciplinary Pediatric Gender Team at Ghent University Hospital, Belgium started in 2007. We report on the evolution of referrals, psychological intakes, and trends in the start of gender-affirming medical and surgical interventions from 2007 to 2023. The whole cohort of minors (age <17 years) having a psychological intake between 2007 and 2023 was included. Subgroups were analyzed based on sex registered at birth (female or male, RFAB and RMAB respectively), year and age at the psychological intake (below or above 10 years). Referrals have increased in recent years. Between 2007 and 2023, 890 minors (65.5% RFAB) accessed our service. The ratio RFAB/RMAB has progressively increased, and RFAB with age at first intake >10 represented the greatest proportion. After 12 months, 19.5% were no longer in follow-up at our center; 28.1% of RFAB and 47.2% of RMAB did not start any medical treatment; 66.9% of RFAB and 52.8% of RMAB started gonadal hormone suppression (GHS), achieved with gonadotropin-releasing hormone analogues in 17.7% of RFAB and 34.6% of RMAB, with pro-androgenic progestins in 82.3% of RFAB and with anti-androgens in 65.4% of RMAB. 74.6% of RFAB and 86.4% of RMAB on GHS and older than 16 started gender-affirming hormones. Mastectomy was the most common gender-affirming surgery in RFAB, followed by hystero-gonadectomy. Gender-affirming surgery in RMAB was less frequent; vaginoplasty was the most frequent procedure. The care of minors with gender incongruence requires a multidisciplinary approach due to the complex psychological, social, and physical needs of this group. The timing and therapeutical options must be tailored to each adolescent.
      
",doi.org/10.1080/26895269.2025.2452996,2026,FWO,state-sponsored research institute
Gender dysphoria in adolescence: examining the rapid-onset hypothesis,neuropsychiatrie,"Leonhardt, A., Fuchs, M., Gander, M., Sevecke, K.","The sharp rise in the number of predominantly natal female adolescents experiencing gender dysphoria and seeking treatment in specialized clinics has sparked a contentious and polarized debate among both the scientiﬁc community and the public sphere. Few explanations have been offered for these recent developments. One proposal that has generated considerable attention is the notion of “rapidonset” gender dysphoria, which is assumed to apply to a subset of adolescents and young adults. First introduced by Lisa Littman in a 2018 study of parental reports, it describes a subset of youth, primarily natal females, with no childhood indicators of gender dysphoria but with a sudden emergence of gender dysphoria symptoms during puberty or after its completion. For them, identifying as transgender is assumed to serve as a maladaptive coping mechanism for underlying mental health issues and is linked to social inﬂuences from peer groups and through social media. The purpose of this article is to analyze this theory and its associated hypotheses against the existing evidence base and to discuss its potential implications for future research and the advancement of treatment paradigms.
      
",link.springer.com/10.1007/s40211-024-00500-8,2024,ICGDR,anti-trans organization
Prevalence of Diverse Genders and Sexualities in Australia and Associations With Five Forms of Child Maltreatment and Multi-type Maltreatment,Child Maltreatment,"Higgins, D. J., Lawrence, D., Haslam, D. M., Mathews, B., Malacova, E., Erskine, H. E., Finkelhor, D., Pacella, R., Meinck, F., …, Scott, J. G.","This study presents the most comprehensive national prevalence estimates of diverse gender and sexuality identities in Australians, and the associations with ﬁve separate types of child maltreatment and their overlap (multi-type maltreatment). Using Australian Child Maltreatment Study (ACMS) data (N = 8503), 9.5% of participants identiﬁed with a diverse sexuality and .9% with a diverse gender. Diverse identities were more prevalent in the youth cohort, with 17.7% of 16–24 years olds identifying with a diverse sexuality and 2.3% with a diverse gender. Gender and sexuality diversity also intersect – for example, with women (aged 16–24 and 25–44) more likely than men to identify as bisexual. The prevalence of physical abuse, sexual abuse, emotional abuse, neglect and exposure to domestic violence was very high for those with diverse sexuality and/or gender identities. Maltreatment was most prevalent for participants in the youth cohort with diverse gender identities (90.5% experiencing some form of child maltreatment; 77% multi-type maltreatment) or diverse sexualities (85.3% reporting any child maltreatment; 64.3% multi-type maltreatment). The strong association found between child maltreatment and diverse sexuality and gender identities is critical for understanding the social and mental health vulnerabilities of these groups, and informing services needed to support them.
      
",http://journals.sagepub.com/doi/10.1177/10775595231226331,2024,NHMRC,state-sponsored research institute
Exploring the gender care experiences and perspectives of individuals who discontinued their transition or detransitioned in Canada,PLOS ONE,"MacKinnon, K. R., Gould, W. A., Enxuga, G., Kia, H., Abramovich, A., Lam, J. S. H., Ross, L. E., Hönekopp, J.","BACKGROUND: Those who detransition have received increased public and scholarly attention and their narratives are often presented as evidence of limitations with contemporary gender-affirming care practices. However, there are scant empirical studies about how this population experienced their own process of gaining access to gender-affirming medical/surgical interventions, or their recommendations for care practice.
AIMS: To qualitatively explore the care experiences and perspectives of individuals who discontinued or reversed their gender transitions (referred to as detransition).
METHODS: Between October 2021-January 2022, Canadian residents aged 18 and older with experience of stopping, shifting, or reversing a gender transition were invited to participate in semi-structured, one-on-one, virtual interviews. A purposive sample of 28 was recruited by circulating study adverts over social media, to clinicians in six urban centres, and within participants’ social networks. Interviews ranged between 50–90 minutes, were audio-recorded, and transcribed verbatim. Following constructivist grounded theory methodology, interview data were analyzed inductively and thematically following a two-phase coding process to interpret participants’ experiences of, and recommendations for, gender care.
RESULTS: Participants were between the ages of 20–53 (71% were between 20–29). All participants identified along the LGBTQ2S+ spectrum. Twenty-seven out of 28 of the participants received medical/surgical interventions (60% were ages 24 and younger). A majority (57%) reported three or more past gender identities, with 60% shifting from a binary transgender identity at the time of initiating transition to a nonbinary identity later in their transition journey. To access medical/surgical interventions, most participants were assessed via the gender-affirming care model pathway and also engaged in talk therapy with a mental healthcare provider such as a psychologist or psychiatrist. Some participants experienced their care as lacking the opportunity to clarify their individual treatment needs prior to undergoing medical/surgical transition. Decisional regret emerged as a theme alongside dissatisfaction with providers’ “informed consent” procedures, such that participants felt they would have benefitted from a more robust discussion of risks/benefits of interventions prior to treatment decision-making. Overall, participants recommended an individualized approach to care that is inclusive of mental healthcare supports.
CONCLUSIONS: To optimize the experiences of people seeking and receiving gender care, a thorough informed consent process inclusive of individualized care options is recommended, as outlined by the World Professional Association of Transgender Health, standards of care, version 8.
      
",dx.plos.org/10.1371/journal.pone.0293868,2023,SSHRC,state-sponsored research institute
A New Flight from Womanhood? The Importance of Working Through Experiences Related to Exposure to Pornographic Content in Girls Affected by Gender Dysphoria,Journal of Sex & Marital Therapy,"Nadrowski, K.","Parallel to the advent of social media and the easy access to online pornographic content there is a sharp increase in adolescent females expressing gender dysphoria worldwide. This paper argues that treatment of gender dysphoria in female adolescents must include explicit exploration into their use and exchange of pornographic content, as well as possible online or offline contacts with adults. Possible avenues of how pornographic content may increase the shame and fear of becoming a woman include the acquisition of misogynistic sexual scripts based on false assumptions on sexuality including the normalization of the violation of females as pleasurable for them, peer influence among female friendship groups, the susceptibility of our medical systems to “mass hysteria” phenomena, easier access of adults with sexually abusive intentions to youth through social media, sexual abuse and victim blaming on females, as well as the influence of pornography on mentalization capacities. As the influence of pornography on gender dysphoria in girls is understudied, this paper provides questions for qualitative and quantitative research, case studies and history taking. Especially the lack of an adequate other during exposure may aggravate false assumptions on gender roles and gender inequality seen in mainstream pornography. Girls affected by autism might be at higher risk because of their reduced mentalization capacities. Working through experiences associated with pornographic content and sexually abusive experiences may correct false beliefs about gender inequality and therefore might alleviate gender dysphoria.
      
",www.tandfonline.com/doi/full/10.1080/0092623X.2023.2276149,2023,TherapyFirst,anti-trans organization
"Rapid-Onset Gender Dysphoria: Parent Reports on 1,655 Possible Cases",Journal of Open Inquiry in the Behavioral Sciences,"Bailey, M., Diaz, S.","During the past decade, there has been a dramatic increase in adolescents and young adults (AYAs) complaining of gender dysphoria. One influential if controversial explanation is that the increase reflects a socially contagious syndrome among emotionally vulnerable youth: rapid-onset gender dysphoria (ROGD). We report results from a survey of parents who contacted the website ParentsofROGDKids.com because they believed their AYA children had ROGD. Results focused on parent reports on 1,655 AYA children whose gender dysphoria began between ages 11 and 21 years, inclusive. These youths were disproportionately (75%) natal female. Natal males had later onset (by 1.9 years) than females, and they were much less likely to have taken steps towards social gender transition (65.7% for females versus 28.6% for males). Pre-existing mental health issues were common, and youths with these issues were more likely than those without them to have socially and medically transitioned. Parents reported that they had often felt pressured by clinicians to affirm their AYA child’s new gender and support their transition. According to the parents, AYA children’s mental health deteriorated considerably after social transition. We discuss potential biases of survey responses from this sample and conclude that there is presently no reason to believe that reports of parents who support gender transition are more accurate than those who oppose transition. To resolve controversies regarding ROGD, it is desirable that future research include data provided by both pro-transition and anti-transition parents, as well as their gender dysphoric AYA children.
      
",researchers.one/articles/23.10.00002v1,2023,SEGM,anti-trans organization
Saying that Bauer et al studied rapid onset gender dysphoria is inaccurate and misleading,The Journal of Pediatrics,"Littman, L.","To the Editor:  Clinicians worldwide are observing a new and growing cohort of adolescents who lacked obvious signs of gender dysphoria before puberty presenting with late-onset gender dysphoria.1-5 Bauer et al purport to study “rapid onset gender dysphoria” (ROGD), but, unfortunately, adopt a novel definition.6,7 They asked adolescents attending a first referral visit at a gender clinic when they “realized [their] gender was different from what other people called [them].” If that time was within 1 year of the visit, the adolescent was coded as having “recent gender knowledge,” which the authors inaccurately equated with ROGD. However, the data do not relate the timing of the onset of gender dysphoria with that of puberty. Given the range of participant ages, it could be that a significant majority of study participants in both the study and comparison groups should be categorized as ROGD, undercutting the study’s ability to provide any meaningful information about ROGD.
      
",linkinghub.elsevier.com/retrieve/pii/S0022347622001834,2022,ICGDR,anti-trans organization
Access to care and frequency of detransition among a cohort discharged by a UK national adult gender identity clinic: retrospective case-note review,BJPsych Open,"Hall, R., Mitchell, L., Sachdeva, J.","BACKGROUND: UK adult gender identity clinics (GICs) are implementing a new streamlined service model. However, there is minimal evidence from these services underpinning this. It is also unknown how many service users subsequently ‘detransition’.
AIMS: To describe service users’ access to care and patterns of service use, specifically, interventions accessed, reasons for discharge and re-referrals; to identify factors associated with access; and to quantify ‘detransitioning’.
METHOD: A retrospective case-note review was performed as a service evaluation for 175 service users consecutively discharged by a tertiary National Health Service adult GIC between 1 September 2017 and 31 August 2018. Descriptive statistics were used for rates of accessing interventions sought, reasons for discharge, re-referral and frequency of detransitioning. Using multivariate analysis, we sought associations between several variables and ‘accessing care’ or ‘other outcome’.
RESULTS: The treatment pathway was completed by 56.1%. All interventions initially sought were accessed by 58%; 94% accessed hormones but only 47.7% accessed gender reassignment surgery; 21.7% disengaged; and 19.4% were re-referred. Multivariate analysis identified coexisting neurodevelopmental disorders (odds ratio [OR] = 5.7, 95% CI = 1.7–19), previous adverse childhood experiences (ACEs) per reported ACE (OR = 1.5, 95% CI = 1.1–1.9), substance misuse during treatment (OR = 4.3, 95% CI = 1.1–17.6) and mental health concerns during treatment (OR = 2.2, 95% CI 1.1–4.4) as independently associated with accessing care. Twelve people (6.9%) met our case definition of detransitioning.
CONCLUSIONS: Service users may have unmet needs. Neurodevelopmental disorders or ACEs suggest complexity requiring consideration during the assessment process. Managing mental ill health and substance misuse during treatment needs optimising. Detransitioning might be more frequent than previously reported.
      
",www.cambridge.org/core/product/identifier/S205647242101022X/type/journal_article,2021,Devon Partnership Trust,state-sponsored research institute
A Typology of Gender Detransition and Its Implications for Healthcare Providers,Journal of Sex & Marital Therapy,"Expósito-Campos, P.","Gender detransition is an emerging yet poorly understood phenomenon in our society. In the absence of research, clinicians and researchers have applied the concept of detransition differently, leading to inconsistencies in its use. The article suggests a typology of gender detransition based on the cessation or the continuation of a transgender identity to address this issue. Implications of this typology for healthcare providers are discussed, emphasizing the increasing necessity of developing clinical guidelines for detransitioners. Finally, the article reflects on the possibilities of preventing detransition, which underlines the challenges that clinicians face when treating individuals with gender dysphoria.
      
",www.tandfonline.com/doi/abs/10.1080/0092623X.2020.1869126,2021,SEGM,anti-trans organization
Exploring the Psychological Mechanisms of Gender Transition and Detransition,Journal of Sex & Marital Therapy,"Lal, M., Levine, S. B.","This qualitative study investigates the retrospective psychological mechanisms of initial gender transition and subsequent detransition. While recent quantitative studies have established high rates of psychiatric comorbidity among detransitioners, the explanation for these comorbidities remains unknown. A two-step qualitative clinical audit and qualitative content analysis were conducted on public video transcripts from 37 detransitioners (25 females, 12 males). Five overlapping retrospective pathways to transition emerged: (1) Neurocognitive conditions; (2) Prior sexual abuse and dissociation; (3) Social contagion and digital amplification; (4) Ego-dystonic sexuality; and (5) Fear of emerging sexuality and extreme sexual stereotyping. The new identity was frequently accompanied by initial validation euphoria and maintained by sunk-cost psychology. Upon detransitioning, despite navigating complex post-transition medical sequelae and grief, some participants reported profound relief. Within this cohort, transition appeared to be at least partially an attempt to decrease preexisting psychosocial distress. These findings support the critical necessity of comprehensive psychiatric evaluations to establish a thorough developmental timeline of adolescent distress and comorbid conditions—prior to medical interventions. The findings highlight the clinical risks of diagnostic overshadowing.
      
",doi.org/10.1080/0092623X.2026.2685303,2026,Genspect,anti-trans organization
Is gender truly stable? Longitudinal changes in gender identity in a Dutch community sample,European Journal of Developmental Psychology,"Hillekens, J., Salinas-Quiroz, F., Te Brinke, L. W.","Classical developmental psychological theories have conceptualized gender identity as a stable trait consolidated by early childhood and unlikely to change thereafter. Consequently, relatively little is known about potential gender identity changes in adolescence and early adulthood. This study examined 1) the prevalence of gender identity changes and 2) heterogeneity in individual pathways of change. Using eight-wave longitudinal data, Dutch youth (N = 933; Mage = 18.72 at first report, SD = 3.73) reported their gender identity repeatedly. Results showed that approximately one out of 20 youth changed their gender identity at least once, with some reporting multiple changes. Whereas some youth changed between binary identities (boy/man or girl/woman), others (also) considered nonbinary identities – either by identifying as nonbinary or through various self-descriptions. For some youth, self-describe, ‘prefer not to say’, and temporary missing responses preceded subsequent changes. Our findings highlight heterogeneity in gender identity pathways, underscoring that for some youth gender identity may develop beyond childhood.
      
",www.tandfonline.com/doi/full/10.1080/17405629.2026.2659027,2026,Muller Foundation,private foundation
Gender fluidity and detransition: Results of a cross-sectional online survey of sexual and gender minorities living in the US and Canada,The Journal of LGBTQ+ Mental Health,"MacKinnon, K. R., Newman, K., Khan, N. K., Expósito-Campos, P., Marshall, G., Gould, W. A., Pullen Sansfaçon, A., Rackliff, K., Lam, J. S. H.","Detransition can be driven by multi-dimensional factors such as gender minority stressors, physical or mental health concerns, and internal shifts in self-identity. Greater descriptive clarity is needed to inform clinical practice and community supports. This study aimed to characterize the socio-demographic profiles, transition-related experiences, and self-reported reasons for stopping transition or detransitioning among sexual and gender minority (SGM) individuals in the United States and Canada. Between December 1, 2023, and April 30, 2024, 957 eligible participants aged 16 years or older who self-identified with an experience of stopping a transition or detransitioning completed a cross-sectional online survey. Descriptive statistics summarized socio-demographics, transition histories, and endorsement of 21 potential reasons for stopping or reversing an initial gender transition. 957 participants were predominantly white (86%), assigned female at birth (79%), aged 29 or younger (76%), and living in the United States (74%). Nearly all had socially transitioned (92%), and 65% had initiated medical transition interventions. A large majority reported sexual minority identities (two-spirit, lesbian, gay, bisexual, queer, asexual). Over half the sample reported plurisexual orientations. Participants had an average of 4.22 lifetime gender identities/expressions, reflecting substantial identity fluidity, and 42% reported discontinuing and later resuming transition. Frequently endorsed reasons for detransition (rated “somewhat” or “a lot”) included shifting conceptualizations of gender and gender norms (52%), changes in self-identity (47%), lack of mental health improvement while transitioning (40%), discrimination (39%), and insufficient support (38%). A minority (6%) reported stopping transition-related medical interventions due to state-level policy changes. Detransition includes heterogeneous experiences of internal identity shifts, psychological considerations, interpersonal dynamics, and structural factors. Findings underscore the need for individualized transition-related care that accounts for identity fluidity, minority stressors, and divergent pathways to detransition.
      
",doi.org/10.1080/30678935.2026.2653130,2026,SSHRC,state-sponsored research institute
Gender dysphoria and personality disorders: associations with proceeding to and discontinuing medical gender reassignment,Nordic Journal of Psychiatry,"Kaila-Vanhatalo, M., Tolmunen, T., Mattila, A., Kaltiala, R.","Introduction: Personality disorder (PD) diagnoses, especially borderline PD, are overrepresented among individuals seeking medical gender reassignment (GR), but their impact on progression to or discontinuation of GR is unclear. This may differ between adults and adolescents due to ongoing personality development in youth. Materials and methods: This register-based follow-up study examined 3665 individuals referred to Finnish gender identity services between 1996 and 2019. Data on specialist-level psychiatric treatments from 1994 to 2022 were obtained from the National Care Register for Health Care. The study assessed associations between PD diagnoses (any, and specifically borderline PD) and outcomes related to medical GR, including treatment initiation and discontinuation. Analyses accounted for age group (adolescents vs. adults), transition direction, and non-PD psychiatric comorbidities.
Results: Subjects with a PD diagnosis were significantly less likely to initiate GR than were those without a PD (33% vs. 46.1%, p < .001). However, among those who began GR, presence of PD did not appear to increase the likelihood of discontinuation. These findings held equally for across both adolescents and adults. Similar results were found for borderline PD specifically.
Conclusions: Personality disorders may be linked to challenges in forming a stable gender identity, potentially reducing the likelihood of initiating medical GR. However, once treatment begins, PD does not appear to increase the risk of discontinuation.
      
",www.tandfonline.com/doi/full/10.1080/08039488.2025.2558931,2025,SKR,state-sponsored research institute
The Detransition Rate Is Unknown,Archives of Sexual Behavior,"Cohn, J.","The number of young people with gender dysphoria and trans identification has risen sharply in the last two decades, and the reasons for this are unknown (e.g., Aitken et al., 2015; Kaltiala et al., 2020; Zhang et al., 2021). Those with adolescent onset comprise the majority of the surge in new cases, dominated by natal females, in contrast to the much rarer earlier cases, which were dominated (~ 2:1) by prepubertal natal males. Many in this new cohort have comorbidities (Kaltiala-Heino et al., 2018); earlier cases often did as well, including anxiety (Wallien et al., 2007) and specifically separation anxiety (Zucker et al., 1996).
One treatment for young people with gender dysphoria, proposed and pioneered by a group of Dutch clinicians in the late 1990s-early 2000s (Biggs, 2023; Cohen-Kettenis & van Goozen, 1997; de Vries et al., 2014; Delemarre-van de Waal & Cohen-Kettenis, 2006), is medical intervention (i.e., puberty blockers, hormones, and/or surgeries). Hormones are often taken for one's entire lifetime and many of the medical interventions are irreversible. The current evidence for efficacy and/or safety of different aspects of medical intervention has been found in evidence reviews to be of “low” and “very low” quality or certainty (Brignardello-Petersen & Wiercioch, 2022; Hembree et al., 2017; National Institute for Health and Care Excellence [NICE] 2020a, 2020b), “insufficient” (Haupt et al., 2020, p. 2), and “insufficient and inconclusive” (Swedish National Board of Health & Welfare, 2022, p. 3). Low/very low quality (or certainty) means “the true effect may be/is likely to be substantially different from the estimate of the effect” (Balshem et al., 2011, Table 2).
          SEGM Summary Like all medical interventions, “gender-affirming” interventions are associated with a range of physical and mental health outcomes—both positive and negative. Regret and detransition are examples of negative outcomes. Proponents of youth gender transition assert that rates of regret and detransition are extremely low. These assertions are frequently cited in legal proceedings, medical journals, and even treatment recommendations. A new paper by Cohn, “The Rate of Detransition is Unknown,” reviews common limitations of “regret” studies and demonstrates that hormone discontinuation, detransition, and regret rates are largely unknown. It is important that clinicians, law makers, and those contemplating medical interventions understand that frequently cited low rates of regret are based on flawed evidence. Detransition and regret have varied presentations. Sometimes individuals embrace their ultimately regretted transition as part of the “gender journey” they felt was inevitable for them. Other times, individuals openly express devastating regret. As one detransitioner stated, “Some of us will now never be able to have children and many of us live with great distress and regret every day.” Nearly two thirds of detransitioners in a recent convenience sample survey said they would not have had medical intervention had they known what they know now. For such individuals, medical and surgical “gender-affirming” interventions constituted iatrogenic harm. Studies that claim low regret commonly suffer from the following methodological limitations, which render the conclusions of “very low regret” at a critical risk of bias:  Inadequate follow-up.While some individuals report regret shortly after starting treatment (such as postsurgical regret), more typically, regret takes significant time to set in. The median time for surgical regret has been reported to be as much as 8 years. Somewhat shorter average times (3-6 years) to detransition have been reported for groups who had a mix of interventions (including puberty blockers, hormones, and/or surgeries). This is important considering that transition is intended to be a lifelong process. The flipside of underestimating the adverse psychosocial findings of regret and detransition due to short follow-up is the corresponding overestimation of positive psychological findings, such as of reduced depression, anxiety, and suicidality. Transition may be associated with a “honeymoon period”, with quality of life and satisfaction rising at 1 year post-transition compared to baseline, but then starting to fall at 3 years and falling even more precipitously at 5 years post-transition. It is therefore alarming that studies extolling the benefits of youth transition often focus on outcomes as short as 3 months and rarely extend beyond 5 years. In the instances when follow-up is longer, studies suffer from other significant methodological limitations outlined below.   High rates of loss to follow-up.A common limitation of regret studies is reporting only on the individuals who willingly engage in follow-up research. While dropouts can occur randomly due to attrition (people move away, move on with their lives, or simply overlook an invitation to participate in follow-up), at other times dropouts are not random and result in a highly biased sample. For example, one of the most frequently-cited studies asserting a low rate of regret omitted all those who stopped coming to the gender clinic - a remarkably high 36%. It is not known how many of these individuals went on to obtain hormones elsewhere or how many decided to stop using “gender-affirming” hormones altogether. Another way in which non-random dropouts may lead to an underestimation of detransition and regret is that those who feel harmed by the treatment may not wish to participate in follow-up research. At least one study showed that fewer than one quarter of detransitioners returned to their clinicians to tell them about their decision to detransition. While there is no cut-off for the dropout rate that critically biases a study, methodologists assess the risk by estimating whether the study results would substantively change had the dropouts stayed in the study but reported different outcomes than the subjects or participants who remained. Less than 5% loss to follow-up is often thought to not to critically bias results especially when treatment effect among participants is large. On the other hand, 15%-20% dropout rates lead to “degraded” quality and can pose “serious threats” to the validity of findings, especially when treatment effect is modest. While there are several studies that claim low regret rates, such studies routinely lose 20%-60% of the original group to follow-up, rendering the results at a critical risk of bias. This is because patients who still attend the gender clinic and those satisfied with their transitions are likely more willing to participate in follow-up research.   Imprecision of the measurement of detransition and regret.Conscientious researchers who understand the importance of following up with all of the original cases but are unable to contact many individuals in the original cohort resort to other ways to estimate detransition and regret. Unfortunately, the proxy measures they use, such as analyzing medical or legal records for signs of detransition, likely systematically bias the results toward underreporting detransition and regret. Consider, for example, a well-known study that asserted extremely low regret rates by searching records for mention of regret and reversal of hormones, or studies that used similarly weak methodologies to assert low regret of surgery. When medical records do not state that the patient regretted treatment, researchers assume that the patient was happy. The presumption of “no news is good news” is inappropriate for research on detransition and regret since, as previously observed, detransitioners are unlikely to return to the physicians who treated them to share their concerns, so “no news” is as likely to signal “bad news.” Another common but problematic methodology of identifying instances of detransition and regret is checking for a legal name change. The problems with reducing the complex phenomenon of regret to a binary action such as requesting a legal name / sex marker change were discussed in another recent study.  There must be a hierarchy of intensity of regret related to the situations patients ultimately find themselves in. The most extreme form of regret is post-transition suicide and suicide attempts. Individuals who undergo medical detransition to restore the body to its pre-transitioned state are also high on this hierarchy. Lower on this hierarchy are those who regret their transitions but due to the irreversible changes to their bodies’ anatomy and function, adaptively choose to make the best of their lives without detransitioning. Regret and acceptance can co-exist.    Reliance on biased samples or samples with poor generalizability.The “low regret” narrative stems from older studies that sought legal record changes to identify individuals who detransitioned. However, these more carefully vetted older samples are not generalizable to the population of young gender dysphoric people who have multiple mental health comorbidities, and are transitioning currently under the “informed consent” model of care which requires no psychological evaluations. The more recent detransition samples that should be applicable to the current clinical presentations frequently suffer from methodological problems, rendering the results at a high risk of bias. For example, a sample in a well-publicized study, which concluded that most detransitioners did not regret their transition, paradoxically only allowed in the detransitioners who still identified as transgender. This was not disclosed in the published study. The fact that detransitioners who realigned with their biological sex were excluded from the study is only apparent once one reads the several-hundred-page report describing the survey methodology of which the study was based. The attitudes of individuals who identify as transgender but who detransitioned (due to medical complications or external pressures) are likely markedly different from the attitudes of detransitioners who no longer identify as transgender.  Cohn illustrates how several frequently quoted detransition and regret studies suffer from one or more of the limitations outlined above. Cohn also details how every study measuring surgical regret rates in a recent systematic review and meta-analysis of surgical regret rates suffers from insufficient follow-up time and/or high dropout rates. There are other previously voiced criticisms and concerns about this study as well, yet it continues to be frequently cited as demonstrating low regret rates for transition surgery. Cohn concludes that it is important for those considering medical intervention to know that the likelihood of regret, detransition, and discontinuation is unknown and that regret and detransition can be traumatic. Cohn conveys the urgency of this concern by highlighting the rapidly growing numbers of youth pursing gender transition: in the US alone, more than 17,000 children aged 6–17 started puberty blockers or hormones from 2017 to 2021, and there were at least 56 genital surgeries and 776 double mastectomies in the 13–17 age range from 2019 to 2021. Cohn calls for improved methodologies in studying detransition and regret rates, and advocates for disseminating accurate information about the gap in knowledge of detransition and regret so that young patients and their families can make informed decisions about treatments, rather than being lulled into a false sense of security by the erroneous “low regret” narrative. SEGM Take-away While the negative physical health outcomes have increasingly come under scrutiny (including adverse effects on bone and cardiovascular health, sexual dysfunction, and infertility/sterility), less attention has been paid to adverse psychological outcomes. Although the proponents of youth transition assert that detransition should not be thought of as a manifestation of a failed transition, this argument is hard to justify. Hormones and surgery irreversibly change the body and some of its key functions. And since gender transition is a lifelong process required to maintain a masculinized or feminized appearance, instances of medical detransition—reported by one study as reaching 30% within just 4 years of initiating treatment—is an alarming warning signal of high numbers of inappropriate transitions. The current narrative by gender-affirming clinicians that regret is extremely rare is based on studies that suffer from significant methodological limitations, which critically bias those studies toward underreporting of detransition and regret. A recent study, which claims significantly reduced depression and suicidality following testosterone administration for gender dysphoric females is a case in point: the subjects were followed for a mere 3 months (long before any physiological effects of testosterone—positive or negative—could set in). A potential “honeymoon period” associated with starting treatment has been observed. Short-term improvements in mood do not provide credible evidence that the highly invasive medical and surgical interventions involved in gender transition will assure a regret-free, high-quality life. Studies that do not extend sufficiently long after transition should explicitly state that they are unable to ascertain true regret rates. Until reliable measures of regret are available (which will take years to collect, given the recent rise in gender transitions of youth), patients, families, clinicians, policy makers, and the public-at-large need to know that the regret and detransition rates are unknown, and that the evidence in hand does not demonstrate that these rates are very low. Note:A larger list of study regret rates, without their follow-up times or percentages, can be found here. This analysis underwent minor modifications after its original publication date. 
      
",link.springer.com/10.1007/s10508-023-02623-5,2023,SEGM,anti-trans organization
Transition Regret and Detransition: Meanings and Uncertainties,Archives of Sexual Behavior,"Jorgensen, S. C. J.","Gender transition is undertaken to improve the well-being of people suffering from gender dysphoria. However, some have argued that the evidence supporting medical interventions for gender transition (e.g., hormonal therapies and surgery) is weak and inconclusive, and an increasing number of people have come forward recently to share their experiences of transition regret and detransition. In this essay, I discuss emerging clinical and research issues related to transition regret and detransition with the aim of arming clinicians with the latest information so they can support patients navigating the challenges of regret and detransition. I begin by describing recent changes in the epidemiology of gender dysphoria, conceptualization of transgender identification, and models of care. I then discuss the potential impact of these changes on regret and detransition; the prevalence of desistance, regret, and detransition; reasons for detransition; and medical and mental healthcare needs of detransitioners. Although recent data have shed light on a complex range of experiences that lead people to detransition, research remains very much in its infancy. Little is known about the medical and mental healthcare needs of these patients, and there is currently no guidance on best practices for clinicians involved in their care. Moreover, the term detransition can hold a wide array of possible meanings for transgender-identifying people, detransitioners, and researchers, leading to inconsistences in its usage. Moving forward, minimizing harm will require conducting robust research, challenging fundamental assumptions, scrutinizing of practice patterns, and embracing debate.
      
",link.springer.com/10.1007/s10508-023-02626-2,2023,SEGM,anti-trans organization
Health Care Experiences of Patients Discontinuing or Reversing Prior Gender-Affirming Treatments,JAMA Network Open,"MacKinnon, K. R., Kia, H., Salway, T., Ashley, F., Lacombe-Duncan, A., Abramovich, A., Enxuga, G., Ross, L. E.","OBJECTIVE: To examine the physical and mental health experiences of people who initiated medical or surgical detransition to inform clinical practice. 
DESIGN, SETTING, AND PARTICIPANTS: Using constructivist grounded theory as a qualitative approach, data were collected in the form of in-depth interviews. Data were analyzed using an inductive 2-stage coding process to categorize and interpret detransition-related health care experiences to inform clinical practice. Between October 2021 and January 2022, individuals living in Canada who were aged 18 years and older with experience of stopping, shifting, or reversing a gender transition were invited to partake in semistructured virtual interviews. Study advertisements were circulated over social media, to clinicians, and within participants’ social networks. A purposive sample of 28 participants who discontinued, shifted, or reversed a gender transition were interviewed. 
MAIN OUTCOMES AND MEASURES: In-depth, narrative descriptions of the physical and mental health experiences of people who discontinued or sought to reverse prior gender-affirming medical and/or surgical interventions.
RESULTS: Among the 28 participants, 18 (64%) were assigned female at birth and 10 (36%) were assigned male at birth; 2 (7%) identified as Jewish and White, 5 (18%) identified as having mixed race and ethnicity (which included Arab, Black, Indigenous, Latinx, and South Asian), and 21 (75%) identified as White. Participants initially sought gender-affirmation at a wide range of ages (15 [56%] were between ages 18 and 24 years). Detransition occurred for various reasons, such as an evolving understanding of gender identity or health concerns. Participants reported divergent perspectives about their past gender-affirming medical or surgical treatments. Some participants felt regrets, but a majority were pleased with the results of gender-affirming medical or surgical treatments. Medical detransition was often experienced as physically and psychologically challenging, yet health care avoidance was common. Participants described experiencing stigma and interacting with clinicians who were unprepared to meet their detransition-related medical needs.
CONCLUSIONS AND RELEVANCE: This study’s results suggest that further research and clinical guidance is required to address the unmet needs of this population who discontinue or seek to reverse prior gender-affirming interventions.
      
",jamanetwork.com/journals/jamanetworkopen/fullarticle/2794543,2022,SSHRC,state-sponsored research institute
Factors Leading to “Detransition” Among Transgender and Gender Diverse People in the United States: A Mixed-Methods Analysis,LGBT Health,"Turban, J. L., Loo, S. S., Almazan, A. N., Keuroghlian, A. S.","Purpose: There is a paucity of data regarding transgender and gender diverse (TGD) people who “detransition,” or go back to living as their sex assigned at birth. This study examined reasons for past detransition among TGD people in the United States.
Methods: A secondary analysis was performed on data from the U.S. Transgender Survey, a cross-sectional nonprobability survey of 27,715 TGD adults in the United States. Participants were asked if they had ever detransitioned and to report driving factors, through multiple-choice options and free-text responses. A mixed-methods approach was used to analyze the data, creating qualitative codes for free-text responses and applying summative content analysis.
Results: A total of 17,151 (61.9%) participants reported that they had ever pursued gender affirmation, broadly defined. Of these, 2242 (13.1%) reported a history of detransition. Of those who had detransitioned, 82.5% reported at least one external driving factor. Frequently endorsed external factors included pressure from family and societal stigma. History of detransition was associated with male sex assigned at birth, nonbinary gender identity, bisexual sexual orientation, and having a family unsupportive of one's gender identity. A total of 15.9% of respondents reported at least one internal driving factor, including fluctuations in or uncertainty regarding gender identity.
Conclusion: Among TGD adults with a reported history of detransition, the vast majority reported that their detransition was driven by external pressures. Clinicians should be aware of these external pressures, how they may be modified, and the possibility that patients may once again seek gender affirmation in the future.
      
",pmc.ncbi.nlm.nih.gov/articles/PMC8213007/,2021,NIH,state-sponsored research institute
Psychiatric Contacts Are Not Outcomes: Interpreting Evidence in Gender‐Referred Youth,Acta Paediatrica,"Sandri, F., Roia, A., Bresciani, G., Perucco, F., Tornese, G.","
      
",onlinelibrary.wiley.com/doi/10.1111/apa.70619,2026,Ministero della Salute,state-sponsored research institute
Trajectories of antidepressant dispensing among privately insured transgender people in the United States,Scientific Reports,"Beltran, T. G., Pence, B. W., Pate, V., Lund, J. L., Poteat, T. C., Thomas, K. C., Ranapurwala, S. I., Matthews, D. D., Hincapie-Castillo, J. M.","Psychiatric medication utilization studies rarely identify transgender and gender diverse (TGD) people, masking TGD health inequities. This study assessed antidepressant prescription fill patterns and their predictors among a privately insured TGD sample with newly dispensed anti-depressants after a recent depression or anxiety diagnosis from Merative MarketScan commercial insurance claims from 2007 to 2021. We measured trajectories of antidepressants utilization over 6-months using group-based trajectory modeling (GBTM), then identified demographic and clinical predictors of medication utilization group membership. Among 2499 TGD people with depression or anxiety, we found three anti-depressant dispensing trajectory groups (short-term [21.1%], decreasing [32.3%], and long-term [46.6%]). TGD people with previous chronic co-morbidities or emergency department visits had an increased probability of shorter-term antidepressant dispensing compared to long-term dispensing. TGD people under the age of 25 and those with previous psychotherapy treatment were less likely to have shorter-term anti-depressant dispensing than those with older ages (25–64) and those without prior psychotherapy. This study provides real-world evidence of distinct anti-depressant dispensing patterns and predictive factors associated with shorter-term dispensing among TGD people. Policymakers, providers, and advocacy groups can utilize findings to inform tailored strategies to improve sustained antidepressant use among TGD people living with mental health conditions.
      
",www.nature.com/articles/s41598-026-51351-y,2026,NIH,state-sponsored research institute
Methodological considerations for evaluating policy impacts on transgender and non-binary youth suicidality,Nature Human Behaviour,"Cohn, J., Sim, P., Kerr, K. F.","Lee et al. investigated the impact of laws characterized by the American Civil Liberties Union as anti-transgender, applying difference-in-differences (DD) analysis to states that enacted such laws (‘treatment’ states) and states that did not (‘control’ states). The article concludes that enacting such laws increased suicide attempts by transgender and non-binary youth in the treatment states. We highlight issues related to the concentration of post-treatment data in a single state, the selection of controls and the plausibility of parallel trends, and the variability of the results based on alternative analytic specifications. By noting these methodological considerations, we aim to support careful and transparent interpretation of the reported estimates.
      
",www.nature.com/articles/s41562-026-02467-8,2026,SEGM,anti-trans organization
The relationship between GD and ED in adolescents seeking for medical GR,European Journal of Developmental Psychology,"Kaltiala, R., Paldanius, M.","It has been suggested that adolescents presenting with gender dysphoria (GD) are at increased risk of developing eating disorders (ED) as attempts to control the undesired sex characteristics. Medical gender reassignment (GR) has been expected to resolve ED. However, these assumptions are based on research of very low quality. We analysed the prevalence of eating disorders among 2,080 adolescents seeking GR in specialized gender identity services (GIS) in Finland in 1996–2019, and their 1:8 matched controls. Of the GD subjects, 5.0% had a lifetime ED diagnosis compared to 1.6% of the controls (p < 0.001). About half were first diagnosed before and a half only after contacting GIS. ED during follow-up was best predicted by ED before the index contact. The GD subjects were equally likely to need treatment for ED during follow-up regardless of GR status. The findings are discussed in light of suggested risk factors for and psychosocial correlates of ED and GD.
      
",www.tandfonline.com/doi/full/10.1080/17405629.2025.2564408,2025,Wihuri Foundation,private foundation
The relationship between GD and ED in adolescents seeking for medical GR,European Journal of Developmental Psychology,"Kaltiala, R., Paldanius, M.","It has been suggested that adolescents presenting with gender dysphoria (GD) are at increased risk of developing eating disorders (ED) as attempts to control the undesired sex characteristics. Medical gender reassignment (GR) has been expected to resolve ED. However, these assumptions are based on research of very low quality. We analysed the prevalence of eating disorders among 2,080 adolescents seeking GR in specialized gender identity services (GIS) in Finland in 1996–2019, and their 1:8 matched controls. Of the GD subjects, 5.0% had a lifetime ED diagnosis compared to 1.6% of the controls (p < 0.001). About half were first diagnosed before and a half only after contacting GIS. ED during follow-up was best predicted by ED before the index contact. The GD subjects were equally likely to need treatment for ED during follow-up regardless of GR status. The findings are discussed in light of suggested risk factors for and psychosocial correlates of ED and GD.
      
",www.tandfonline.com/doi/full/10.1080/17405629.2025.2564408,2025,SKR,state-sponsored research institute
Screen use in transgender and gender-questioning adolescents: Findings from the Adolescent Brain Cognitive Development (ABCD) Study,Annals of epidemiology,"Nagata, J. M., Balasubramanian, P., Iyra, P., Ganson, K. T., Testa, A., He, J., Glidden, D. V., Baker, F. C.","OBJECTIVE: To assess the association between transgender or gender-questioning identity and screen use (recreational screen time and problematic screen use) in  a demographically diverse national sample of early adolescents in the U.S.  METHODS: We analyzed cross-sectional data from Year 3 of the Adolescent Brain  Cognitive Development(SM) Study (ABCD Study®, N=9,859, 2019-2021, mostly  12-13-years-old). Multiple linear regression analyses estimated the associations  between transgender or questioning gender identity and screen time, as well as  problematic use of video games, social media, and mobile phones, adjusting for  confounders. RESULTS: In a sample of 9,859 adolescents (48.8% female, 47.6%  racial/ethnic minority, 1.0% transgender, 1.1% gender-questioning), transgender  participants reported 4.51 (95% CI 1.17-7.85) more hours of total daily  recreational screen time including more time on television/movies, video games,  texting, social media, and the internet, compared to cisgender participants.  Gender-questioning participants reported 3.41 (95% CI 1.16-5.67) more hours of  total daily recreational screen time compared to cisgender participants.  Transgender identification and questioning one's gender identity was associated  with higher problematic social media, video game, and mobile phone use, compared  to cisgender identification. CONCLUSIONS: Transgender and gender-questioning  adolescents spend a disproportionate amount of time engaging in screen-based  activities and have more problematic use across social media, video game, and  mobile phone platforms.
      
",www.sciencedirect.com/science/article/pii/S1047279724000632?via%3Dihub,2024,NIH,state-sponsored research institute
Screen use in transgender and gender-questioning adolescents: Findings from the Adolescent Brain Cognitive Development (ABCD) Study,Annals of epidemiology,"Nagata, J. M., Balasubramanian, P., Iyra, P., Ganson, K. T., Testa, A., He, J., Glidden, D. V., Baker, F. C.","OBJECTIVE: To assess the association between transgender or gender-questioning identity and screen use (recreational screen time and problematic screen use) in  a demographically diverse national sample of early adolescents in the U.S.  METHODS: We analyzed cross-sectional data from Year 3 of the Adolescent Brain  Cognitive Development(SM) Study (ABCD Study®, N=9,859, 2019-2021, mostly  12-13-years-old). Multiple linear regression analyses estimated the associations  between transgender or questioning gender identity and screen time, as well as  problematic use of video games, social media, and mobile phones, adjusting for  confounders. RESULTS: In a sample of 9,859 adolescents (48.8% female, 47.6%  racial/ethnic minority, 1.0% transgender, 1.1% gender-questioning), transgender  participants reported 4.51 (95% CI 1.17-7.85) more hours of total daily  recreational screen time including more time on television/movies, video games,  texting, social media, and the internet, compared to cisgender participants.  Gender-questioning participants reported 3.41 (95% CI 1.16-5.67) more hours of  total daily recreational screen time compared to cisgender participants.  Transgender identification and questioning one's gender identity was associated  with higher problematic social media, video game, and mobile phone use, compared  to cisgender identification. CONCLUSIONS: Transgender and gender-questioning  adolescents spend a disproportionate amount of time engaging in screen-based  activities and have more problematic use across social media, video game, and  mobile phone platforms.
      
",www.sciencedirect.com/science/article/pii/S1047279724000632?via%3Dihub,2024,Doris Duke Charitable Foundation,private foundation
Transmission of Mental Disorders in Adolescent Peer Networks,JAMA Psychiatry,"Alho, J., Gutvilig, M., Niemi, R., Komulainen, K., Böckerman, P., Webb, R. T., Elovainio, M., Hakulinen, C.","OBJECTIVE: To examine whether having classmates with a mental disorder diagnosis in the ninth grade of comprehensive school is associated with later risk of being diagnosed with a mental disorder. DESIGN, SETTING, AND PARTICIPANTS: In a population-based registry study, data on all Finnish citizens born between January 1, 1985, and December 31, 1997, whose demographic, health, and school information were linked from nationwide registers were included. Cohort members were followed up from August 1 in the year they completed ninth grade (approximately aged 16 years) until a diagnosis of mental disorder, emigration, death, or December 31, 2019, whichever occurred first. Data analysis was performed from May 15, 2023, to February 8, 2024. EXPOSURE: The exposure was 1 or more individuals diagnosed with a mental disorder in the same school class in the ninth grade. MAIN OUTCOMES AND MEASURES: Being diagnosed with a mental disorder during follow-up.
RESULTS Among the 713 809 cohort members (median age at the start of follow-up, 16.1 [IQR, 15.9-16.4] years; 50.4% were males), 47 433 had a mental disorder diagnosis by the ninth grade. Of the remaining 666 376 cohort members, 167 227 persons (25.1%) received a mental disorder diagnosis during follow-up (7.3 million person-years). A dose-response association was found, with no significant increase in later risk of 1 diagnosed classmate (HR, 1.01; 95% CI, 1.00-1.02), but a 5% increase with more than 1 diagnosed classmate (HR, 1.05; 95% CI, 1.04-1.06). The risk was not proportional over time but was highest during the first year of follow-up, showing a 9% increase for 1 diagnosed classmate (HR, 1.09; 95% CI, 1.04-1.14), and an 18% increase for more than 1 diagnosed classmate (HR, 1.18; 95% CI, 1.13-1.24). Of the examined mental disorders, the risk was greatest for mood, anxiety, and eating disorders. Increased risk was observed after adjusting for an array of parental, school-level, and area-level confounders.
CONCLUSIONS AND RELEVANCE: The findings of this study suggest that mental disorders might be transmitted within adolescent peer networks. More research is required to elucidate the mechanisms underlying the possible transmission of mental disorders.
      
",jamanetwork.com/journals/jamapsychiatry/fullarticle/2818735,2024,ERC,state-sponsored research institute
Transmission of Mental Disorders in Adolescent Peer Networks,JAMA Psychiatry,"Alho, J., Gutvilig, M., Niemi, R., Komulainen, K., Böckerman, P., Webb, R. T., Elovainio, M., Hakulinen, C.","OBJECTIVE: To examine whether having classmates with a mental disorder diagnosis in the ninth grade of comprehensive school is associated with later risk of being diagnosed with a mental disorder. DESIGN, SETTING, AND PARTICIPANTS: In a population-based registry study, data on all Finnish citizens born between January 1, 1985, and December 31, 1997, whose demographic, health, and school information were linked from nationwide registers were included. Cohort members were followed up from August 1 in the year they completed ninth grade (approximately aged 16 years) until a diagnosis of mental disorder, emigration, death, or December 31, 2019, whichever occurred first. Data analysis was performed from May 15, 2023, to February 8, 2024. EXPOSURE: The exposure was 1 or more individuals diagnosed with a mental disorder in the same school class in the ninth grade. MAIN OUTCOMES AND MEASURES: Being diagnosed with a mental disorder during follow-up.
RESULTS Among the 713 809 cohort members (median age at the start of follow-up, 16.1 [IQR, 15.9-16.4] years; 50.4% were males), 47 433 had a mental disorder diagnosis by the ninth grade. Of the remaining 666 376 cohort members, 167 227 persons (25.1%) received a mental disorder diagnosis during follow-up (7.3 million person-years). A dose-response association was found, with no significant increase in later risk of 1 diagnosed classmate (HR, 1.01; 95% CI, 1.00-1.02), but a 5% increase with more than 1 diagnosed classmate (HR, 1.05; 95% CI, 1.04-1.06). The risk was not proportional over time but was highest during the first year of follow-up, showing a 9% increase for 1 diagnosed classmate (HR, 1.09; 95% CI, 1.04-1.14), and an 18% increase for more than 1 diagnosed classmate (HR, 1.18; 95% CI, 1.13-1.24). Of the examined mental disorders, the risk was greatest for mood, anxiety, and eating disorders. Increased risk was observed after adjusting for an array of parental, school-level, and area-level confounders.
CONCLUSIONS AND RELEVANCE: The findings of this study suggest that mental disorders might be transmitted within adolescent peer networks. More research is required to elucidate the mechanisms underlying the possible transmission of mental disorders.
      
",jamanetwork.com/journals/jamapsychiatry/fullarticle/2818735,2024,RCF,state-sponsored research institute
Mechanisms linking social media use to adolescent mental health vulnerability,Nature Reviews Psychology,"Orben, A., Meier, A., Dalgleish, T., Blakemore, S. J.","Research linking social media use and adolescent mental health has produced mixed and inconsistent findings and little translational evidence, despite pressure to deliver concrete recommendations for families, schools and policymakers. At the same time, it is widely recognized that developmental changes in behaviour, cognition and neurobiology predispose adolescents to developing socio-emotional disorders. In this Review, we argue that such developmental changes would be a fruitful focus for social media research. Specifically, we review mechanisms by which social media could amplify the developmental changes that increase adolescents’ mental health vulnerability. These mechanisms include changes to behaviour, such as sharing risky content and self-presentation, and changes to cognition, such as modifications in self-concept, social comparison, responsiveness to social feedback and experiences of social exclusion. We also consider neurobiological mechanisms that heighten stress sensitivity and modify reward processing. By focusing on mechanisms by which social media might interact with developmental changes to increase mental health risks, our Review equips researchers with a toolkit of key digital affordances that enables theorizing and studying technology effects despite an ever-changing social media landscape.
      
",www.nature.com/articles/s44159-024-00307-y,2024,MRC,state-sponsored research institute
Mechanisms linking social media use to adolescent mental health vulnerability,Nature Reviews Psychology,"Orben, A., Meier, A., Dalgleish, T., Blakemore, S. J.","Research linking social media use and adolescent mental health has produced mixed and inconsistent findings and little translational evidence, despite pressure to deliver concrete recommendations for families, schools and policymakers. At the same time, it is widely recognized that developmental changes in behaviour, cognition and neurobiology predispose adolescents to developing socio-emotional disorders. In this Review, we argue that such developmental changes would be a fruitful focus for social media research. Specifically, we review mechanisms by which social media could amplify the developmental changes that increase adolescents’ mental health vulnerability. These mechanisms include changes to behaviour, such as sharing risky content and self-presentation, and changes to cognition, such as modifications in self-concept, social comparison, responsiveness to social feedback and experiences of social exclusion. We also consider neurobiological mechanisms that heighten stress sensitivity and modify reward processing. By focusing on mechanisms by which social media might interact with developmental changes to increase mental health risks, our Review equips researchers with a toolkit of key digital affordances that enables theorizing and studying technology effects despite an ever-changing social media landscape.
      
",www.nature.com/articles/s44159-024-00307-y,2024,Jacobs Foundation,private foundation
Mechanisms linking social media use to adolescent mental health vulnerability,Nature Reviews Psychology,"Orben, A., Meier, A., Dalgleish, T., Blakemore, S. J.","Research linking social media use and adolescent mental health has produced mixed and inconsistent findings and little translational evidence, despite pressure to deliver concrete recommendations for families, schools and policymakers. At the same time, it is widely recognized that developmental changes in behaviour, cognition and neurobiology predispose adolescents to developing socio-emotional disorders. In this Review, we argue that such developmental changes would be a fruitful focus for social media research. Specifically, we review mechanisms by which social media could amplify the developmental changes that increase adolescents’ mental health vulnerability. These mechanisms include changes to behaviour, such as sharing risky content and self-presentation, and changes to cognition, such as modifications in self-concept, social comparison, responsiveness to social feedback and experiences of social exclusion. We also consider neurobiological mechanisms that heighten stress sensitivity and modify reward processing. By focusing on mechanisms by which social media might interact with developmental changes to increase mental health risks, our Review equips researchers with a toolkit of key digital affordances that enables theorizing and studying technology effects despite an ever-changing social media landscape.
      
",www.nature.com/articles/s44159-024-00307-y,2024,Wellcome Trust,private foundation
"Mental Health Needs, Barriers, and Receipt of Care Among Transgender and Nonbinary Adolescents",Journal of Adolescent Health,"Lucas, R., Geierstanger, S., Soleimanpour, S.","Purpose: Transgender and nonbinary youth disproportionately experience adverse mental health outcomes compared to cisgender youth. This study examined differences in their mental health needs and supports, barriers to care, and receipt of mental health care.
Methods: This study examined cross-sectional data from 43,339 adolescents who completed the California Healthy Kids Survey, 4% (n = 1,876) of whom identified as transgender and/or nonbinary. Chi-square test and t-test were used to compare mental health needs and supports, resilience, and barriers to and receipt of care experienced by transgender and nonbinary youth compared to cisgender youth.
Results: Transgender and nonbinary youth were significantly more likely to experience chronic sadness/hopelessness (74% vs. 35%) and consider suicide (53% vs. 14%) and less likely to report resilience factors (school connectedness: mean score 3.12 vs. 3.52). Transgender and nonbinary youth were significantly less likely to be willing to talk to teachers/adults from school (12% vs. 18%) or parents/family members (21% vs. 43%), but more willing to talk to counselors (25% vs. 19%) regarding mental health concerns. Transgender and nonbinary youth were significantly more likely to select being afraid (48% vs. 20%), not knowing how to get help (44% vs. 30%), or concern their parents would find out (61% vs. 36%) as barriers to seeking mental health care, yet reported slightly higher odds of receiving care when needed (odds ratio: 1.2).
Discussion: Transgender and nonbinary youth are more likely to report mental health concerns and barriers to seeking care than cisgender youth. Increasing access to care is critical for this population.
      
",linkinghub.elsevier.com/retrieve/pii/S1054139X24001654,2024,SAMHSA,state-sponsored research institute
All-cause and suicide mortalities among adolescents and young adults who contacted specialised gender identity services in Finland in 1996–2019: a register study,BMJ Mental Health,"Ruuska, S. M., Tuisku, K., Holttinen, T., Kaltiala, R.","Background: All-cause and suicide mortalities of gender-referred adolescents compared with matched controls have not been studied, and particularly the role of psychiatric morbidity in mortality is unknown.
Objective: To examine all-cause and suicide mortalities in gender-referred adolescents and the impact of psychiatric morbidity on mortality.
Methods: Finnish nationwide cohort of all <23 year-old gender-referred adolescents in 1996–2019 (n=2083) and 16 643 matched controls. Cox regression models with HRs and 95% CIs were used to analyse all-cause and suicide mortalities. Findings Of the 55 deaths in the study population, 20 (36%) were suicides. In bivariate analyses, allcause mortality did not statistically significantly differ between gender-referred adolescents and controls (0.5% vs 0.3%); however, the proportion of suicides was higher in the gender-referred group (0.3% vs 0.1%). The all-cause mortality rate among gender-referred adolescents (controls) was 0.81 per 1000 person-years (0.40 per 1000 person-years), and the suicide mortality rate was 0.51 per 1000 person-years (0.12 per 1000 person-years). However, when specialist-level psychiatric treatment was controlled for, neither all-cause nor suicide mortality differed between the two groups: HR for allcause mortality among gender-referred adolescents was 1.0 (95% CI 0.5 to 2.0) and for suicide mortality was 1.8 (95% CI 0.6 to 4.8).
Conclusions: Clinical gender dysphoria does not appear to be predictive of all-cause nor suicide mortality when psychiatric treatment history is accounted for. Clinical implications It is of utmost importance to identify and appropriately treat mental disorders in adolescents experiencing gender dysphoria to prevent suicide.
      
",mentalhealth.bmj.com/lookup/doi/10.1136/bmjment-2023-300940,2024,Wihuri Foundation,private foundation
Have the psychiatric needs of people seeking gender reassignment changed as their numbers increase? A register study in Finland,European Psychiatry,"Kaltiala, R., Holttinen, T., Tuisku, K.","Background. The number of people seeking gender reassignment (GR) has increased everywhere and these increases particularly concern adolescents and emerging adults with female sex. It is not known whether the psychiatric needs of this population have changed alongside the demographic changes.
Methods. A register-based follow-up study of individuals who contacted the nationally centralized gender identity services (GIS) in Finland in 1996–2019 (gender dysphoria [GD] group, n = 3665), and 8:1 age and sex-matched population controls (n = 29,292). The year of contacting the GIS was categorized to 5-year intervals (index periods). Psychiatric needs were assessed by specialist-level psychiatric treatment contacts in the Finnish Care Register for Hospital Care in 1994–2019.
Results. The GD group had received many times more specialist-level psychiatric treatment both before and after contacting specialized GIS than had their matched controls. A marked increase over time in psychiatric needs was observed. Among the GD group, relative risk for psychiatric needs after contacting GIS increased from 3.3 among those with the first appointment in GIS during 1996–2000 to 4.6 when the first appointment in GIS was in 2016–2019. When index period and psychiatric treatment before contacting GIS were accounted for, GR patients who had and who had not proceeded to medical GR had an equal risk compared to controls of needing subsequent psychiatric treatment.
Conclusion. Contacting specialized GIS is on the increase and occurs at ever younger ages and with more psychiatric needs. Manifold psychiatric needs persist regardless of medical GR.
      
",www.cambridge.org/core/product/identifier/S0924933823024719/type/journal_article,2023,Wihuri Foundation,private foundation
Experimental treatment of gender dysphoria in patients with non-binary gender identities: A retrospective register study and quality control,Psychiatria Fennica,"Kettula, K., Tynkkynen, L., Sintonen, H., Tuisku, K., Puustinen, N.","The number of people with non-binary gender experience seeking gender-affirming treatment is rising in Finland as in other European countries. The treatments vary, and there is no long-term follow-up data on the benefits of the treatments or the stability of non-binary gender experience. The aim of this study was to evaluate the clinical outcome of empirical gender-affirming treatment among non-binary individuals who were examined in Helsinki University Hospital’s Gender Identity Clinic during the period 2010–2018. 50 individuals were included in the study (43 were natal females and 7 natal males) and were sent a questionnaire which 39 individuals completed forming a follow-up group, i.e. respondents. All the patients’ psychiatric diagnoses were reviewed. It was found that 8% of patients had no other psychiatric diagnosis in addition to gender disorder diagnosis, and 50% had three or more psychiatric diagnoses, most commonly depression (76%) or anxiety disorder (48%). Neuropsychiatric diagnoses were assigned to 20% and eating disorders to 16%. The use of psychiatric services prior to the examination period was high, in line with the prevalence of psychiatric morbidity. Health-related quality of life (HRQoL) was measured by using the 15D. The results were compared with an age- and gender-standardized sample of the general Finnish population. The mean 15D score among the follow-up group was significantly lower than among the general population. There was no statistically significant difference in the mean 15D score at the beginning of the examination period and at follow-up, suggesting that the treatment of gender dysphoria may not have a large effect on overall HRQoL. The respondents experienced the gender-affirming treatment to be beneficial, and the non-binary gender identity had remained stable among 32 (82%) respondents. The results of this study show that among these non-binary individuals, gender-affirming treatment alleviated gender dysphoria. Moreover, the treatments did not cause any concerning disbenefits, such as regret or unacceptable somatic complications. More research is urgently needed on the effectiveness of gender-affirming treatment among non-binary individuals.
      
",www.psykiatriantutkimussaatio.fi/wp-content/uploads/2021/05/Psychiatria_Fennica-2019_Kettula-et-al..pdf,2019,COHERE Finland,state-sponsored research institute
Experimental treatment of gender dysphoria in patients with non-binary gender identities: A retrospective register study and quality control,Psychiatria Fennica,"Kettula, K., Tynkkynen, L., Sintonen, H., Tuisku, K., Puustinen, N.","The number of people with non-binary gender experience seeking gender-affirming treatment is rising in Finland as in other European countries. The treatments vary, and there is no long-term follow-up data on the benefits of the treatments or the stability of non-binary gender experience. The aim of this study was to evaluate the clinical outcome of empirical gender-affirming treatment among non-binary individuals who were examined in Helsinki University Hospital’s Gender Identity Clinic during the period 2010–2018. 50 individuals were included in the study (43 were natal females and 7 natal males) and were sent a questionnaire which 39 individuals completed forming a follow-up group, i.e. respondents. All the patients’ psychiatric diagnoses were reviewed. It was found that 8% of patients had no other psychiatric diagnosis in addition to gender disorder diagnosis, and 50% had three or more psychiatric diagnoses, most commonly depression (76%) or anxiety disorder (48%). Neuropsychiatric diagnoses were assigned to 20% and eating disorders to 16%. The use of psychiatric services prior to the examination period was high, in line with the prevalence of psychiatric morbidity. Health-related quality of life (HRQoL) was measured by using the 15D. The results were compared with an age- and gender-standardized sample of the general Finnish population. The mean 15D score among the follow-up group was significantly lower than among the general population. There was no statistically significant difference in the mean 15D score at the beginning of the examination period and at follow-up, suggesting that the treatment of gender dysphoria may not have a large effect on overall HRQoL. The respondents experienced the gender-affirming treatment to be beneficial, and the non-binary gender identity had remained stable among 32 (82%) respondents. The results of this study show that among these non-binary individuals, gender-affirming treatment alleviated gender dysphoria. Moreover, the treatments did not cause any concerning disbenefits, such as regret or unacceptable somatic complications. More research is urgently needed on the effectiveness of gender-affirming treatment among non-binary individuals.
      
",www.psykiatriantutkimussaatio.fi/wp-content/uploads/2021/05/Psychiatria_Fennica-2019_Kettula-et-al..pdf,2019,Finnish Psychiatric Association,professional society
Baseline findings from the Longitudinal Outcomes of Gender Identity in Children (LOGIC) study,The British Journal of Psychiatry,"Kennedy, E., Fysh, M. C., Vickerstaff, V., Gronostaj-Miara, A., Hanson, C., McKay, K., Lane, C., Senior, R., Carmichael, P., …, Omar, R.","Background
Children and young people are increasingly being referred to specialist gender services, and available data on their characteristics are limited. The Longitudinal Outcomes of Gender Identity in Children (LOGIC) study is the first independently funded UK research programme to comprehensively assess quality of life, autism, service use and the psychological well-being of children and adolescents referred to gender services.
Aims
The aim of this baseline assessment is to obtain a multidimensional profile of children and young people on the waiting list for the gender service.MethodData were obtained from 617 parents and caregivers and 565 children and young people, representing a quarter of those on the waiting list eligible to participate. Participants were assessed across a range of domains including gender identity, gender dysphoria, mental health and well-being, autism, physical health, service use and quality of life.
Results
Gender dysphoria rates among our sample were high, particularly among adolescents. Almost all participants had socially transitioned. Compared with children, adolescents reported significantly poorer quality of life, particularly in relation to self-perception and psychological well-being. Relative to reference population samples, our cohort demonstrated elevated levels of mental ill health and reduced quality of life, although the magnitude of these differences varied. In addition, 59% of young people aged 11 years or over reported self-harm in the past year. Over half of the cohort had received a psychiatric diagnosis, and co-occurrence rates were high. A third of the cohort was either diagnosed with autism or undergoing assessment for autism.
Conclusions
Self-perception and psychological well-being represent particularly impaired quality of life dimensions for adolescents on the waiting list for the UK’s gender service. Complementing existing knowledge, differences emerged between young people and children, reflecting that the onset of puberty is a critical factor in the well-being of this cohort.
      
",www.cambridge.org/core/journals/the-british-journal-of-psychiatry/article/baseline-findings-from-the-longitudinal-outcomes-of-gender-identity-in-children-logic-study/29C43BF6360C11D9977362F805AF0311,2025,NIHR,state-sponsored research institute
Clinical Models in Transition: Evolving Paradigms in Youth Gender Care,Journal of Sex & Marital Therapy,"Spiliadis, A.","This paper reviews the historical development of psychotherapeutic, psychosocial, and medical approaches to supporting children and adolescents experiencing gender-related distress (GRD). While debates regarding the most appropriate way to support youth with GRD have intensified internationally over the past decade, divergence in clinical opinion and practice is not new. Since the mid-1970s, different models of care have emerged across the Western world, ranging from assessment-focused and psychotherapy-focused models to those privileging medically oriented interventions. In light of recent developments -including the completion of systematic reviews of evidence on Gender-Affirming Medical Treatment (GAMT) in several North European countries, the recommendations of the Cass Review in the United Kingdom prioritizing psychotherapeutic and psychological interventions, and relevant policy changes in the United States- it is timely to critically examine the evolution of clinical models of care for youth experiencing GRD.
      
",www.tandfonline.com/doi/full/10.1080/0092623X.2026.2651856,2026,SEGM,anti-trans organization
Trans is not the new gay: How psychoanalytic elitism and the rejection of science are creating a repetition of the past,The International Journal of Psychoanalysis,"D’Angelo, R.","Psychoanalysis has a troubled history with regard to sexual minorities. Throughout much of the twentieth century, prominent analysts endorsed a highly pathologising and coercive approach to homosexuality, which was essentially a form of conversion therapy. This departure from accepted analytic technique persisted for decades due to psychoanalytic elitism and the rejection of mounting empirical science contradicting the psychoanalytic position. Today, a pressing concern for psychoanalysis is to avoid repeating this history when theorising about and working with transgender people. Psychodynamic explorations of trans identity formation are being framed as new iterations of conversion therapy, wrongly implying coercion and falsely conflating psychodynamics with pathology. Furthermore, the author cautions that unquestioning gender affirmation shares an important conceptual similarity with gay conversion therapy, in that it can collude with a wish to eliminate a shame-filled or hated part of the self. In our haste to avoid repeating the past, psychoanalysis is deploying the very same tactics that insulated it’s stance on homosexuality from revision and course correction, but now with regard to trans. The author argues that if we are to avoid causing further harm to our patients and our profession, we ignore the science at our own peril.
      
",www.tandfonline.com/doi/full/10.1080/00207578.2025.2591921,2025,SEGM,anti-trans organization
Demonstrating Attachment‐Based Family Therapy for Transgender and Gender Diverse Youth with Suicidal Thoughts and Behavior: A Case Study,Family process,"Russon, J., Smithee, L., Simpson, S., Levy, S., Diamond, G.","Suicide is a growing public health issue among adolescents. While the majority of transgender and gender diverse (TGD) youth are healthy, many experience suicidal thoughts and behavior (STB). Due to discrimination and stigma, TGD youth attempt suicide at higher rates then heterosexual, cisgender and even cisgender, LGBQ youth. Despite this vulnerability to suicide, few treatments have been developed and tested for this population. One treatment, attachment‐based family therapy (ABFT) has been adapted to work with LGBQ youth and may be promising for TGD adolescents at risk for suicide. This article provides an overview of our ABFT modifications for TGD youth with thoughts of suicide. Specifically, we illustrate how treatment outcomes, in a single case study, relate to processes within clinical treatment tasks. The case study demonstrates the application of these ABFT modifications with a self‐identified, gender nonconforming adolescent (who had recently attempted suicide) and his caregivers. Treatment evaluation measures were collected over the course of 24 weeks to illustrate the youth’s clinical progress. The youth’s suicidal symptoms diminished markedly by the end of treatment. Further, the family reported an increased ability for problem solving and more open communication by treatment conclusion.
      
",onlinelibrary.wiley.com/doi/10.1111/famp.12677,2022,American Foundation for Suicide Prevention,private foundation
One Size Does Not Fit All: In Support of Psychotherapy for Gender Dysphoria,Archives of Sexual Behavior,"D’Angelo, R., Syrulnik, E., Ayad, S., Marchiano, L., Kenny, D. T., Clarke, P.","Turban, Beckwith, Reisner, and Keuroghlian (2020) published a study in which they set out to examine the effects of gender identity conversion on the mental health of transgender-identifying individuals. Using the data from the 2015 U.S. Transgender Survey (USTS) (James et al., 2016), they found that survey participants who responded affirmatively to the survey question, “Did any professional (such as a psychologist, counselor, religious advisor) try to make you identify only with your sex assigned at birth (in other words, try to stop you being trans)?” reported poorer mental health than those who responded negatively to the question. From this, Turban et al. concluded that gender identity conversion efforts (GICE) are detrimental to mental health and should be avoided in children, adolescents, and adults. The study’s conclusions were widely publicized by mass media outlets to advocate for legislative bans on GICE, with the study authors endorsing these calls (Bever, 2019; Fitzsimons, 2019; Turban & Keuroghlian, 2019).
We agree with Turban et al.’s (2020) position that therapies using coercive tactics to force a change in gender identity have no place in health care. We do, however, take issue with their problematic analysis and their flawed conclusions, which they use to justify the misguided notion that anything other than “affirmative” psychotherapy for gender dysphoria (GD) is harmful and should be banned. Their analysis is compromised by serious methodological flaws, including the use of a biased data sample, reliance on survey questions with poor validity, and the omission of a key control variable, namely subjects’ baseline mental health status. Further, their conclusions are not supported by their own analysis. While they claim to have found evidence that GICE is associated with psychological distress, what they actually found was that those recalling GICE were more likely to be suffering from serious mental illness. Further, Turban et al.’s choice to interpret the said association as evidence of harms of GICE disregards the fact that neither the presence nor the direction of causation can be discerned from this study due to its cross-sectional design. In fact, an alternative explanation for the found association—that individuals with poor underlying mental health were less likely to be affirmed by their therapist as transgender—is just as likely, based on the data presented.
      
",http://link.springer.com/10.1007/s10508-020-01844-2,2020,SEGM,anti-trans organization
Why There Are Exactly Two Sexes,Archives of Sexual Behavior,"Wright, C. M.","Across anisogamous species, the existence of two—and only two—sexes has been a settled matter in modern biology (Lehtonen et al., 2016; Parker et al., 1972). “Male” designates organisms whose biological function is to produce small gametes (sperm), and “female” designates organisms whose biological function is to produce large gametes (ova) (Hilton & Wright, 2023; Minot, 1888; Smith, 1978). This nomenclature reflects two divergent reproductive strategies that recur across a wide range of taxa (Togashi & Cox, 2011). As with the fact of evolution itself, contemporary scientific debates have long moved on from questioning whether the sex binary is a fact to questions about how anisogamy evolved, why it persists, and what its evolutionary consequences are.
In recent years, however, this previously uncontroversial fact has been challenged in popular discourse (Fuentes, 2023; Kralick, 2018; Viloria & Nieto, 2020) and now increasingly in scholarly scientific publications (Ainsworth, 2015; Fuentes, 2025; McLaughlin et al., 2023; Velocci, 2024), seemingly driven by cultural and political debates surrounding the concept of “gender identity” and transgender rights. Popular outlets now routinely publish articles asserting that there are more than two sexes or that sex is a nonbinary “spectrum” conceived as a continuum or as a multivariate cluster of traits. Scholarly articles have amplified this framing by characterizing the sex binary as overly simplistic, outdated, and even oppressive, urging its replacement with broader and putatively more nuanced models (Ainsworth, 2015).
Here I synthesize evolutionary and developmental evidence to demonstrate that sex is binary (i.e., there are only two sexes) in all anisogamous species and that males and females are defined universally by the type of gamete they have the biological function to produce—not by karyotypes, secondary sexual characteristics, or other correlates.
      
",link.springer.com/10.1007/s10508-025-03348-3,2025,Manhattan Institute,anti-trans organization
Consensus Statement on Management of Intersex Disorders,Pediatrics,"Lee, P. A., Houk, C. P., Ahmed, S. F., Hughes, I. A., in collaboration with the participants in the International Consensus Conference on Intersex organized by the Lawson Wilkins Pediatric Endocrine Society and the European Society for Paediatric Endocrinology","The birth of an intersex child prompts a long-term management strategy that involves myriad professionals working with the family. There has been progress in diagnosis, surgical techniques, understanding psychosocial issues, and recognizing and accepting the place of patient advocacy. The Lawson Wilkins Pediatric Endocrine Society and the European Society for Paediatric Endocrinology considered it timely to review the management of intersex disorders from a broad perspective, review data on longer-term outcome, and formulate proposals for future studies. The methodology comprised establishing a number of working groups, the membership of which was drawn from 50 international experts in the field. The groups prepared previous written responses to a defined set of questions resulting from evidence-based review of the literature. At a subsequent gathering of participants, a framework for a consensus document was agreed. This article constitutes its final form.
      
",http://pediatrics.aappublications.org/cgi/doi/10.1542/peds.2006-0738,2006,Pfizer,pharmaceutical company
Consensus Statement on Management of Intersex Disorders,Pediatrics,"Lee, P. A., Houk, C. P., Ahmed, S. F., Hughes, I. A., in collaboration with the participants in the International Consensus Conference on Intersex organized by the Lawson Wilkins Pediatric Endocrine Society and the European Society for Paediatric Endocrinology","The birth of an intersex child prompts a long-term management strategy that involves myriad professionals working with the family. There has been progress in diagnosis, surgical techniques, understanding psychosocial issues, and recognizing and accepting the place of patient advocacy. The Lawson Wilkins Pediatric Endocrine Society and the European Society for Paediatric Endocrinology considered it timely to review the management of intersex disorders from a broad perspective, review data on longer-term outcome, and formulate proposals for future studies. The methodology comprised establishing a number of working groups, the membership of which was drawn from 50 international experts in the field. The groups prepared previous written responses to a defined set of questions resulting from evidence-based review of the literature. At a subsequent gathering of participants, a framework for a consensus document was agreed. This article constitutes its final form.
      
",http://pediatrics.aappublications.org/cgi/doi/10.1542/peds.2006-0738,2006,Ferring Pharmaceuticals,pharmaceutical company
Consensus Statement on Management of Intersex Disorders,Pediatrics,"Lee, P. A., Houk, C. P., Ahmed, S. F., Hughes, I. A., in collaboration with the participants in the International Consensus Conference on Intersex organized by the Lawson Wilkins Pediatric Endocrine Society and the European Society for Paediatric Endocrinology","The birth of an intersex child prompts a long-term management strategy that involves myriad professionals working with the family. There has been progress in diagnosis, surgical techniques, understanding psychosocial issues, and recognizing and accepting the place of patient advocacy. The Lawson Wilkins Pediatric Endocrine Society and the European Society for Paediatric Endocrinology considered it timely to review the management of intersex disorders from a broad perspective, review data on longer-term outcome, and formulate proposals for future studies. The methodology comprised establishing a number of working groups, the membership of which was drawn from 50 international experts in the field. The groups prepared previous written responses to a defined set of questions resulting from evidence-based review of the literature. At a subsequent gathering of participants, a framework for a consensus document was agreed. This article constitutes its final form.
      
",http://pediatrics.aappublications.org/cgi/doi/10.1542/peds.2006-0738,2006,Novo Nordisk,pharmaceutical company
Consensus Statement on Management of Intersex Disorders,Pediatrics,"Lee, P. A., Houk, C. P., Ahmed, S. F., Hughes, I. A., in collaboration with the participants in the International Consensus Conference on Intersex organized by the Lawson Wilkins Pediatric Endocrine Society and the European Society for Paediatric Endocrinology","The birth of an intersex child prompts a long-term management strategy that involves myriad professionals working with the family. There has been progress in diagnosis, surgical techniques, understanding psychosocial issues, and recognizing and accepting the place of patient advocacy. The Lawson Wilkins Pediatric Endocrine Society and the European Society for Paediatric Endocrinology considered it timely to review the management of intersex disorders from a broad perspective, review data on longer-term outcome, and formulate proposals for future studies. The methodology comprised establishing a number of working groups, the membership of which was drawn from 50 international experts in the field. The groups prepared previous written responses to a defined set of questions resulting from evidence-based review of the literature. At a subsequent gathering of participants, a framework for a consensus document was agreed. This article constitutes its final form.
      
",http://pediatrics.aappublications.org/cgi/doi/10.1542/peds.2006-0738,2006,Organon,pharmaceutical company
Genetic and Environmental Influences on Sexual Orientation: Moderation by Childhood Gender Nonconformity and Early-Life Adversity,Archives of Sexual Behavior,"Oginni, O. A., Alanko, K., Jern, P., Rijsdijk, F. V.","Existing evidence indicates genetic and non-genetic influences on sexual orientation; however, the possibility of gene-environment interplay has not been previously formally tested despite theories indicating this. Using a Finnish twin cohort, this study investigated whether childhood gender nonconformity and early-life adversities independently moderated individual differences in sexual orientation and childhood gender nonconformity, the relationship between them, and the etiological bases of the proposed moderation effects. Sexual orientation, childhood gender nonconformity, and early-life adversities were assessed using standard questionnaires. Structural equation twin model fitting was carried out using OpenMx. Childhood gender nonconformity was significantly associated with reduced phenotypic variance in sexual orientation (β =  − 0.14, 95% CI − 0.27, − 0.01). A breakdown of the underlying influences of this moderation effect showed that this was mostly due to moderation of individual-specific environmental influences which significantly decreased as childhood gender nonconformity increased (βE =  − 0.38; 95% CI − 0.52, − 0.001) while additive genetic influences were not significantly moderated (βA = 0.05; 95% CI − 0.30, 0.27). We also observed that the relationship between sexual orientation and childhood gender nonconformity was stronger at higher levels of childhood gender nonconformity (β = 0.10, 95% CI 0.05, 0.14); however, significance of the underlying genetic and environmental influences on this relationship could not be established in this sample. The findings indicate that beyond a correlation of their genetic and individual-specific environmental influences, childhood gender nonconformity is further significantly associated with reduced individual-specific influences on sexual orientation.
      
",link.springer.com/10.1007/s10508-023-02761-w,2024,Stiftelsen fӧr Åbo Akademi Foundation,private foundation
Genetic and Environmental Influences on Sexual Orientation: Moderation by Childhood Gender Nonconformity and Early-Life Adversity,Archives of Sexual Behavior,"Oginni, O. A., Alanko, K., Jern, P., Rijsdijk, F. V.","Existing evidence indicates genetic and non-genetic influences on sexual orientation; however, the possibility of gene-environment interplay has not been previously formally tested despite theories indicating this. Using a Finnish twin cohort, this study investigated whether childhood gender nonconformity and early-life adversities independently moderated individual differences in sexual orientation and childhood gender nonconformity, the relationship between them, and the etiological bases of the proposed moderation effects. Sexual orientation, childhood gender nonconformity, and early-life adversities were assessed using standard questionnaires. Structural equation twin model fitting was carried out using OpenMx. Childhood gender nonconformity was significantly associated with reduced phenotypic variance in sexual orientation (β =  − 0.14, 95% CI − 0.27, − 0.01). A breakdown of the underlying influences of this moderation effect showed that this was mostly due to moderation of individual-specific environmental influences which significantly decreased as childhood gender nonconformity increased (βE =  − 0.38; 95% CI − 0.52, − 0.001) while additive genetic influences were not significantly moderated (βA = 0.05; 95% CI − 0.30, 0.27). We also observed that the relationship between sexual orientation and childhood gender nonconformity was stronger at higher levels of childhood gender nonconformity (β = 0.10, 95% CI 0.05, 0.14); however, significance of the underlying genetic and environmental influences on this relationship could not be established in this sample. The findings indicate that beyond a correlation of their genetic and individual-specific environmental influences, childhood gender nonconformity is further significantly associated with reduced individual-specific influences on sexual orientation.
      
",link.springer.com/10.1007/s10508-023-02761-w,2024,Academy of Finland,professional society
"Strength, power and aerobic capacity of transgender athletes: a cross-sectional study",British Journal of Sports Medicine,"Hamilton, B., Brown, A., Montagner-Moraes, S., Comeras-Chueca, C., Bush, P. G., Guppy, F. M., Pitsiladis, Y. P.","Objective. The primary objective of this cross-­sectional study was to compare standard laboratory performance metrics of transgender athletes to cisgender athletes.
Methods. 19 cisgender men (CM) (mean±SD, age: 37±9 years), 12 transgender men (TM) (age: 34±7 years), 23 transgender women (TW) (age: 34±10 years) and 21 cisgender women (CW) (age: 30±9 years) underwent a series of standard laboratory performance tests, including body composition, lung function, cardiopulmonary exercise testing, strength and lower body power. Haemoglobin concentration in capillary blood and testosterone and oestradiol in serum were also measured.
Results. In this cohort of athletes, TW had similar testosterone concentration (TW 0.7±0.5 nmol/L, CW 0.9±0.4 nmol/), higher oestrogen (TW 742.4±801.9 pmol/L, CW 336.0±266.3 pmol/L, p=0.045), higher absolute handgrip strength (TW 40.7±6.8 kg, CW 34.2±3.7 kg, p=0.01), lower forced expiratory volume in 1 s:forced vital capacity ratio (TW 0.83±0.07, CW 0.88±0.04, p=0.04), lower relative jump height (TW 0.7±0.2 cm/kg; CW 1.0±0.2 cm/kg, p<0.001) and lower relative V̇ O2max (TW 45.1±13.3 mL/kg/min/, CW 54.1±6.0 mL/kg/min, p<0.001) compared with CW athletes. TM had similar testosterone concentration (TM 20.5±5.8 nmol/L, CM 24.8±12.3 nmol/L), lower absolute hand grip strength (TM 38.8±7.5 kg, CM 45.7±6.9 kg, p=0.03) and lower absolute V̇ O2max (TM 3635±644 mL/ min, CM 4467±641 mL/min p=0.002) than CM.
Conclusion. While longitudinal transitioning studies of transgender athletes are urgently needed, these results should caution against precautionary bans and sport eligibility exclusions that are not based on sport-s­ pecific (or sport-r­elevant) research.
      
",bjsm.bmj.com/lookup/doi/10.1136/bjsports-2023-108029,2024,IOC,international sporting body
Epigenetic remodeling by sex hormone receptors and implications for gender affirming hormone therapy,Frontiers in Immunology,"Celestra, D., Nguyen, N. N. L., Laberthonniere, C., Pang, K. C., Saffery, R., Davey, R. A., Mhlanga, M., Cheung, A. S., Novakovic, B.","Sex differences in immune system development and response to pathogens has been well documented, with females exhibiting more favorable outcomes for certain infections but a higher incidence of autoimmune disease compared to males. At least some of these sex differences are mediated by sex hormones, which signal through sex hormone receptors to remodel the regulatory chromatin landscape of cells. Here, we summarize the current knowledge of how sex hormone receptors remodel chromatin structure and epigenetic marks in different contexts in humans. As the epigenome is fundamental to specifying cell identity and function, and reflects past exposures, epigenetic variation can influence cellular responses to future stimuli. This has implications for susceptibility to infection and complex inflammatory disease in a range of hormone therapy settings, including gender-affirming hormone therapy in transgender people. Therefore, profiling of epigenetic marks in the context of gender-affirming hormone therapy is an important unexplored field of research.
      
",www.frontiersin.org/journals/immunology/articles/10.3389/fimmu.2025.1501959/full,2025,NHMRC,state-sponsored research institute
Epigenetic remodeling by sex hormone receptors and implications for gender affirming hormone therapy,Frontiers in Immunology,"Celestra, D., Nguyen, N. N. L., Laberthonniere, C., Pang, K. C., Saffery, R., Davey, R. A., Mhlanga, M., Cheung, A. S., Novakovic, B.","Sex differences in immune system development and response to pathogens has been well documented, with females exhibiting more favorable outcomes for certain infections but a higher incidence of autoimmune disease compared to males. At least some of these sex differences are mediated by sex hormones, which signal through sex hormone receptors to remodel the regulatory chromatin landscape of cells. Here, we summarize the current knowledge of how sex hormone receptors remodel chromatin structure and epigenetic marks in different contexts in humans. As the epigenome is fundamental to specifying cell identity and function, and reflects past exposures, epigenetic variation can influence cellular responses to future stimuli. This has implications for susceptibility to infection and complex inflammatory disease in a range of hormone therapy settings, including gender-affirming hormone therapy in transgender people. Therefore, profiling of epigenetic marks in the context of gender-affirming hormone therapy is an important unexplored field of research.
      
",www.frontiersin.org/journals/immunology/articles/10.3389/fimmu.2025.1501959/full,2025,Paul G. Allen Family Foundation,private foundation
Immune dynamics throughout life in relation to sex hormones and perspectives gained from gender-affirming hormone therapy,Frontiers in Immunology,"Yalcinkaya, A., Yalcinkaya, R., Sardh, F., Landegren, N.","Biological sex is closely associated with the properties and extent of the immune response, with males and females showing different susceptibilities to diseases and variations in immunity. Androgens, predominantly in males, generally suppress immune responses, while estrogens, more abundant in females, tend to enhance immunity. It is also established that sex hormones at least partially explain sex biases in different diseases, particularly autoimmune diseases in females. These differences are influenced by hormonal, genetic, and environmental factors, and vary throughout life stages. The advent of gender-affirming hormone therapy offers a novel opportunity to study the immunological effects of sex hormones. Despite the limited studies on this topic, available research has revealed that testosterone therapy in transgender men may suppress certain immune functions, such as type I interferon responses, while increasing inflammation markers like TNF-α. Transgender women on estrogen therapy also experience alterations in coagulation-related and inflammatory characteristics. Furthermore, other possible alterations in immune regulation can be inferred from the assessment of inflammatory and autoimmune markers in transgender individuals receiving hormone therapy. Understanding the complex interactions between sex hormones and the immune system, particularly through the unique perspective offered by gender-affirming hormone therapies, may facilitate the development of targeted therapies for infections and autoimmune diseases while also improving healthcare outcomes for transgender individuals. Here we review immune dynamics throughout life in both sexes and provide a summary of novel findings drawn from studies exploring gender-affirming hormone therapy.
      
",www.frontiersin.org/journals/immunology/articles/10.3389/fimmu.2024.1501364/full,2025,Knut and Alice Wallenberg Foundation,private foundation
Immune dynamics throughout life in relation to sex hormones and perspectives gained from gender-affirming hormone therapy,Frontiers in Immunology,"Yalcinkaya, A., Yalcinkaya, R., Sardh, F., Landegren, N.","Biological sex is closely associated with the properties and extent of the immune response, with males and females showing different susceptibilities to diseases and variations in immunity. Androgens, predominantly in males, generally suppress immune responses, while estrogens, more abundant in females, tend to enhance immunity. It is also established that sex hormones at least partially explain sex biases in different diseases, particularly autoimmune diseases in females. These differences are influenced by hormonal, genetic, and environmental factors, and vary throughout life stages. The advent of gender-affirming hormone therapy offers a novel opportunity to study the immunological effects of sex hormones. Despite the limited studies on this topic, available research has revealed that testosterone therapy in transgender men may suppress certain immune functions, such as type I interferon responses, while increasing inflammation markers like TNF-α. Transgender women on estrogen therapy also experience alterations in coagulation-related and inflammatory characteristics. Furthermore, other possible alterations in immune regulation can be inferred from the assessment of inflammatory and autoimmune markers in transgender individuals receiving hormone therapy. Understanding the complex interactions between sex hormones and the immune system, particularly through the unique perspective offered by gender-affirming hormone therapies, may facilitate the development of targeted therapies for infections and autoimmune diseases while also improving healthcare outcomes for transgender individuals. Here we review immune dynamics throughout life in both sexes and provide a summary of novel findings drawn from studies exploring gender-affirming hormone therapy.
      
",www.frontiersin.org/journals/immunology/articles/10.3389/fimmu.2024.1501364/full,2025,ERC,state-sponsored research institute
Clinical guidelines for children and adolescents experiencing gender dysphoria or incongruence: a systematic review of guideline quality (part 1),Archives of Disease in Childhood,"Taylor, J., Hall, R., Heathcote, C., Hewitt, C. E., Langton, T., Fraser, L.","Background: Increasing numbers of children and adolescents experiencing gender dysphoria/incongruence are being referred to specialist gender services. There are various guidelines outlining approaches to the clinical care of these children and adolescents. Aim  To examine the quality and development of published guidelines or clinical guidance containing recommendations for managing gender dysphoria/ incongruence in children and/or adolescents (age 0-­18). A separate paper reports the synthesis of guideline recommendations.
Methods: A systematic review and narrative synthesis. Databases (Medline, Embase, CINAHL, PsycINFO, Web of Science) were searched to April 2022 and web-­ based searches and contact with international experts continued to December 2022, with results assessed independently by two reviewers. The Appraisal of Guidelines for Research and Evaluation tool was used to examine guideline quality.
Results: Twenty-­three guidelines/clinical guidance publications (1998–2022) were identified (4 international, 3 regional and 16 national). The quality and methods reporting in these varied considerably. Few guidelines systematically reviewed empirical evidence, and links between evidence and recommendations were often unclear. Although most consulted with relevant stakeholders, including 10 which involved service users or user representatives, it was often unclear how this influenced recommendations and only two reported including children/adolescents and/or parents. Guidelines also lacked clarity about implementation. Two international guidelines (World Professional Association for Transgender Health and Endocrine Society) formed the basis for most other guidance, influencing their development and recommendations.
Conclusions: Most clinical guidance for managing children/adolescents experiencing gender dysphoria/ incongruence lacks an independent and evidence-­based approach and information about how recommendations were developed. This should be considered when using these to inform service development and clinical practice. PROSPERO registration number  CRD42021289659.
      
",adc.bmj.com/lookup/doi/10.1136/archdischild-2023-326499,2024,NHS,state-sponsored research institute
Care pathways of children and adolescents referred to specialist gender services: a systematic review,Archives of Disease in Childhood,"Taylor, J., Hall, R., Langton, T., Fraser, L., Hewitt, C. E.","Background: Increasing numbers of children and adolescents experiencing gender dysphoria/incongruence are being referred to specialist gender services. However, little is currently known about the proportions accessing different types of care and treatment following referral.
Aim: This systematic review examines the range of care pathways of children/adolescents (under 18) referred to specialist gender or endocrinology services.
Methods: Database searches were performed (April 2022), with results assessed independently by two reviewers. Peer-reviewed articles providing data for numbers of children and/or adolescents at referral/assessment and their treatment pathways were included. A narrative approach to synthesis was used and where appropriate proportions were combined in a random-effects meta-analysis.
Results 23 studies across nine countries were included, representing 6133 children and/or adolescents with a median age at assessment of 14–16 and overall a higher percentage of birth-registered females. Of those assessed, 36% (95% CI 27% to 45%) received puberty suppression, 51% (95% CI 40% to 62%) received masculinising or feminising hormones, 68% (95% CI 57% to 77%) received puberty suppression and/or hormones and 16% (95% CI 10% to 24%) received surgery. No study systematically reported information about the full pathway or psychological care received by children/adolescents. Follow-up in many studies was insufficient or unclear. Reasons for discontinuation were rarely provided.
Conclusions: Prospective studies with long-term follow-up reporting information about the full range of pathways are needed to understand what happens to children and adolescents referred to specialist gender services. Information about provision of psychological care is needed considering high rates of psychosocial difficulties in this population.PROSPERO registration number CRD42021289659.
      
",adc.bmj.com/content/early/2024/04/09/archdischild-2023-326760,2024,NHS,state-sponsored research institute
Clinical guidelines for children and adolescents experiencing gender dysphoria or incongruence: a systematic review of recommendations (part 2),Archives of Disease in Childhood,"Taylor, J., Hall, R., Heathcote, C., Hewitt, C. E., Langton, T., Fraser, L.","Background: Increasing numbers of children and adolescents experiencing gender dysphoria/incongruence are being referred to specialist gender services and there are various published guidelines outlining approaches to clinical care.
Aim: To examine the recommendations about the management of children and/or adolescents (age 0-­18) experiencing gender dysphoria/incongruence in published guidelines or clinical guidance. A separate paper examines the quality and development of guidelines.
Methods: A systematic review and narrative synthesis. Databases (Medline, Embase, CINAHL, PsycINFO, Web of Science) were searched to April 2022 and web-­ based searches and contact with international experts continued to December 2022, with results assessed independently by two reviewers. The Appraisal of Guidelines for Research and Evaluation tool was used to examine guideline quality.
Results: 23 guidelines/clinical guidance publications (1998–2022) were identified (4 international, 3 regional, 16 national). Guidelines describe a similar care pathway starting with psychosocial care for prepubertal children, puberty suppressants followed by hormones for eligible adolescents and surgical interventions as these adolescents enter adulthood. In general, there is consensus that adolescents should receive a multidisciplinary assessment, although clear guidance about the purpose or approach is lacking. There are differing recommendations about when and on what basis psychological and medical interventions should be offered. There is limited guidance about what psychological care should be provided, about the management of prepubertal children or those with a non-­binary gender identity, nor about pathways between specialist gender services and other providers.
Conclusions: Published guidance describes a similar care pathway; however, there is no current consensus about the purpose and process of assessment for children or adolescents with gender dysphoria/ incongruence, or about when psychological or hormonal interventions should be offered and on what basis. PROSPERO registration number CRD42021289659.
      
",adc.bmj.com/lookup/doi/10.1136/archdischild-2023-326500,2024,NHS,state-sponsored research institute
Characteristics of children and adolescents referred to specialist gender services: a systematic review,Archives of Disease in Childhood,"Taylor, J., Hall, R., Langton, T., Fraser, L., Hewitt, C. E.","Background: Increasing numbers of children/ adolescents experiencing gender dysphoria/incongruence are being referred to specialist gender services. Services and practice guidelines are responding to these changes. Aim  This systematic review examines the numbers and characteristics of children/adolescents (under 18) referred to specialist gender or endocrinology services.
Methods: Database searches were performed (April 2022), with results assessed independently by two reviewers. Peer-­reviewed articles providing at least birth-­registered sex or age at referral were included. Demographic, gender-­related, mental health, neurodevelopmental conditions and adverse childhood experience data were extracted. A narrative approach to synthesis was used and where appropriate proportions were combined in a meta-­analysis.
Results: 143 studies from 131 articles across 17 countries were included. There was a twofold to threefold increase in the number of referrals and a steady increase in birth-­registered females being referred. There is inconsistent collection and reporting of key data across many of the studies. Approximately 60% of children/ adolescents referred to services had made steps to present themselves in their preferred gender. Just under 50% of studies reported data on depression and/or anxiety and under 20% reported data on other mental health issues and neurodevelopmental conditions. Changes in the characteristics of referrals over time were generally not reported.
Conclusions: Services need to capture, assess and respond to the potentially co-­occurring complexities of children/adolescents being referred to specialist gender and endocrine services. Agreement on the core characteristics for collection at referral/assessment would help to ensure services are capturing data as well as developing pathways to meet the needs of these children. PROSPERO registration number CRD42021289659.
      
",adc.bmj.com/lookup/doi/10.1136/archdischild-2023-326681,2024,NHS,state-sponsored research institute
Elaboration of some points in “The association of gender dysphoria with psychosis”,Psychiatry Research,"Cohn, J.","Dear Editor, 
Further elaboration is possible for several points touched upon by Thoman and DeLisi (2023) in The association of gender dysphoria with psychosis, including searches for biological indicators of gender dysphoria and what is known about medical treatment outcomes. The etiology of gender dysphoria is poorly understood. Efforts have been made to find biological contributions or indicators. Thoman and DeLisi (2023) point out twin studies give conflicting results, and even if the twin studies produced consistent correlations, they are too small to be deterministic (Levine et al., 2022). Directly examining the brain has not produced indicators either: “brain studies of increasing technical sophistication have yet to demonstrate a distinct structure or pattern that accounts for an atypical gender identity, after statistically controlling for sexual orientation and exposure to exogenous hormones” (Levine et al., 2022, p. 710). There is currently no biological test to distinguish if a person has gender dysphoria (Cohn, 2022; Levine et al., 2022). As many different presentations and pathways for gender dysphoria are observed (Cass Review, 2022, p. 57), many of which correspond to transient gender dysphoria, a general genetic or biological marker for gender dysphoria might not be expected. Those with transient gender dysphoria include the majority of cases of pre-pubertal children in studies, if not socially or medically transitioned (Ristori and Steensma, 2016; Singh et al., 2021), as well as some cases (into adolescence and beyond) related to comorbidities involving, e.g., trauma, autism spectrum disorders, obsessive compulsive disorders, and/or internalized homophobia (Bockting et al., 2006; Churcher-Clarke and Spiliadis, 2019; Parkinson, 2014).
      
",linkinghub.elsevier.com/retrieve/pii/S0165178123002147,2023,SEGM,anti-trans organization
Pubertal timing predicts adult psychosexuality: Evidence from typically developing adults and adults with isolated GnRH deficiency,Psychoneuroendocrinology,"Shirazi, T. N., Self, H., Dawood, K., Cárdenas, R., Welling, L. L., Rosenfield, K. A., Ortiz, T. L., Carré, J. M., Balasubramanian, R., …, Puts, D. A.","Evidence suggests that psychosexuality in humans is modulated by both organizational effects of prenatal and peripubertal sex steroid hormones, and by activational effects of circulating hormones in adulthood. Experimental work in male rodents indicates that sensitivity to androgen-driven organization of sexual motivation decreases across the pubertal window, such that earlier puberty leads to greater sex-typicality. We test this hypothesis in typically developing men (n = 231) and women (n = 648), and in men (n = 72) and women (n = 32) with isolated GnRH deficiency (IGD), in whom the precise timing of peripubertal hormone exposure can be ascertained via the age at which hormone replacement therapy (HRT) was initiated. Psychosexuality was measured with the Sexual Desire Inventory-2 (SDI-2) and Sociosexual Orientation Inventory-Revised (SOI-R). In both sexes, earlier recalled absolute pubertal timing predicted higher psychosexuality in adulthood, although the magnitude of these associations varied with psychosexuality type and group (i.e., typically developing and IGD). Results were robust when controlling for circulating steroid hormones in typically developing participants. Age of initiation of HRT in men with IGD negatively predicted SOI-R. We discuss the clinical implications of our findings for conditions in which pubertal timing is medically altered.
      
",linkinghub.elsevier.com/retrieve/pii/S0306453020301529,2020,NSF,state-sponsored research institute
Pubertal timing predicts adult psychosexuality: Evidence from typically developing adults and adults with isolated GnRH deficiency,Psychoneuroendocrinology,"Shirazi, T. N., Self, H., Dawood, K., Cárdenas, R., Welling, L. L., Rosenfield, K. A., Ortiz, T. L., Carré, J. M., Balasubramanian, R., …, Puts, D. A.","Evidence suggests that psychosexuality in humans is modulated by both organizational effects of prenatal and peripubertal sex steroid hormones, and by activational effects of circulating hormones in adulthood. Experimental work in male rodents indicates that sensitivity to androgen-driven organization of sexual motivation decreases across the pubertal window, such that earlier puberty leads to greater sex-typicality. We test this hypothesis in typically developing men (n = 231) and women (n = 648), and in men (n = 72) and women (n = 32) with isolated GnRH deficiency (IGD), in whom the precise timing of peripubertal hormone exposure can be ascertained via the age at which hormone replacement therapy (HRT) was initiated. Psychosexuality was measured with the Sexual Desire Inventory-2 (SDI-2) and Sociosexual Orientation Inventory-Revised (SOI-R). In both sexes, earlier recalled absolute pubertal timing predicted higher psychosexuality in adulthood, although the magnitude of these associations varied with psychosexuality type and group (i.e., typically developing and IGD). Results were robust when controlling for circulating steroid hormones in typically developing participants. Age of initiation of HRT in men with IGD negatively predicted SOI-R. We discuss the clinical implications of our findings for conditions in which pubertal timing is medically altered.
      
",linkinghub.elsevier.com/retrieve/pii/S0306453020301529,2020,American Institute of Bisexuality,queer organization
Spatial memory is impaired by peripubertal GnRH agonist treatment and testosterone replacement in sheep,Psychoneuroendocrinology,"Hough, D., Bellingham, M., Haraldsen, I., McLaughlin, M., Rennie, M., Robinson, J., Solbakk, A., Evans, N.","Chronic gonadotropin-releasing hormone agonist (GnRHa) is used therapeutically to block activity within the reproductive axis through down-regulation of GnRH receptors within the pituitary gland. GnRH receptors are also expressed in non-reproductive tissues, including areas of the brain such as the hippocampus and amygdala. The impact of long-term GnRHa-treatment on hippocampus-dependent cognitive functions, such as spatial orientation, learning and memory, is not well studied, particularly when treatment encompasses a critical window of development such as puberty. The current study used an ovine model to assess spatial maze performance and memory of rams that were untreated (Controls), had both GnRH and testosterone signaling blocked (GnRHa-treated), or specifically had GnRH signaling blocked (GnRHa-treated with testosterone replacement) during the peripubertal period (8, 27 and 41 weeks of age). The results demonstrate that emotional reactivity during spatial tasks was compromised by the blockade of gonadal steroid signaling, as seen by the restorative effects of testosterone replacement, while traverse times remained unchanged during assessment of spatial orientation and learning. The blockade of GnRH signaling alone was associated with impaired retention of long-term spatial memory and this effect was not restored with the replacement of testosterone signaling. These results indicate that GnRH signaling is involved in the retention and recollection of spatial information, potentially via alterations to spatial reference memory, and that therapeutic medical treatments using chronic GnRHa may have effects on this aspect of cognitive function.
      
",www.sciencedirect.com/science/article/pii/S0306453016305595,2017,BBSRC,state-sponsored research institute
